name,frames,canvas,postureClass,measurementMethod,status,outfit,facing,originalComparison,medianFaceProxyWidth,medianFaceProxyHeight,faceProxyCoverage,medianTorsoScanWidthAt20,torsoScanCoverage,alphaHeightRange,alphaWidthRange,bottomClearanceRange,note
keeper_anti_gravity,12,"[49, 48]",body-axis,head unit plus articulated skull-hip-sole chain measured along the body axis,corrected,standard,right-prone,"{""reference"": ""keeper_walk"", ""revision"": ""2026-10-10-user-visual-size-v3"", ""type"": ""articulated-landmark-at-fixed-scale"", ""verdict"": ""fixed-scale-visual-pass"", ""silhouetteHeightRatio"": null, ""torsoScanDifference"": null, ""visualReviewDate"": ""2026-10-10"", ""visualReviewBasis"": ""same-size original reference printed beside representative frames; skull/head unit, shoulder-to-hip core width and supporting contacts reviewed"", ""warnings"": [], ""reviewScale"": null}",6.0,6.0,12/12,,0/12,"[21.75, 39.0]","[22.0, 46.0]","[4.5, 13.5]",extended with four calm face-down float frames before the centred back flip; comparison-only rotation was not baked
keeper_aquarium_brush,8,"[49, 49]",upright,"inferred skull top to supporting sole; headwear, raised limbs and props excluded",measured-pass,standard,right,"{""reference"": ""keeper_walk"", ""revision"": ""2026-10-10-user-visual-size-v3"", ""type"": ""user-reviewed-visual-sizing"", ""verdict"": ""user-visual-size-authority"", ""silhouetteHeightRatio"": null, ""torsoScanDifference"": null, ""visualReviewDate"": ""2026-10-10"", ""visualReviewBasis"": ""Frank's saved visual sizing is authoritative: 122.5% width / 121% height"", ""warnings"": [], ""reviewScale"": [122.5, 121]}",9.75,6.25,8/8,14.12,8/8,"[35.25, 46.25]","[22.25, 31.5]","[0.5, 0.5]",measured against the canonical anatomy for its pose class
keeper_aquarium_net,8,"[44, 42]",upright,"inferred skull top to supporting sole; headwear, raised limbs and props excluded",measured-pass,standard,right,"{""reference"": ""keeper_walk"", ""revision"": ""2026-10-10-user-visual-size-v3"", ""type"": ""user-reviewed-visual-sizing"", ""verdict"": ""user-visual-size-authority"", ""silhouetteHeightRatio"": null, ""torsoScanDifference"": null, ""visualReviewDate"": ""2026-10-10"", ""visualReviewBasis"": ""Frank's saved visual sizing is authoritative: 109.5% width / 103.5% height"", ""warnings"": [], ""reviewScale"": [109.5, 103.5]}",9.25,6.0,8/8,13.5,8/8,"[26.75, 39.5]","[23.25, 30.0]","[0.5, 0.5]",measured against the canonical anatomy for its pose class
keeper_artist_smock_sit_front,6,"[34, 40]",seated,head unit plus articulated shoulder-hip-sole chain; compressed silhouette height is never used as scale,corrected,artist-smock,front,"{""reference"": ""keeper_walk"", ""revision"": ""2026-10-10-user-visual-size-v3"", ""type"": ""user-reviewed-visual-sizing"", ""verdict"": ""user-visual-size-authority"", ""silhouetteHeightRatio"": null, ""torsoScanDifference"": null, ""visualReviewDate"": ""2026-10-10"", ""visualReviewBasis"": ""Frank's saved visual sizing is authoritative: 105% width / 96.5% height"", ""warnings"": [], ""reviewScale"": [105, 96.5]}",9.75,5.5,6/6,,0/6,"[31.75, 36.5]","[18.75, 20.5]","[0.5, 0.5]",new matching-outfit front stand-to-sit transition with the canonical seat datum
keeper_artist_smock_turn_back,6,"[32, 40]",upright,"inferred skull top to supporting sole; headwear, raised limbs and props excluded",corrected,artist-smock,right-to-back,"{""reference"": ""keeper_walk"", ""revision"": ""2026-10-10-user-visual-size-v3"", ""type"": ""user-reviewed-visual-sizing"", ""verdict"": ""user-visual-size-authority"", ""silhouetteHeightRatio"": null, ""torsoScanDifference"": null, ""visualReviewDate"": ""2026-10-10"", ""visualReviewBasis"": ""Frank's saved visual sizing is authoritative: 91% width / 97.5% height"", ""warnings"": [], ""reviewScale"": [91, 97.5]}",8.75,6.25,6/6,14.25,6/6,"[37.0, 37.0]","[17.0, 20.0]","[0.5, 0.5]",new matching-outfit side-to-rear transition for activity routing
keeper_artist_smock_turn_front,6,"[32, 40]",upright,"inferred skull top to supporting sole; headwear, raised limbs and props excluded",corrected,artist-smock,right-to-front,"{""reference"": ""keeper_walk"", ""revision"": ""2026-10-10-user-visual-size-v3"", ""type"": ""user-reviewed-visual-sizing"", ""verdict"": ""user-visual-size-authority"", ""silhouetteHeightRatio"": null, ""torsoScanDifference"": null, ""visualReviewDate"": ""2026-10-10"", ""visualReviewBasis"": ""Frank's saved visual sizing is authoritative: 93% width / 96% height"", ""warnings"": [], ""reviewScale"": [93, 96]}",10.0,6.75,6/6,14.38,6/6,"[36.5, 36.5]","[14.75, 20.25]","[0.5, 0.5]",new matching-outfit side-to-front transition for activity routing
keeper_artist_smock_walk,8,"[34, 40]",upright,"inferred skull top to supporting sole; headwear, raised limbs and props excluded",corrected,artist-smock,right,"{""reference"": ""keeper_walk"", ""revision"": ""2026-10-10-user-visual-size-v3"", ""type"": ""user-reviewed-visual-sizing"", ""verdict"": ""user-visual-size-authority"", ""silhouetteHeightRatio"": 0.987, ""torsoScanDifference"": 0.25, ""visualReviewDate"": ""2026-10-10"", ""visualReviewBasis"": ""Frank's saved visual sizing is authoritative: 100% width / 98.5% height"", ""warnings"": [], ""reviewScale"": [100, 98.5]}",11.25,8.12,8/8,14.0,8/8,"[36.0, 37.5]","[17.25, 24.25]","[0.5, 0.5]",new artist-smock locomotion family; every pose is independently height-matched to the corresponding canonical walk frame after frame 4 was identified as undersized in the generated source
keeper_back_arm_l,1,"[32, 40]",technical-rejected,articulated landmark chain,excluded-technical,standard,,"{""reference"": ""keeper_walk"", ""revision"": ""2026-10-10-user-visual-size-v3"", ""type"": ""excluded-technical"", ""verdict"": ""excluded"", ""warnings"": []}",3.25,3.25,1/1,,0/1,"[14.25, 14.25]","[5.75, 5.75]","[9.75, 9.75]",measured against the canonical anatomy for its pose class
keeper_back_arm_r,1,"[32, 40]",technical-rejected,articulated landmark chain,excluded-technical,standard,,"{""reference"": ""keeper_walk"", ""revision"": ""2026-10-10-user-visual-size-v3"", ""type"": ""excluded-technical"", ""verdict"": ""excluded"", ""warnings"": []}",3.25,3.25,1/1,,0/1,"[14.25, 14.25]","[5.75, 5.75]","[9.75, 9.75]",measured against the canonical anatomy for its pose class
keeper_back_head,1,"[32, 40]",technical-rejected,articulated landmark chain,excluded-technical,standard,,"{""reference"": ""keeper_walk"", ""revision"": ""2026-10-10-user-visual-size-v3"", ""type"": ""excluded-technical"", ""verdict"": ""excluded"", ""warnings"": []}",12.75,1.75,1/1,,0/1,"[16.25, 16.25]","[18.25, 18.25]","[22.75, 22.75]",measured against the canonical anatomy for its pose class
keeper_back_leg_l,1,"[32, 40]",technical-rejected,articulated landmark chain,excluded-technical,standard,,"{""reference"": ""keeper_walk"", ""revision"": ""2026-10-10-user-visual-size-v3"", ""type"": ""excluded-technical"", ""verdict"": ""excluded"", ""warnings"": []}",,,0/1,,0/1,"[14.25, 14.25]","[7.0, 7.0]","[0.75, 0.75]",measured against the canonical anatomy for its pose class
keeper_back_leg_r,1,"[32, 40]",technical-rejected,articulated landmark chain,excluded-technical,standard,,"{""reference"": ""keeper_walk"", ""revision"": ""2026-10-10-user-visual-size-v3"", ""type"": ""excluded-technical"", ""verdict"": ""excluded"", ""warnings"": []}",,,0/1,,0/1,"[14.25, 14.25]","[7.5, 7.5]","[0.75, 0.75]",measured against the canonical anatomy for its pose class
keeper_back_torso,1,"[32, 40]",technical-rejected,articulated landmark chain,excluded-technical,standard,,"{""reference"": ""keeper_walk"", ""revision"": ""2026-10-10-user-visual-size-v3"", ""type"": ""excluded-technical"", ""verdict"": ""excluded"", ""warnings"": []}",,,0/1,,0/1,"[12.25, 12.25]","[20.75, 20.75]","[12.75, 12.75]",measured against the canonical anatomy for its pose class
keeper_bath_enter,8,"[47, 40]",transition,articulated landmark chain,measured-pass,towel-privacy,right,"{""reference"": ""keeper_walk"", ""revision"": ""2026-10-10-user-visual-size-v3"", ""type"": ""user-reviewed-visual-sizing"", ""verdict"": ""user-visual-size-authority"", ""silhouetteHeightRatio"": null, ""torsoScanDifference"": null, ""visualReviewDate"": ""2026-10-10"", ""visualReviewBasis"": ""Frank's saved visual sizing is authoritative: 115.5% width / 88.5% height"", ""warnings"": [], ""reviewScale"": [115.5, 88.5]}",10.88,12.5,8/8,,0/8,"[28.25, 33.75]","[16.0, 22.75]","[0.5, 0.5]",measured against the canonical anatomy for its pose class
keeper_bath_exit,8,"[46, 40]",transition,articulated landmark chain,measured-pass,towel-privacy,right,"{""reference"": ""keeper_walk"", ""revision"": ""2026-10-10-user-visual-size-v3"", ""type"": ""user-reviewed-visual-sizing"", ""verdict"": ""user-visual-size-authority"", ""silhouetteHeightRatio"": null, ""torsoScanDifference"": null, ""visualReviewDate"": ""2026-10-10"", ""visualReviewBasis"": ""Frank's saved visual sizing is authoritative: 114% width / 88% height"", ""warnings"": [], ""reviewScale"": [114, 88]}",13.12,11.88,8/8,,0/8,"[25.75, 33.5]","[16.5, 24.5]","[0.5, 0.5]",measured against the canonical anatomy for its pose class
keeper_bath_wash,8,"[40, 40]",seated,head unit plus articulated shoulder-hip-sole chain; compressed silhouette height is never used as scale,corrected,mosaic-privacy,front,"{""reference"": ""keeper_walk"", ""revision"": ""2026-10-10-user-visual-size-v3"", ""type"": ""user-reviewed-visual-sizing"", ""verdict"": ""user-visual-size-authority"", ""silhouetteHeightRatio"": null, ""torsoScanDifference"": null, ""visualReviewDate"": ""2026-10-10"", ""visualReviewBasis"": ""Frank's saved visual sizing is authoritative: 83% width / 90.5% height"", ""warnings"": [], ""reviewScale"": [83, 90.5]}",13.12,8.88,8/8,,0/8,"[30.75, 31.0]","[15.25, 18.75]","[0.5, 0.5]",redrawn and normalised from the standing bare-headed and seated canonical landmarks
keeper_bathrobe_walk,8,"[32, 40]",upright,"inferred skull top to supporting sole; headwear, raised limbs and props excluded",measured-pass,cream-bathrobe,right,"{""reference"": ""keeper_walk"", ""revision"": ""2026-10-10-user-visual-size-v3"", ""type"": ""user-reviewed-visual-sizing"", ""verdict"": ""user-visual-size-authority"", ""silhouetteHeightRatio"": 0.928, ""torsoScanDifference"": -1.0, ""visualReviewDate"": ""2026-10-10"", ""visualReviewBasis"": ""Frank's saved visual sizing is authoritative: 100% width / 93% height"", ""warnings"": [], ""reviewScale"": [100, 93]}",10.25,9.88,8/8,12.75,8/8,"[35.0, 35.25]","[16.0, 22.0]","[0.5, 0.5]",measured against the canonical anatomy for its pose class
keeper_bbq_back,8,"[34, 40]",upright,"inferred skull top to supporting sole; headwear, raised limbs and props excluded",measured-pass,standard,back,"{""reference"": ""keeper_walk"", ""revision"": ""2026-10-10-user-visual-size-v3"", ""type"": ""user-reviewed-visual-sizing"", ""verdict"": ""user-visual-size-authority"", ""silhouetteHeightRatio"": null, ""torsoScanDifference"": null, ""visualReviewDate"": ""2026-10-10"", ""visualReviewBasis"": ""Frank's saved visual sizing is authoritative: 106.5% width / 99.5% height"", ""warnings"": [], ""reviewScale"": [106.5, 99.5]}",2.25,2.5,8/8,20.0,8/8,"[37.75, 37.75]","[20.0, 23.25]","[0.5, 0.5]",measured against the canonical anatomy for its pose class
keeper_boat_enter,8,"[50, 48]",seated,head unit plus articulated shoulder-hip-sole chain; compressed silhouette height is never used as scale,measured-pass,standard,right,"{""reference"": ""keeper_walk"", ""revision"": ""2026-10-10-user-visual-size-v3"", ""type"": ""user-reviewed-visual-sizing"", ""verdict"": ""user-visual-size-authority"", ""silhouetteHeightRatio"": null, ""torsoScanDifference"": null, ""visualReviewDate"": ""2026-10-10"", ""visualReviewBasis"": ""Frank's saved visual sizing is authoritative: 104% width / 97% height"", ""warnings"": [], ""reviewScale"": [104, 97]}",10.5,6.12,8/8,,0/8,"[33.25, 38.0]","[21.25, 24.75]","[0.5, 0.5]",measured against the canonical anatomy for its pose class
keeper_boat_exit,8,"[50, 48]",seated,head unit plus articulated shoulder-hip-sole chain; compressed silhouette height is never used as scale,measured-pass,standard,front-right,"{""reference"": ""keeper_walk"", ""revision"": ""2026-10-10-user-visual-size-v3"", ""type"": ""user-reviewed-visual-sizing"", ""verdict"": ""user-visual-size-authority"", ""silhouetteHeightRatio"": null, ""torsoScanDifference"": null, ""visualReviewDate"": ""2026-10-10"", ""visualReviewBasis"": ""Frank's saved visual sizing is authoritative: 104% width / 96.5% height"", ""warnings"": [], ""reviewScale"": [104, 96.5]}",10.0,6.25,8/8,,0/8,"[31.25, 36.5]","[20.5, 25.25]","[0.5, 0.5]",measured against the canonical anatomy for its pose class
keeper_bored,8,"[32, 40]",upright,"inferred skull top to supporting sole; headwear, raised limbs and props excluded",measured-pass,standard,front,"{""reference"": ""keeper_walk"", ""revision"": ""2026-10-10-user-visual-size-v3"", ""type"": ""articulated-landmark-at-fixed-scale"", ""verdict"": ""fixed-scale-visual-pass"", ""silhouetteHeightRatio"": null, ""torsoScanDifference"": null, ""visualReviewDate"": ""2026-10-10"", ""visualReviewBasis"": ""same-size original reference printed beside representative frames; skull/head unit, shoulder-to-hip core width and supporting contacts reviewed"", ""warnings"": [], ""reviewScale"": null}",13.75,6.5,8/8,18.12,8/8,"[38.0, 38.0]","[20.0, 20.25]","[0.5, 0.5]",measured against the canonical anatomy for its pose class
keeper_bowling,8,"[52, 41]",upright,"inferred skull top to supporting sole; headwear, raised limbs and props excluded",measured-pass,standard,right,"{""reference"": ""keeper_walk"", ""revision"": ""2026-10-10-user-visual-size-v3"", ""type"": ""user-reviewed-visual-sizing"", ""verdict"": ""user-visual-size-authority"", ""silhouetteHeightRatio"": null, ""torsoScanDifference"": null, ""visualReviewDate"": ""2026-10-10"", ""visualReviewBasis"": ""Frank's saved visual sizing is authoritative: 107.5% width / 101.5% height"", ""warnings"": [], ""reviewScale"": [107.5, 101.5]}",9.5,5.5,8/8,19.25,8/8,"[32.0, 38.5]","[20.75, 34.5]","[0.5, 0.5]",measured against the canonical anatomy for its pose class
keeper_brush_teeth_back,8,"[32, 40]",upright,"inferred skull top to supporting sole; headwear, raised limbs and props excluded",measured-pass,standard,,"{""reference"": ""keeper_walk"", ""revision"": ""2026-10-10-user-visual-size-v3"", ""type"": ""articulated-landmark-at-fixed-scale"", ""verdict"": ""fixed-scale-visual-pass"", ""silhouetteHeightRatio"": null, ""torsoScanDifference"": null, ""visualReviewDate"": ""2026-10-10"", ""visualReviewBasis"": ""same-size original reference printed beside representative frames; skull/head unit, shoulder-to-hip core width and supporting contacts reviewed"", ""warnings"": [], ""reviewScale"": null}",2.0,3.5,8/8,19.38,8/8,"[38.0, 38.0]","[19.0, 20.5]","[0.5, 0.5]",measured against the canonical anatomy for its pose class
keeper_cake_from_oven_back,8,"[54, 40]",upright,"inferred skull top to supporting sole; headwear, raised limbs and props excluded",measured-pass,standard,back,"{""reference"": ""keeper_walk"", ""revision"": ""2026-10-10-user-visual-size-v3"", ""type"": ""user-reviewed-visual-sizing"", ""verdict"": ""user-visual-size-authority"", ""silhouetteHeightRatio"": null, ""torsoScanDifference"": null, ""visualReviewDate"": ""2026-10-10"", ""visualReviewBasis"": ""Frank's saved visual sizing is authoritative: 111.5% width / 98.5% height"", ""warnings"": [], ""reviewScale"": [111.5, 98.5]}",2.62,3.62,8/8,21.0,8/8,"[29.0, 37.5]","[24.25, 25.75]","[0.5, 0.5]",measured against the canonical anatomy for its pose class
keeper_cake_turn_right,6,"[56, 40]",upright,"inferred skull top to supporting sole; headwear, raised limbs and props excluded",measured-pass,standard,back-to-right,"{""reference"": ""keeper_walk"", ""revision"": ""2026-10-10-user-visual-size-v3"", ""type"": ""user-reviewed-visual-sizing"", ""verdict"": ""user-visual-size-authority"", ""silhouetteHeightRatio"": null, ""torsoScanDifference"": null, ""visualReviewDate"": ""2026-10-10"", ""visualReviewBasis"": ""Frank's saved visual sizing is authoritative: 115.5% width / 100% height"", ""warnings"": [], ""reviewScale"": [115.5, 100]}",7.25,5.75,6/6,25.75,6/6,"[37.5, 38.0]","[25.75, 27.0]","[0.5, 0.5]",measured against the canonical anatomy for its pose class
keeper_carry_cake,8,"[50, 40]",upright,"inferred skull top to supporting sole; headwear, raised limbs and props excluded",measured-pass,standard,right,"{""reference"": ""keeper_walk"", ""revision"": ""2026-10-10-user-visual-size-v3"", ""type"": ""user-reviewed-visual-sizing"", ""verdict"": ""user-visual-size-authority"", ""silhouetteHeightRatio"": null, ""torsoScanDifference"": null, ""visualReviewDate"": ""2026-10-10"", ""visualReviewBasis"": ""Frank's saved visual sizing is authoritative: 104% width / 98.5% height"", ""warnings"": [], ""reviewScale"": [104, 98.5]}",9.12,6.0,8/8,20.62,8/8,"[37.25, 37.5]","[22.25, 25.25]","[0.5, 0.5]",measured against the canonical anatomy for its pose class
keeper_carry_meal,8,"[50, 40]",upright,"inferred skull top to supporting sole; headwear, raised limbs and props excluded",measured-pass,standard,right,"{""reference"": ""keeper_walk"", ""revision"": ""2026-10-10-user-visual-size-v3"", ""type"": ""user-reviewed-visual-sizing"", ""verdict"": ""user-visual-size-authority"", ""silhouetteHeightRatio"": null, ""torsoScanDifference"": null, ""visualReviewDate"": ""2026-10-10"", ""visualReviewBasis"": ""Frank's saved visual sizing is authoritative: 101.5% width / 97.5% height"", ""warnings"": [], ""reviewScale"": [101.5, 97.5]}",9.38,5.75,8/8,17.75,8/8,"[36.25, 37.0]","[21.5, 23.5]","[0.5, 0.5]",measured against the canonical anatomy for its pose class
keeper_carry_shopping,8,"[34, 40]",upright,"inferred skull top to supporting sole; headwear, raised limbs and props excluded",corrected,standard,right,"{""reference"": ""keeper_walk"", ""revision"": ""2026-10-10-user-visual-size-v3"", ""type"": ""user-reviewed-visual-sizing"", ""verdict"": ""user-visual-size-authority"", ""silhouetteHeightRatio"": null, ""torsoScanDifference"": null, ""visualReviewDate"": ""2026-10-10"", ""visualReviewBasis"": ""Frank's saved visual sizing is authoritative: 100.5% width / 98% height"", ""warnings"": [], ""reviewScale"": [100.5, 98]}",9.75,6.25,8/8,13.62,8/8,"[36.5, 37.25]","[16.25, 23.5]","[0.5, 0.5]",hand anatomy redrawn so each frame has exactly two hands attached to the two bag-carrying arms
keeper_check_instrument_back,6,"[32, 40]",upright,"inferred skull top to supporting sole; headwear, raised limbs and props excluded",measured-pass,standard,back,"{""reference"": ""keeper_walk"", ""revision"": ""2026-10-10-user-visual-size-v3"", ""type"": ""articulated-landmark-at-fixed-scale"", ""verdict"": ""fixed-scale-visual-pass"", ""silhouetteHeightRatio"": null, ""torsoScanDifference"": null, ""visualReviewDate"": ""2026-10-10"", ""visualReviewBasis"": ""same-size original reference printed beside representative frames; skull/head unit, shoulder-to-hip core width and supporting contacts reviewed"", ""warnings"": [], ""reviewScale"": null}",3.75,3.75,6/6,20.88,6/6,"[37.75, 38.0]","[21.75, 26.25]","[0.5, 0.5]",measured against the canonical anatomy for its pose class
keeper_check_instrument_side,6,"[33, 40]",upright,"inferred skull top to supporting sole; headwear, raised limbs and props excluded",measured-pass,standard,right,"{""reference"": ""keeper_walk"", ""revision"": ""2026-10-10-user-visual-size-v3"", ""type"": ""user-reviewed-visual-sizing"", ""verdict"": ""user-visual-size-authority"", ""silhouetteHeightRatio"": null, ""torsoScanDifference"": null, ""visualReviewDate"": ""2026-10-10"", ""visualReviewBasis"": ""Frank's saved visual sizing is authoritative: 100.5% width / 97.5% height"", ""warnings"": [], ""reviewScale"": [100.5, 97.5]}",10.0,6.5,6/6,18.38,6/6,"[36.75, 37.0]","[16.75, 27.0]","[0.5, 0.5]",measured against the canonical anatomy for its pose class
keeper_clear_snow,8,"[53, 40]",upright,"inferred skull top to supporting sole; headwear, raised limbs and props excluded",measured-pass,winter-coat,right,"{""reference"": ""keeper_walk"", ""revision"": ""2026-10-10-user-visual-size-v3"", ""type"": ""user-reviewed-visual-sizing"", ""verdict"": ""user-visual-size-authority"", ""silhouetteHeightRatio"": null, ""torsoScanDifference"": null, ""visualReviewDate"": ""2026-10-10"", ""visualReviewBasis"": ""Frank's saved visual sizing is authoritative: 110% width / 93.5% height"", ""warnings"": [], ""reviewScale"": [110, 93.5]}",9.5,5.38,8/8,16.62,8/8,"[29.5, 35.5]","[20.75, 31.25]","[0.5, 0.5]",measured against the canonical anatomy for its pose class
keeper_collect_eggs_back,8,"[36, 40]",crouched,head unit plus articulated shoulder-hip-sole chain; compressed silhouette height is never used as scale,corrected,standard,back,"{""reference"": ""keeper_walk"", ""revision"": ""2026-10-10-user-visual-size-v3"", ""type"": ""user-reviewed-visual-sizing"", ""verdict"": ""user-visual-size-authority"", ""silhouetteHeightRatio"": null, ""torsoScanDifference"": null, ""visualReviewDate"": ""2026-10-10"", ""visualReviewBasis"": ""Frank's saved visual sizing is authoritative: 111.5% width / 97.5% height"", ""warnings"": [], ""reviewScale"": [111.5, 97.5]}",2.0,2.75,8/8,,0/8,"[29.0, 37.0]","[21.75, 25.75]","[0.5, 0.5]",reuses canonical corrected low rear work anatomy
keeper_cook_back,8,"[32, 40]",upright,"inferred skull top to supporting sole; headwear, raised limbs and props excluded",measured-pass,standard,,"{""reference"": ""keeper_walk"", ""revision"": ""2026-10-10-user-visual-size-v3"", ""type"": ""articulated-landmark-at-fixed-scale"", ""verdict"": ""fixed-scale-visual-pass"", ""silhouetteHeightRatio"": null, ""torsoScanDifference"": null, ""visualReviewDate"": ""2026-10-10"", ""visualReviewBasis"": ""same-size original reference printed beside representative frames; skull/head unit, shoulder-to-hip core width and supporting contacts reviewed"", ""warnings"": [], ""reviewScale"": null}",2.0,3.5,8/8,19.38,8/8,"[38.0, 38.0]","[19.0, 20.5]","[0.5, 0.5]",measured against the canonical anatomy for its pose class
keeper_count_money,8,"[40, 42]",seated,head unit plus articulated shoulder-hip-sole chain; compressed silhouette height is never used as scale,measured-pass,standard,front,"{""reference"": ""keeper_walk"", ""revision"": ""2026-10-10-user-visual-size-v3"", ""type"": ""user-reviewed-visual-sizing"", ""verdict"": ""user-visual-size-authority"", ""silhouetteHeightRatio"": null, ""torsoScanDifference"": null, ""visualReviewDate"": ""2026-10-10"", ""visualReviewBasis"": ""Frank's saved visual sizing is authoritative: 90.5% width / 102% height"", ""warnings"": [], ""reviewScale"": [90.5, 102]}",11.5,6.0,8/8,,0/8,"[34.75, 35.0]","[17.0, 17.25]","[1.0, 1.0]",measured against the canonical anatomy for its pose class
keeper_cross,8,"[32, 40]",upright,"inferred skull top to supporting sole; headwear, raised limbs and props excluded",measured-pass,standard,front,"{""reference"": ""keeper_walk"", ""revision"": ""2026-10-10-user-visual-size-v3"", ""type"": ""user-reviewed-visual-sizing"", ""verdict"": ""user-visual-size-authority"", ""silhouetteHeightRatio"": null, ""torsoScanDifference"": null, ""visualReviewDate"": ""2026-10-10"", ""visualReviewBasis"": ""Frank's saved visual sizing is authoritative: 97% width / 97.5% height"", ""warnings"": [], ""reviewScale"": [97, 97.5]}",11.25,6.5,8/8,16.25,8/8,"[37.0, 37.0]","[16.25, 19.75]","[0.5, 0.5]",measured against the canonical anatomy for its pose class
keeper_crouch_work_back,8,"[36, 40]",crouched,head unit plus articulated shoulder-hip-sole chain; compressed silhouette height is never used as scale,corrected,standard,back,"{""reference"": ""keeper_walk"", ""revision"": ""2026-10-10-user-visual-size-v3"", ""type"": ""user-reviewed-visual-sizing"", ""verdict"": ""user-visual-size-authority"", ""silhouetteHeightRatio"": null, ""torsoScanDifference"": null, ""visualReviewDate"": ""2026-10-10"", ""visualReviewBasis"": ""Frank's saved visual sizing is authoritative: 108% width / 97.5% height"", ""warnings"": [], ""reviewScale"": [108, 97.5]}",1.75,2.75,8/8,,0/8,"[29.0, 37.0]","[21.0, 25.0]","[0.5, 0.5]",redrawn; hands work in front and body width restored
keeper_dance,8,"[32, 40]",upright,"inferred skull top to supporting sole; headwear, raised limbs and props excluded",measured-pass,standard,front,"{""reference"": ""keeper_walk"", ""revision"": ""2026-10-10-user-visual-size-v3"", ""type"": ""user-reviewed-visual-sizing"", ""verdict"": ""user-visual-size-authority"", ""silhouetteHeightRatio"": null, ""torsoScanDifference"": null, ""visualReviewDate"": ""2026-10-10"", ""visualReviewBasis"": ""Frank's saved visual sizing is authoritative: 100% width / 97% height"", ""warnings"": [], ""reviewScale"": [100, 97]}",10.62,6.25,8/8,16.38,8/8,"[34.75, 36.75]","[18.5, 23.75]","[0.5, 0.5]",measured against the canonical anatomy for its pose class
keeper_darts,14,"[56, 40]",upright,"inferred skull top to supporting sole; headwear, raised limbs and props excluded",measured-pass,standard,right,"{""reference"": ""keeper_walk"", ""revision"": ""2026-10-10-user-visual-size-v3"", ""type"": ""user-reviewed-visual-sizing"", ""verdict"": ""user-visual-size-authority"", ""silhouetteHeightRatio"": null, ""torsoScanDifference"": null, ""visualReviewDate"": ""2026-10-10"", ""visualReviewBasis"": ""Frank's saved visual sizing is authoritative: 100% width / 97% height"", ""warnings"": [], ""reviewScale"": [100, 97]}",9.25,6.0,14/14,12.0,14/14,"[36.75, 36.75]","[13.25, 23.5]","[0.5, 0.5]",measured against the canonical anatomy for its pose class
keeper_dig,8,"[37, 40]",crouched,head unit plus articulated shoulder-hip-sole chain; compressed silhouette height is never used as scale,measured-pass,standard,right,"{""reference"": ""keeper_walk"", ""revision"": ""2026-10-10-user-visual-size-v3"", ""type"": ""user-reviewed-visual-sizing"", ""verdict"": ""user-visual-size-authority"", ""silhouetteHeightRatio"": null, ""torsoScanDifference"": null, ""visualReviewDate"": ""2026-10-10"", ""visualReviewBasis"": ""Frank's saved visual sizing is authoritative: 100% width / 96.5% height"", ""warnings"": [], ""reviewScale"": [100, 96.5]}",9.5,6.12,8/8,,0/8,"[30.5, 36.5]","[18.0, 24.25]","[0.5, 0.5]",measured against the canonical anatomy for its pose class
keeper_door_open_back,6,"[34, 41]",upright,"inferred skull top to supporting sole; headwear, raised limbs and props excluded",measured-pass,standard,,"{""reference"": ""keeper_walk"", ""revision"": ""2026-10-10-user-visual-size-v3"", ""type"": ""user-reviewed-visual-sizing"", ""verdict"": ""user-visual-size-authority"", ""silhouetteHeightRatio"": null, ""torsoScanDifference"": null, ""visualReviewDate"": ""2026-10-10"", ""visualReviewBasis"": ""Frank's saved visual sizing is authoritative: 102% width / 102.5% height"", ""warnings"": [], ""reviewScale"": [102, 102.5]}",3.5,3.25,6/6,19.88,6/6,"[37.75, 39.0]","[21.75, 25.25]","[0.5, 0.5]",measured against the canonical anatomy for its pose class
keeper_door_open_side,6,"[33, 40]",upright,"inferred skull top to supporting sole; headwear, raised limbs and props excluded",measured-pass,standard,,"{""reference"": ""keeper_walk"", ""revision"": ""2026-10-10-user-visual-size-v3"", ""type"": ""user-reviewed-visual-sizing"", ""verdict"": ""user-visual-size-authority"", ""silhouetteHeightRatio"": null, ""torsoScanDifference"": null, ""visualReviewDate"": ""2026-10-10"", ""visualReviewBasis"": ""Frank's saved visual sizing is authoritative: 100% width / 99.5% height"", ""warnings"": [], ""reviewScale"": [100, 99.5]}",9.75,6.5,6/6,17.88,6/6,"[37.0, 37.75]","[16.5, 25.25]","[0.5, 0.5]",measured against the canonical anatomy for its pose class
keeper_door_open_side_pyjamas,6,"[33, 40]",upright,"inferred skull top to supporting sole; headwear, raised limbs and props excluded",corrected,light-blue-pyjamas,right,"{""reference"": ""keeper_walk"", ""revision"": ""2026-10-10-user-visual-size-v3"", ""type"": ""user-reviewed-visual-sizing"", ""verdict"": ""user-visual-size-authority"", ""silhouetteHeightRatio"": null, ""torsoScanDifference"": null, ""visualReviewDate"": ""2026-10-10"", ""visualReviewBasis"": ""Frank's saved visual sizing is authoritative: 100% width / 92.5% height"", ""warnings"": [], ""reviewScale"": [100, 92.5]}",11.0,9.5,6/6,14.75,6/6,"[35.0, 35.0]","[17.5, 26.5]","[0.5, 0.5]",clean six-frame side-door redraw in the canonical light-blue pyjama family; handle and floor interaction geometry are unchanged
keeper_drink_pint,8,"[46, 40]",seated,head unit plus articulated shoulder-hip-sole chain; compressed silhouette height is never used as scale,measured-pass,standard,front-right,"{""reference"": ""keeper_walk"", ""revision"": ""2026-10-10-user-visual-size-v3"", ""type"": ""user-reviewed-visual-sizing"", ""verdict"": ""user-visual-size-authority"", ""silhouetteHeightRatio"": null, ""torsoScanDifference"": null, ""visualReviewDate"": ""2026-10-10"", ""visualReviewBasis"": ""Frank's saved visual sizing is authoritative: 113.5% width / 98% height"", ""warnings"": [], ""reviewScale"": [113.5, 98]}",10.38,6.0,8/8,,0/8,"[33.0, 33.5]","[20.0, 21.5]","[0.5, 0.5]",measured against the canonical anatomy for its pose class
keeper_drive_speedboat,8,"[33, 41]",seated,head unit plus articulated shoulder-hip-sole chain; compressed silhouette height is never used as scale,corrected,standard,right,"{""reference"": ""keeper_walk"", ""revision"": ""2026-10-10-user-visual-size-v3"", ""type"": ""user-reviewed-visual-sizing"", ""verdict"": ""user-visual-size-authority"", ""silhouetteHeightRatio"": null, ""torsoScanDifference"": null, ""visualReviewDate"": ""2026-10-10"", ""visualReviewBasis"": ""Frank's saved visual sizing is authoritative: 101.5% width / 101% height"", ""warnings"": [], ""reviewScale"": [101.5, 101]}",8.12,6.0,8/8,,0/8,"[31.5, 34.75]","[17.5, 22.75]","[0.5, 0.5]",seated anatomy normalised to the sit-side head and torso unit
keeper_eat_seated,8,"[34, 41]",seated,head unit plus articulated shoulder-hip-sole chain; compressed silhouette height is never used as scale,corrected,standard,,"{""reference"": ""keeper_walk"", ""revision"": ""2026-10-10-user-visual-size-v3"", ""type"": ""user-reviewed-visual-sizing"", ""verdict"": ""user-visual-size-authority"", ""silhouetteHeightRatio"": null, ""torsoScanDifference"": null, ""visualReviewDate"": ""2026-10-10"", ""visualReviewBasis"": ""Frank's saved visual sizing is authoritative: 102% width / 101% height"", ""warnings"": [], ""reviewScale"": [102, 101]}",9.5,6.25,8/8,,0/8,"[34.75, 34.75]","[18.5, 19.5]","[1.0, 1.0]",seated anatomy normalised to the sit-side head and torso unit
keeper_feed_animals,8,"[36, 40]",crouched,head unit plus articulated shoulder-hip-sole chain; compressed silhouette height is never used as scale,measured-pass,standard,right,"{""reference"": ""keeper_walk"", ""revision"": ""2026-10-10-user-visual-size-v3"", ""type"": ""user-reviewed-visual-sizing"", ""verdict"": ""user-visual-size-authority"", ""silhouetteHeightRatio"": null, ""torsoScanDifference"": null, ""visualReviewDate"": ""2026-10-10"", ""visualReviewBasis"": ""Frank's saved visual sizing is authoritative: 112.5% width / 96.5% height"", ""warnings"": [], ""reviewScale"": [112.5, 96.5]}",9.5,5.5,8/8,,0/8,"[24.5, 36.5]","[17.75, 23.5]","[0.5, 0.5]",measured against the canonical anatomy for its pose class
keeper_fish_feed_up,14,"[32, 48]",upright,"inferred skull top to supporting sole; headwear, raised limbs and props excluded",measured-pass,standard,right,"{""reference"": ""keeper_walk"", ""revision"": ""2026-10-10-user-visual-size-v3"", ""type"": ""user-reviewed-visual-sizing"", ""verdict"": ""user-visual-size-authority"", ""silhouetteHeightRatio"": null, ""torsoScanDifference"": null, ""visualReviewDate"": ""2026-10-10"", ""visualReviewBasis"": ""Frank's saved visual sizing is authoritative: 84% width / 82.5% height"", ""warnings"": [], ""reviewScale"": [84, 82.5]}",10.12,6.25,14/14,13.12,14/14,"[36.5, 37.75]","[17.25, 21.75]","[0.5, 0.5]",measured against the canonical anatomy for its pose class
keeper_fish_seated,16,"[135, 115]",seated,head unit plus articulated shoulder-hip-sole chain; compressed silhouette height is never used as scale,corrected,standard,right,"{""reference"": ""keeper_walk"", ""revision"": ""2026-10-10-user-visual-size-v3"", ""type"": ""user-reviewed-visual-sizing"", ""verdict"": ""user-visual-size-authority"", ""silhouetteHeightRatio"": null, ""torsoScanDifference"": null, ""visualReviewDate"": ""2026-10-10"", ""visualReviewBasis"": ""Frank's saved visual sizing is authoritative: 139% width / 130% height"", ""warnings"": [], ""reviewScale"": [139, 130]}",19.5,12.75,16/16,,0/16,"[83.25, 111.75]","[44.75, 52.0]","[1.0, 1.0]",extended to 16 frames on a 96 by 88 interaction canvas with the float and fish below the dock/foot anchor
keeper_fish_standing,16,"[101, 88]",upright,"inferred skull top to supporting sole; headwear, raised limbs and props excluded",corrected,standard,right,"{""reference"": ""keeper_walk"", ""revision"": ""2026-10-10-user-visual-size-v3"", ""type"": ""user-reviewed-visual-sizing"", ""verdict"": ""user-visual-size-authority"", ""silhouetteHeightRatio"": null, ""torsoScanDifference"": null, ""visualReviewDate"": ""2026-10-10"", ""visualReviewBasis"": ""Frank's saved visual sizing is authoritative: 100% width / 95.5% height"", ""warnings"": [], ""reviewScale"": [100, 95.5]}",12.88,10.38,16/16,8.0,16/16,"[51.25, 81.5]","[30.25, 41.0]","[2.0, 2.0]",extended to 16 frames on a 96 by 88 interaction canvas with the float and fish below the foot anchor
keeper_front_arm_l,1,"[32, 40]",technical-rejected,articulated landmark chain,excluded-technical,standard,,"{""reference"": ""keeper_walk"", ""revision"": ""2026-10-10-user-visual-size-v3"", ""type"": ""excluded-technical"", ""verdict"": ""excluded"", ""warnings"": []}",3.25,3.25,1/1,,0/1,"[14.25, 14.25]","[5.75, 5.75]","[9.75, 9.75]",measured against the canonical anatomy for its pose class
keeper_front_arm_r,1,"[32, 40]",technical-rejected,articulated landmark chain,excluded-technical,standard,,"{""reference"": ""keeper_walk"", ""revision"": ""2026-10-10-user-visual-size-v3"", ""type"": ""excluded-technical"", ""verdict"": ""excluded"", ""warnings"": []}",3.25,3.25,1/1,,0/1,"[14.25, 14.25]","[5.75, 5.75]","[9.75, 9.75]",measured against the canonical anatomy for its pose class
keeper_front_head_asleep,1,"[32, 40]",technical-rejected,articulated landmark chain,excluded-technical,standard,,"{""reference"": ""keeper_walk"", ""revision"": ""2026-10-10-user-visual-size-v3"", ""type"": ""excluded-technical"", ""verdict"": ""excluded"", ""warnings"": []}",17.75,7.75,1/1,,0/1,"[24.25, 24.25]","[18.25, 18.25]","[14.75, 14.75]",measured against the canonical anatomy for its pose class
keeper_front_head_grumpy,1,"[32, 40]",technical-rejected,articulated landmark chain,excluded-technical,standard,,"{""reference"": ""keeper_walk"", ""revision"": ""2026-10-10-user-visual-size-v3"", ""type"": ""excluded-technical"", ""verdict"": ""excluded"", ""warnings"": []}",17.75,7.75,1/1,,0/1,"[24.25, 24.25]","[18.25, 18.25]","[14.75, 14.75]",measured against the canonical anatomy for its pose class
keeper_front_head_happy,1,"[32, 40]",technical-rejected,articulated landmark chain,excluded-technical,standard,,"{""reference"": ""keeper_walk"", ""revision"": ""2026-10-10-user-visual-size-v3"", ""type"": ""excluded-technical"", ""verdict"": ""excluded"", ""warnings"": []}",17.75,7.75,1/1,,0/1,"[24.25, 24.25]","[18.25, 18.25]","[14.75, 14.75]",measured against the canonical anatomy for its pose class
keeper_front_head_neutral,1,"[32, 40]",technical-rejected,articulated landmark chain,excluded-technical,standard,,"{""reference"": ""keeper_walk"", ""revision"": ""2026-10-10-user-visual-size-v3"", ""type"": ""excluded-technical"", ""verdict"": ""excluded"", ""warnings"": []}",17.75,7.75,1/1,,0/1,"[24.25, 24.25]","[18.25, 18.25]","[14.75, 14.75]",measured against the canonical anatomy for its pose class
keeper_front_head_open,1,"[32, 40]",technical-rejected,articulated landmark chain,excluded-technical,standard,,"{""reference"": ""keeper_walk"", ""revision"": ""2026-10-10-user-visual-size-v3"", ""type"": ""excluded-technical"", ""verdict"": ""excluded"", ""warnings"": []}",17.75,7.75,1/1,,0/1,"[24.25, 24.25]","[18.25, 18.25]","[14.75, 14.75]",measured against the canonical anatomy for its pose class
keeper_front_leg_l,1,"[32, 40]",technical-rejected,articulated landmark chain,excluded-technical,standard,,"{""reference"": ""keeper_walk"", ""revision"": ""2026-10-10-user-visual-size-v3"", ""type"": ""excluded-technical"", ""verdict"": ""excluded"", ""warnings"": []}",,,0/1,,0/1,"[14.25, 14.25]","[7.0, 7.0]","[0.75, 0.75]",measured against the canonical anatomy for its pose class
keeper_front_leg_r,1,"[32, 40]",technical-rejected,articulated landmark chain,excluded-technical,standard,,"{""reference"": ""keeper_walk"", ""revision"": ""2026-10-10-user-visual-size-v3"", ""type"": ""excluded-technical"", ""verdict"": ""excluded"", ""warnings"": []}",,,0/1,,0/1,"[14.25, 14.25]","[7.5, 7.5]","[0.75, 0.75]",measured against the canonical anatomy for its pose class
keeper_front_torso,1,"[32, 40]",technical-rejected,articulated landmark chain,excluded-technical,standard,,"{""reference"": ""keeper_walk"", ""revision"": ""2026-10-10-user-visual-size-v3"", ""type"": ""excluded-technical"", ""verdict"": ""excluded"", ""warnings"": []}",,,0/1,,0/1,"[12.25, 12.25]","[20.75, 20.75]","[12.75, 12.75]",measured against the canonical anatomy for its pose class
keeper_get_into_bed,8,"[48, 40]",transition,articulated landmark chain,measured-pass,light-blue-pyjamas,right,"{""reference"": ""keeper_walk"", ""revision"": ""2026-10-10-user-visual-size-v3"", ""type"": ""user-reviewed-visual-sizing"", ""verdict"": ""user-visual-size-authority"", ""silhouetteHeightRatio"": null, ""torsoScanDifference"": null, ""visualReviewDate"": ""2026-10-10"", ""visualReviewBasis"": ""Frank's saved visual sizing is authoritative: 100% width / 89% height"", ""warnings"": [], ""reviewScale"": [100, 89]}",9.75,7.75,8/8,,0/8,"[18.75, 33.75]","[15.0, 32.0]","[0.5, 0.5]",measured against the canonical anatomy for its pose class
keeper_guitar_pickup_acoustic,12,"[64, 56]",upright,"inferred skull top to supporting sole; headwear, raised limbs and props excluded",corrected,standard,side-to-back-to-front-right,"{""reference"": ""keeper_walk"", ""revision"": ""2026-10-10-user-visual-size-v3"", ""type"": ""articulated-landmark-at-fixed-scale"", ""verdict"": ""fixed-scale-visual-pass"", ""silhouetteHeightRatio"": null, ""torsoScanDifference"": null, ""visualReviewDate"": ""2026-10-10"", ""visualReviewBasis"": ""same-size original reference printed beside representative frames; skull/head unit, shoulder-to-hip core width and supporting contacts reviewed"", ""warnings"": [], ""reviewScale"": null}",6.12,6.0,12/12,17.88,12/12,"[37.75, 38.25]","[18.5, 25.5]","[0.5, 0.5]",new side-to-rear rack pickup and return-to-play transition; prop handoff occurs on frame 6
keeper_guitar_pickup_flying_v_1967,12,"[64, 56]",upright,"inferred skull top to supporting sole; headwear, raised limbs and props excluded",corrected,standard,side-to-back-to-front-right,"{""reference"": ""keeper_walk"", ""revision"": ""2026-10-10-user-visual-size-v3"", ""type"": ""articulated-landmark-at-fixed-scale"", ""verdict"": ""fixed-scale-visual-pass"", ""silhouetteHeightRatio"": null, ""torsoScanDifference"": null, ""visualReviewDate"": ""2026-10-10"", ""visualReviewBasis"": ""same-size original reference printed beside representative frames; skull/head unit, shoulder-to-hip core width and supporting contacts reviewed"", ""warnings"": [], ""reviewScale"": null}",5.0,5.75,12/12,17.0,12/12,"[37.75, 38.75]","[18.5, 28.75]","[0.5, 0.5]",new tier-3 rack pickup and return-to-play transition; prop handoff occurs on frame 6
keeper_guitar_pickup_gretsch,12,"[64, 56]",upright,"inferred skull top to supporting sole; headwear, raised limbs and props excluded",corrected,standard,side-to-back-to-front-right,"{""reference"": ""keeper_walk"", ""revision"": ""2026-10-10-user-visual-size-v3"", ""type"": ""articulated-landmark-at-fixed-scale"", ""verdict"": ""fixed-scale-visual-pass"", ""silhouetteHeightRatio"": null, ""torsoScanDifference"": null, ""visualReviewDate"": ""2026-10-10"", ""visualReviewBasis"": ""same-size original reference printed beside representative frames; skull/head unit, shoulder-to-hip core width and supporting contacts reviewed"", ""warnings"": [], ""reviewScale"": null}",5.12,5.75,12/12,17.38,12/12,"[37.75, 38.5]","[18.0, 25.5]","[0.5, 0.5]",new tier-2 rack pickup and return-to-play transition; prop handoff occurs on frame 6
keeper_halloween_walk_back,8,"[34, 48]",upright,"inferred skull top to supporting sole; headwear, raised limbs and props excluded",corrected,halloween,back,"{""reference"": ""keeper_walk"", ""revision"": ""2026-10-10-user-visual-size-v3"", ""type"": ""user-reviewed-visual-sizing"", ""verdict"": ""user-visual-size-authority"", ""silhouetteHeightRatio"": 0.914, ""torsoScanDifference"": null, ""visualReviewDate"": ""2026-10-10"", ""visualReviewBasis"": ""Frank's saved visual sizing is authoritative: 102% width / 89.5% height"", ""warnings"": [], ""reviewScale"": [102, 89.5]}",2.5,5.25,8/8,15.5,8/8,"[34.25, 34.75]","[18.75, 21.75]","[0.5, 0.5]","identity rebuilt against the approved original, then resized to Frank's saved 102% width / 89.5% height"
keeper_halloween_walk_front,8,"[32, 48]",upright,"inferred skull top to supporting sole; headwear, raised limbs and props excluded",corrected,halloween,front,"{""reference"": ""keeper_walk"", ""revision"": ""2026-10-10-user-visual-size-v3"", ""type"": ""user-reviewed-visual-sizing"", ""verdict"": ""user-visual-size-authority"", ""silhouetteHeightRatio"": 0.934, ""torsoScanDifference"": null, ""visualReviewDate"": ""2026-10-10"", ""visualReviewBasis"": ""Frank's saved visual sizing is authoritative: 95% width / 91.5% height"", ""warnings"": [], ""reviewScale"": [95, 91.5]}",12.0,7.62,8/8,19.25,8/8,"[34.5, 35.5]","[21.0, 21.75]","[0.5, 0.5]","identity rebuilt against the approved original, then resized to Frank's saved 95% width / 91.5% height"
keeper_halloween_walk_side,8,"[35, 48]",upright,"inferred skull top to supporting sole; headwear, raised limbs and props excluded",corrected,halloween,right,"{""reference"": ""keeper_walk"", ""revision"": ""2026-10-10-user-visual-size-v3"", ""type"": ""user-reviewed-visual-sizing"", ""verdict"": ""user-visual-size-authority"", ""silhouetteHeightRatio"": 0.888, ""torsoScanDifference"": null, ""visualReviewDate"": ""2026-10-10"", ""visualReviewBasis"": ""Frank's saved visual sizing is authoritative: 101% width / 88% height"", ""warnings"": [], ""reviewScale"": [101, 88]}",10.5,8.25,8/8,14.5,8/8,"[33.0, 33.75]","[20.0, 25.5]","[0.5, 0.5]","identity rebuilt against the approved original, then resized to Frank's saved 101% width / 88% height"
keeper_hammer_back,8,"[35, 42]",upright,"inferred skull top to supporting sole; headwear, raised limbs and props excluded",measured-pass,standard,back,"{""reference"": ""keeper_walk"", ""revision"": ""2026-10-10-user-visual-size-v3"", ""type"": ""user-reviewed-visual-sizing"", ""verdict"": ""user-visual-size-authority"", ""silhouetteHeightRatio"": null, ""torsoScanDifference"": null, ""visualReviewDate"": ""2026-10-10"", ""visualReviewBasis"": ""Frank's saved visual sizing is authoritative: 107% width / 105% height"", ""warnings"": [], ""reviewScale"": [107, 105]}",2.88,3.25,8/8,19.12,8/8,"[35.0, 40.0]","[19.25, 21.75]","[0.5, 0.5]",measured against the canonical anatomy for its pose class
keeper_hammer_side,8,"[47, 44]",upright,"inferred skull top to supporting sole; headwear, raised limbs and props excluded",measured-pass,standard,right,"{""reference"": ""keeper_walk"", ""revision"": ""2026-10-10-user-visual-size-v3"", ""type"": ""user-reviewed-visual-sizing"", ""verdict"": ""user-visual-size-authority"", ""silhouetteHeightRatio"": null, ""torsoScanDifference"": null, ""visualReviewDate"": ""2026-10-10"", ""visualReviewBasis"": ""Frank's saved visual sizing is authoritative: 115% width / 110% height"", ""warnings"": [], ""reviewScale"": [115, 110]}",10.25,6.62,8/8,15.0,8/8,"[34.0, 41.75]","[23.5, 30.0]","[0.5, 0.5]",measured against the canonical anatomy for its pose class
keeper_hoover_basic,8,"[52, 40]",upright,"inferred skull top to supporting sole; headwear, raised limbs and props excluded",corrected,standard,right,"{""reference"": ""keeper_walk"", ""revision"": ""2026-10-10-user-visual-size-v3"", ""type"": ""user-reviewed-visual-sizing"", ""verdict"": ""user-visual-size-authority"", ""silhouetteHeightRatio"": null, ""torsoScanDifference"": null, ""visualReviewDate"": ""2026-10-10"", ""visualReviewBasis"": ""Frank's saved visual sizing is authoritative: 100% width / 98.5% height"", ""warnings"": [], ""reviewScale"": [100, 98.5]}",9.25,6.0,8/8,12.25,8/8,"[36.0, 37.5]","[27.0, 29.0]","[0.5, 0.5]",review-sized tier-2 cleaning loop with its ordinary upright hoover included; runtime swaps tools only while fully hidden by the cupboard door
keeper_hoover_super,8,"[55, 41]",upright,"inferred skull top to supporting sole; headwear, raised limbs and props excluded",corrected,standard,right,"{""reference"": ""keeper_walk"", ""revision"": ""2026-10-10-user-visual-size-v3"", ""type"": ""user-reviewed-visual-sizing"", ""verdict"": ""user-visual-size-authority"", ""silhouetteHeightRatio"": null, ""torsoScanDifference"": null, ""visualReviewDate"": ""2026-10-10"", ""visualReviewBasis"": ""Frank's saved visual sizing is authoritative: 102.5% width / 100% height"", ""warnings"": [], ""reviewScale"": [102.5, 100]}",9.5,6.0,8/8,12.38,8/8,"[36.5, 38.0]","[28.75, 30.0]","[1.0, 1.0]",review-sized tier-3 cleaning loop with its original eccentric super hoover included; runtime swaps tools only while fully hidden by the cupboard door
keeper_hot_drink_drink,8,"[51, 40]",upright,"inferred skull top to supporting sole; headwear, raised limbs and props excluded",corrected,standard,right,"{""reference"": ""keeper_walk"", ""revision"": ""2026-10-10-user-visual-size-v3"", ""type"": ""user-reviewed-visual-sizing"", ""verdict"": ""user-visual-size-authority"", ""silhouetteHeightRatio"": null, ""torsoScanDifference"": null, ""visualReviewDate"": ""2026-10-10"", ""visualReviewBasis"": ""Frank's saved visual sizing is authoritative: 102% width / 99.5% height"", ""warnings"": [], ""reviewScale"": [102, 99.5]}",10.12,6.5,8/8,19.0,8/8,"[37.5, 37.75]","[19.5, 20.5]","[0.5, 0.5]","neighbouring-frame flecks removed while retaining canonical actor, mug and steam"
keeper_hot_drink_pickup,8,"[51, 40]",upright,"inferred skull top to supporting sole; headwear, raised limbs and props excluded",measured-pass,standard,right,"{""reference"": ""keeper_walk"", ""revision"": ""2026-10-10-user-visual-size-v3"", ""type"": ""articulated-landmark-at-fixed-scale"", ""verdict"": ""fixed-scale-visual-pass"", ""silhouetteHeightRatio"": null, ""torsoScanDifference"": null, ""visualReviewDate"": ""2026-10-10"", ""visualReviewBasis"": ""same-size original reference printed beside representative frames; skull/head unit, shoulder-to-hip core width and supporting contacts reviewed"", ""warnings"": [], ""reviewScale"": null}",10.75,7.25,8/8,16.25,8/8,"[37.75, 38.0]","[20.5, 23.0]","[0.5, 0.5]",measured against the canonical anatomy for its pose class
keeper_hot_drink_pour,10,"[54, 40]",upright,"inferred skull top to supporting sole; headwear, raised limbs and props excluded",measured-pass,standard,right,"{""reference"": ""keeper_walk"", ""revision"": ""2026-10-10-user-visual-size-v3"", ""type"": ""user-reviewed-visual-sizing"", ""verdict"": ""user-visual-size-authority"", ""silhouetteHeightRatio"": null, ""torsoScanDifference"": null, ""visualReviewDate"": ""2026-10-10"", ""visualReviewBasis"": ""Frank's saved visual sizing is authoritative: 106% width / 97% height"", ""warnings"": [], ""reviewScale"": [106, 97]}",9.25,5.62,10/10,11.0,10/10,"[36.5, 36.75]","[17.25, 22.5]","[0.5, 0.5]",measured against the canonical anatomy for its pose class
keeper_hot_drink_put_down,8,"[54, 40]",upright,"inferred skull top to supporting sole; headwear, raised limbs and props excluded",corrected,standard,right,"{""reference"": ""keeper_walk"", ""revision"": ""2026-10-10-user-visual-size-v3"", ""type"": ""user-reviewed-visual-sizing"", ""verdict"": ""user-visual-size-authority"", ""silhouetteHeightRatio"": null, ""torsoScanDifference"": null, ""visualReviewDate"": ""2026-10-10"", ""visualReviewBasis"": ""Frank's saved visual sizing is authoritative: 110% width / 97% height"", ""warnings"": [], ""reviewScale"": [110, 97]}",9.62,5.75,8/8,14.62,8/8,"[31.75, 36.75]","[18.5, 26.5]","[0.5, 0.5]",neighbouring-frame flecks removed while retaining the released mug
keeper_hot_drink_stir,8,"[50, 40]",upright,"inferred skull top to supporting sole; headwear, raised limbs and props excluded",measured-pass,standard,right,"{""reference"": ""keeper_walk"", ""revision"": ""2026-10-10-user-visual-size-v3"", ""type"": ""user-reviewed-visual-sizing"", ""verdict"": ""user-visual-size-authority"", ""silhouetteHeightRatio"": null, ""torsoScanDifference"": null, ""visualReviewDate"": ""2026-10-10"", ""visualReviewBasis"": ""Frank's saved visual sizing is authoritative: 101% width / 98% height"", ""warnings"": [], ""reviewScale"": [101, 98]}",10.25,6.5,8/8,16.62,8/8,"[37.0, 37.25]","[18.5, 19.5]","[0.5, 0.5]",measured against the canonical anatomy for its pose class
keeper_hot_tub,8,"[40, 47]",seated,head unit plus articulated shoulder-hip-sole chain; compressed silhouette height is never used as scale,corrected,privacy-foam,front,"{""reference"": ""keeper_walk"", ""revision"": ""2026-10-10-user-visual-size-v3"", ""type"": ""user-reviewed-visual-sizing"", ""verdict"": ""user-visual-size-authority"", ""silhouetteHeightRatio"": null, ""torsoScanDifference"": null, ""visualReviewDate"": ""2026-10-10"", ""visualReviewBasis"": ""Frank's saved visual sizing is authoritative: 75% width / 97.5% height"", ""warnings"": [], ""reviewScale"": [75, 97.5]}",10.62,9.25,8/8,,0/8,"[23.75, 24.0]","[18.0, 18.25]","[8.0, 8.0]",redrawn and normalised by the visible head/shoulder unit rather than the water silhouette
keeper_hungry,8,"[32, 40]",upright,"inferred skull top to supporting sole; headwear, raised limbs and props excluded",measured-pass,standard,front,"{""reference"": ""keeper_walk"", ""revision"": ""2026-10-10-user-visual-size-v3"", ""type"": ""user-reviewed-visual-sizing"", ""verdict"": ""user-visual-size-authority"", ""silhouetteHeightRatio"": null, ""torsoScanDifference"": null, ""visualReviewDate"": ""2026-10-10"", ""visualReviewBasis"": ""Frank's saved visual sizing is authoritative: 80.5% width / 99% height"", ""warnings"": [], ""reviewScale"": [80.5, 99]}",12.5,7.62,8/8,15.12,8/8,"[37.5, 37.5]","[15.25, 16.75]","[0.5, 0.5]",measured against the canonical anatomy for its pose class
keeper_idle,4,"[32, 40]",technical-rejected,articulated landmark chain,excluded-technical,standard,,"{""reference"": ""keeper_walk"", ""revision"": ""2026-10-10-user-visual-size-v3"", ""type"": ""excluded-technical"", ""verdict"": ""excluded"", ""warnings"": []}",17.75,7.75,4/4,,0/4,"[38.25, 39.25]","[24.75, 24.75]","[0.75, 0.75]",measured against the canonical anatomy for its pose class
keeper_knight_walk_back,8,"[36, 50]",upright,"inferred skull top to supporting sole; headwear, raised limbs and props excluded",corrected,knight,back,"{""reference"": ""keeper_walk"", ""revision"": ""2026-10-10-user-visual-size-v3"", ""type"": ""user-reviewed-visual-sizing"", ""verdict"": ""user-visual-size-authority"", ""silhouetteHeightRatio"": null, ""torsoScanDifference"": null, ""visualReviewDate"": ""2026-10-10"", ""visualReviewBasis"": ""Frank's saved visual sizing is authoritative: 112.5% width / 103% height"", ""warnings"": [], ""reviewScale"": [112.5, 103]}",2.0,2.62,8/8,19.5,8/8,"[43.0, 43.5]","[19.5, 23.0]","[0.5, 0.5]",costume-specific headwear envelope excluded from skull-to-sole scale
keeper_knight_walk_front,8,"[32, 48]",upright,"inferred skull top to supporting sole; headwear, raised limbs and props excluded",corrected,knight,front,"{""reference"": ""keeper_walk"", ""revision"": ""2026-10-10-user-visual-size-v3"", ""type"": ""user-reviewed-visual-sizing"", ""verdict"": ""user-visual-size-authority"", ""silhouetteHeightRatio"": null, ""torsoScanDifference"": null, ""visualReviewDate"": ""2026-10-10"", ""visualReviewBasis"": ""Frank's saved visual sizing is authoritative: 90.5% width / 92% height"", ""warnings"": [], ""reviewScale"": [90.5, 92]}",9.5,4.75,8/8,17.5,8/8,"[39.0, 39.0]","[19.0, 19.25]","[0.5, 0.5]",costume-specific headwear envelope excluded from skull-to-sole scale
keeper_knight_walk_side,8,"[32, 48]",upright,"inferred skull top to supporting sole; headwear, raised limbs and props excluded",corrected,knight,right,"{""reference"": ""keeper_walk"", ""revision"": ""2026-10-10-user-visual-size-v3"", ""type"": ""user-reviewed-visual-sizing"", ""verdict"": ""user-visual-size-authority"", ""silhouetteHeightRatio"": null, ""torsoScanDifference"": null, ""visualReviewDate"": ""2026-10-10"", ""visualReviewBasis"": ""Frank's saved visual sizing is authoritative: 85% width / 90% height"", ""warnings"": [], ""reviewScale"": [85, 90]}",6.75,6.25,8/8,13.12,8/8,"[38.0, 38.0]","[16.25, 19.75]","[0.5, 0.5]",costume-specific headwear envelope excluded from skull-to-sole scale
keeper_ladder_climb,8,"[38, 42]",transition,articulated landmark chain,measured-pass,standard,,"{""reference"": ""keeper_walk"", ""revision"": ""2026-10-10-user-visual-size-v3"", ""type"": ""user-reviewed-visual-sizing"", ""verdict"": ""user-visual-size-authority"", ""silhouetteHeightRatio"": null, ""torsoScanDifference"": null, ""visualReviewDate"": ""2026-10-10"", ""visualReviewBasis"": ""Frank's saved visual sizing is authoritative: 118% width / 103% height"", ""warnings"": [], ""reviewScale"": [118, 103]}",5.25,3.5,8/8,,0/8,"[37.25, 39.25]","[21.0, 22.0]","[0.5, 0.5]",measured against the canonical anatomy for its pose class
keeper_lawn_mower_push,8,"[48, 40]",upright,"inferred skull top to supporting sole; headwear, raised limbs and props excluded",corrected,standard,right,"{""reference"": ""keeper_walk"", ""revision"": ""2026-10-10-user-visual-size-v3"", ""type"": ""articulated-landmark-at-fixed-scale"", ""verdict"": ""fixed-scale-visual-pass"", ""silhouetteHeightRatio"": null, ""torsoScanDifference"": null, ""visualReviewDate"": ""2026-10-10"", ""visualReviewBasis"": ""same-size original reference printed beside representative frames; skull/head unit, shoulder-to-hip core width and supporting contacts reviewed"", ""warnings"": [], ""reviewScale"": null}",9.25,5.88,8/8,12.25,8/8,"[36.5, 38.0]","[26.5, 29.5]","[0.5, 0.5]",new baseline-anatomy side walk pushing an included manual reel mower; runtime translates the complete unit from behind a foreground shed door
keeper_lean_table_back,8,"[32, 40]",upright,"inferred skull top to supporting sole; headwear, raised limbs and props excluded",measured-pass,standard,back,"{""reference"": ""keeper_walk"", ""revision"": ""2026-10-10-user-visual-size-v3"", ""type"": ""user-reviewed-visual-sizing"", ""verdict"": ""user-visual-size-authority"", ""silhouetteHeightRatio"": null, ""torsoScanDifference"": null, ""visualReviewDate"": ""2026-10-10"", ""visualReviewBasis"": ""Frank's saved visual sizing is authoritative: 94% width / 98% height"", ""warnings"": [], ""reviewScale"": [94, 98]}",1.62,2.75,8/8,19.75,8/8,"[35.0, 37.25]","[21.0, 24.25]","[0.5, 0.5]",measured against the canonical anatomy for its pose class
keeper_lift_button_front,8,"[34, 40]",upright,"inferred skull top to supporting sole; headwear, raised limbs and props excluded",measured-pass,standard,front,"{""reference"": ""keeper_walk"", ""revision"": ""2026-10-10-user-visual-size-v3"", ""type"": ""user-reviewed-visual-sizing"", ""verdict"": ""user-visual-size-authority"", ""silhouetteHeightRatio"": null, ""torsoScanDifference"": null, ""visualReviewDate"": ""2026-10-10"", ""visualReviewBasis"": ""Frank's saved visual sizing is authoritative: 104.5% width / 99% height"", ""warnings"": [], ""reviewScale"": [104.5, 99]}",9.5,6.25,8/8,18.38,8/8,"[37.5, 37.5]","[19.5, 24.5]","[0.5, 0.5]",measured against the canonical anatomy for its pose class
keeper_lift_weights_back,8,"[55, 56]",upright,"inferred skull top to supporting sole; headwear, raised limbs and props excluded",measured-pass,old-school-workout-kit,back,"{""reference"": ""keeper_walk"", ""revision"": ""2026-10-10-user-visual-size-v3"", ""type"": ""user-reviewed-visual-sizing"", ""verdict"": ""user-visual-size-authority"", ""silhouetteHeightRatio"": null, ""torsoScanDifference"": null, ""visualReviewDate"": ""2026-10-10"", ""visualReviewBasis"": ""Frank's saved visual sizing is authoritative: 113% width / 89.5% height"", ""warnings"": [], ""reviewScale"": [113, 89.5]}",6.88,16.62,8/8,16.38,8/8,"[34.25, 48.25]","[32.0, 33.25]","[0.5, 0.5]",measured against the canonical anatomy for its pose class
keeper_machete_side,8,"[103, 52]",upright,"inferred skull top to supporting sole; headwear, raised limbs and props excluded",corrected,standard,right,"{""reference"": ""keeper_walk"", ""revision"": ""2026-10-10-user-visual-size-v3"", ""type"": ""user-reviewed-visual-sizing"", ""verdict"": ""user-visual-size-authority"", ""silhouetteHeightRatio"": null, ""torsoScanDifference"": null, ""visualReviewDate"": ""2026-10-10"", ""visualReviewBasis"": ""Frank's saved visual sizing is authoritative: 127.5% width / 129% height"", ""warnings"": [], ""reviewScale"": [127.5, 129]}",9.38,6.0,8/8,15.75,8/8,"[35.0, 48.75]","[18.5, 25.5]","[0.75, 0.75]",smooth machete restored on an 80 px logical long-tool canvas; Frank's saved 127.5% width / 129% height is baked
keeper_meal_from_oven_back,8,"[52, 40]",upright,"inferred skull top to supporting sole; headwear, raised limbs and props excluded",measured-pass,standard,back,"{""reference"": ""keeper_walk"", ""revision"": ""2026-10-10-user-visual-size-v3"", ""type"": ""user-reviewed-visual-sizing"", ""verdict"": ""user-visual-size-authority"", ""silhouetteHeightRatio"": null, ""torsoScanDifference"": null, ""visualReviewDate"": ""2026-10-10"", ""visualReviewBasis"": ""Frank's saved visual sizing is authoritative: 107% width / 100% height"", ""warnings"": [], ""reviewScale"": [107, 100]}",1.75,2.38,8/8,20.12,8/8,"[29.25, 38.0]","[21.75, 22.75]","[0.5, 0.5]",measured against the canonical anatomy for its pose class
keeper_meal_place_side,8,"[55, 40]",upright,"inferred skull top to supporting sole; headwear, raised limbs and props excluded",corrected,standard,right,"{""reference"": ""keeper_walk"", ""revision"": ""2026-10-10-user-visual-size-v3"", ""type"": ""user-reviewed-visual-sizing"", ""verdict"": ""user-visual-size-authority"", ""silhouetteHeightRatio"": null, ""torsoScanDifference"": null, ""visualReviewDate"": ""2026-10-10"", ""visualReviewBasis"": ""Frank's saved visual sizing is authoritative: 113.5% width / 94% height"", ""warnings"": [], ""reviewScale"": [113.5, 94]}",10.75,6.0,8/8,15.88,8/8,"[30.5, 35.5]","[17.5, 23.5]","[0.5, 0.5]",beard corrected and released plate restored; Frank's saved 113.5% width / 94% height is baked
keeper_mechanic_fix,8,"[44, 40]",upright,"inferred skull top to supporting sole; headwear, raised limbs and props excluded",measured-pass,mechanic,right,"{""reference"": ""keeper_walk"", ""revision"": ""2026-10-10-user-visual-size-v3"", ""type"": ""user-reviewed-visual-sizing"", ""verdict"": ""user-visual-size-authority"", ""silhouetteHeightRatio"": null, ""torsoScanDifference"": null, ""visualReviewDate"": ""2026-10-10"", ""visualReviewBasis"": ""Frank's saved visual sizing is authoritative: 100% width / 97.5% height"", ""warnings"": [], ""reviewScale"": [100, 97.5]}",3.12,2.75,8/8,14.12,8/8,"[33.75, 37.0]","[19.75, 22.0]","[0.5, 0.5]",measured against the canonical anatomy for its pose class
keeper_mechanic_walk_back,8,"[36, 48]",upright,"inferred skull top to supporting sole; headwear, raised limbs and props excluded",corrected,mechanic,back,"{""reference"": ""keeper_walk"", ""revision"": ""2026-10-10-user-visual-size-v3"", ""type"": ""user-reviewed-visual-sizing"", ""verdict"": ""user-visual-size-authority"", ""silhouetteHeightRatio"": 1.007, ""torsoScanDifference"": null, ""visualReviewDate"": ""2026-10-10"", ""visualReviewBasis"": ""Frank's saved visual sizing is authoritative: 111.5% width / 100% height"", ""warnings"": [], ""reviewScale"": [111.5, 100]}",3.5,3.5,8/8,20.12,8/8,"[37.75, 38.25]","[21.75, 23.0]","[0.5, 0.5]",costume-specific headwear envelope excluded from skull-to-sole scale
keeper_mechanic_walk_front,8,"[32, 48]",upright,"inferred skull top to supporting sole; headwear, raised limbs and props excluded",corrected,mechanic,front,"{""reference"": ""keeper_walk"", ""revision"": ""2026-10-10-user-visual-size-v3"", ""type"": ""user-reviewed-visual-sizing"", ""verdict"": ""user-visual-size-authority"", ""silhouetteHeightRatio"": 0.993, ""torsoScanDifference"": null, ""visualReviewDate"": ""2026-10-10"", ""visualReviewBasis"": ""Frank's saved visual sizing is authoritative: 94% width / 98.5% height"", ""warnings"": [], ""reviewScale"": [94, 98.5]}",12.5,6.5,8/8,16.62,8/8,"[37.0, 37.75]","[17.75, 18.5]","[0.5, 0.5]",costume-specific headwear envelope excluded from skull-to-sole scale
keeper_mechanic_walk_side,8,"[32, 48]",upright,"inferred skull top to supporting sole; headwear, raised limbs and props excluded",corrected,mechanic,right,"{""reference"": ""keeper_walk"", ""revision"": ""2026-10-10-user-visual-size-v3"", ""type"": ""user-reviewed-visual-sizing"", ""verdict"": ""user-visual-size-authority"", ""silhouetteHeightRatio"": 0.993, ""torsoScanDifference"": -0.25, ""visualReviewDate"": ""2026-10-10"", ""visualReviewBasis"": ""Frank's saved visual sizing is authoritative: 94% width / 98.5% height"", ""warnings"": [], ""reviewScale"": [94, 98.5]}",9.25,6.62,8/8,13.5,8/8,"[37.0, 37.75]","[15.5, 20.0]","[0.5, 0.5]",costume-specific headwear envelope excluded from skull-to-sole scale
keeper_nap_seated,8,"[32, 40]",seated,head unit plus articulated shoulder-hip-sole chain; compressed silhouette height is never used as scale,corrected,standard,right,"{""reference"": ""keeper_walk"", ""revision"": ""2026-10-10-user-visual-size-v3"", ""type"": ""articulated-landmark-at-fixed-scale"", ""verdict"": ""fixed-scale-visual-pass"", ""silhouetteHeightRatio"": null, ""torsoScanDifference"": null, ""visualReviewDate"": ""2026-10-10"", ""visualReviewBasis"": ""same-size original reference printed beside representative frames; skull/head unit, shoulder-to-hip core width and supporting contacts reviewed"", ""warnings"": [], ""reviewScale"": null}",8.25,6.75,8/8,,0/8,"[34.25, 34.25]","[18.25, 18.75]","[0.5, 0.5]","baseline-anatomy side-seated nap loop with closed eyes, clearly reclined head and open mouth; beard silhouette was corrected from a smooth oval to the standard stepped, ragged side-view margin; furniture remains separate"
keeper_operate_outboard,8,"[34, 41]",upright,"inferred skull top to supporting sole; headwear, raised limbs and props excluded",measured-pass,standard,rear-right,"{""reference"": ""keeper_walk"", ""revision"": ""2026-10-10-user-visual-size-v3"", ""type"": ""user-reviewed-visual-sizing"", ""verdict"": ""user-visual-size-authority"", ""silhouetteHeightRatio"": null, ""torsoScanDifference"": null, ""visualReviewDate"": ""2026-10-10"", ""visualReviewBasis"": ""Frank's saved visual sizing is authoritative: 100% width / 101% height"", ""warnings"": [], ""reviewScale"": [100, 101]}",7.88,5.5,8/8,17.62,8/8,"[37.0, 38.5]","[24.0, 27.75]","[1.0, 1.0]",measured against the canonical anatomy for its pose class
keeper_paint_back,8,"[40, 40]",upright,"inferred skull top to supporting sole; headwear, raised limbs and props excluded",measured-pass,artist-smock,back,"{""reference"": ""keeper_walk"", ""revision"": ""2026-10-10-user-visual-size-v3"", ""type"": ""user-reviewed-visual-sizing"", ""verdict"": ""user-visual-size-authority"", ""silhouetteHeightRatio"": null, ""torsoScanDifference"": null, ""visualReviewDate"": ""2026-10-10"", ""visualReviewBasis"": ""Frank's saved visual sizing is authoritative: 123% width / 98.5% height"", ""warnings"": [], ""reviewScale"": [123, 98.5]}",5.5,5.25,8/8,20.25,8/8,"[36.25, 37.5]","[25.5, 31.75]","[0.5, 0.5]",measured against the canonical anatomy for its pose class
keeper_paint_side,8,"[47, 40]",upright,"inferred skull top to supporting sole; headwear, raised limbs and props excluded",measured-pass,artist-smock,right,"{""reference"": ""keeper_walk"", ""revision"": ""2026-10-10-user-visual-size-v3"", ""type"": ""user-reviewed-visual-sizing"", ""verdict"": ""user-visual-size-authority"", ""silhouetteHeightRatio"": null, ""torsoScanDifference"": null, ""visualReviewDate"": ""2026-10-10"", ""visualReviewBasis"": ""Frank's saved visual sizing is authoritative: 116.5% width / 95.5% height"", ""warnings"": [], ""reviewScale"": [116.5, 95.5]}",10.12,5.0,8/8,14.88,8/8,"[35.75, 36.25]","[22.0, 25.5]","[0.5, 0.5]",measured against the canonical anatomy for its pose class
keeper_parachute_drift,8,"[96, 84]",upright,"inferred skull top to supporting sole; headwear, raised limbs and props excluded",corrected,standard,right,"{""reference"": ""keeper_walk"", ""revision"": ""2026-10-10-user-visual-size-v3"", ""type"": ""articulated-landmark-at-fixed-scale"", ""verdict"": ""fixed-scale-visual-pass"", ""silhouetteHeightRatio"": null, ""torsoScanDifference"": null, ""visualReviewDate"": ""2026-10-10"", ""visualReviewBasis"": ""same-size original reference printed beside representative frames; skull/head unit, shoulder-to-hip core width and supporting contacts reviewed"", ""warnings"": [], ""reviewScale"": null}",10.62,7.25,8/8,25.0,8/8,"[68.75, 69.25]","[52.75, 52.75]","[0.25, 0.75]",new slow left/right open-canopy loop that can repeat for arbitrary fall height
keeper_parachute_jump,9,"[67, 84]",upright,"inferred skull top to supporting sole; headwear, raised limbs and props excluded",measured-pass,standard,right,"{""reference"": ""keeper_walk"", ""revision"": ""2026-10-10-user-visual-size-v3"", ""type"": ""user-reviewed-visual-sizing"", ""verdict"": ""user-visual-size-authority"", ""silhouetteHeightRatio"": null, ""torsoScanDifference"": null, ""visualReviewDate"": ""2026-10-10"", ""visualReviewBasis"": ""Frank's saved visual sizing is authoritative: 139% width / 87.5% height"", ""warnings"": [], ""reviewScale"": [139, 87.5]}",3.75,3.75,7/9,19.62,8/9,"[18.0, 68.75]","[24.75, 63.75]","[0.5, 0.5]",measured against the canonical anatomy for its pose class
keeper_parachute_landing,10,"[96, 84]",upright,"inferred skull top to supporting sole; headwear, raised limbs and props excluded",corrected,standard,right,"{""reference"": ""keeper_walk"", ""revision"": ""2026-10-10-user-visual-size-v3"", ""type"": ""articulated-landmark-at-fixed-scale"", ""verdict"": ""fixed-scale-visual-pass"", ""silhouetteHeightRatio"": null, ""torsoScanDifference"": null, ""visualReviewDate"": ""2026-10-10"", ""visualReviewBasis"": ""same-size original reference printed beside representative frames; skull/head unit, shoulder-to-hip core width and supporting contacts reviewed"", ""warnings"": [], ""reviewScale"": null}",11.0,6.38,10/10,28.62,10/10,"[36.0, 71.75]","[45.5, 55.5]","[0.5, 0.5]","new one-shot open-canopy touchdown, compression and canopy-collapse sequence"
keeper_party_dance,8,"[32, 48]",upright,"inferred skull top to supporting sole; headwear, raised limbs and props excluded",corrected,party-hat,front,"{""reference"": ""keeper_walk"", ""revision"": ""2026-10-10-user-visual-size-v3"", ""type"": ""articulated-landmark-at-fixed-scale"", ""verdict"": ""fixed-scale-visual-pass"", ""silhouetteHeightRatio"": null, ""torsoScanDifference"": null, ""visualReviewDate"": ""2026-10-10"", ""visualReviewBasis"": ""same-size original reference printed beside representative frames; skull/head unit, shoulder-to-hip core width and supporting contacts reviewed"", ""warnings"": [], ""reviewScale"": null}",11.75,9.5,8/8,16.62,8/8,"[47.5, 47.5]","[18.5, 23.75]","[0.5, 0.5]",canonical dance anatomy inherited exactly; party hat is an overlay
keeper_party_eat_cake,8,"[40, 48]",seated,head unit plus articulated shoulder-hip-sole chain; compressed silhouette height is never used as scale,corrected,party-hat,right,"{""reference"": ""keeper_walk"", ""revision"": ""2026-10-10-user-visual-size-v3"", ""type"": ""articulated-landmark-at-fixed-scale"", ""verdict"": ""fixed-scale-visual-pass"", ""silhouetteHeightRatio"": null, ""torsoScanDifference"": null, ""visualReviewDate"": ""2026-10-10"", ""visualReviewBasis"": ""same-size original reference printed beside representative frames; skull/head unit, shoulder-to-hip core width and supporting contacts reviewed"", ""warnings"": [], ""reviewScale"": null}",10.75,13.0,8/8,,0/8,"[47.5, 47.5]","[32.25, 33.0]","[0.5, 0.5]",canonical seated-eat anatomy inherited exactly; party hat and cake are overlays
keeper_party_hat_put_on_back,8,"[32, 48]",upright,"inferred skull top to supporting sole; headwear, raised limbs and props excluded",corrected,party-hat-transition,back,"{""reference"": ""keeper_walk"", ""revision"": ""2026-10-10-user-visual-size-v3"", ""type"": ""articulated-landmark-at-fixed-scale"", ""verdict"": ""fixed-scale-visual-pass"", ""silhouetteHeightRatio"": null, ""torsoScanDifference"": null, ""visualReviewDate"": ""2026-10-10"", ""visualReviewBasis"": ""same-size original reference printed beside representative frames; skull/head unit, shoulder-to-hip core width and supporting contacts reviewed"", ""warnings"": [], ""reviewScale"": null}",11.0,7.12,8/8,12.88,8/8,"[37.5, 47.5]","[17.25, 20.5]","[0.5, 0.5]","canonical rear work, raised-arm and leg components recombined; hat overlay only"
keeper_party_idle,4,"[32, 48]",upright,"inferred skull top to supporting sole; headwear, raised limbs and props excluded",corrected,party-hat,front,"{""reference"": ""keeper_walk"", ""revision"": ""2026-10-10-user-visual-size-v3"", ""type"": ""articulated-landmark-at-fixed-scale"", ""verdict"": ""fixed-scale-visual-pass"", ""silhouetteHeightRatio"": null, ""torsoScanDifference"": null, ""visualReviewDate"": ""2026-10-10"", ""visualReviewBasis"": ""same-size original reference printed beside representative frames; skull/head unit, shoulder-to-hip core width and supporting contacts reviewed"", ""warnings"": [], ""reviewScale"": null}",11.5,10.38,4/4,16.5,4/4,"[47.5, 47.5]","[19.0, 19.0]","[0.5, 0.5]",canonical front identity inherited exactly; party hat is headwear-only
keeper_party_turn_back,6,"[32, 48]",upright,"inferred skull top to supporting sole; headwear, raised limbs and props excluded",corrected,party-hat,front-to-back,"{""reference"": ""keeper_walk"", ""revision"": ""2026-10-10-user-visual-size-v3"", ""type"": ""articulated-landmark-at-fixed-scale"", ""verdict"": ""fixed-scale-visual-pass"", ""silhouetteHeightRatio"": null, ""torsoScanDifference"": null, ""visualReviewDate"": ""2026-10-10"", ""visualReviewBasis"": ""same-size original reference printed beside representative frames; skull/head unit, shoulder-to-hip core width and supporting contacts reviewed"", ""warnings"": [], ""reviewScale"": null}",11.5,8.0,6/6,15.88,6/6,"[47.5, 47.5]","[18.5, 22.25]","[0.5, 0.5]",canonical turn identity inherited exactly; party hat is headwear-only
keeper_party_walk,8,"[32, 48]",upright,"inferred skull top to supporting sole; headwear, raised limbs and props excluded",corrected,party-hat,right,"{""reference"": ""keeper_walk"", ""revision"": ""2026-10-10-user-visual-size-v3"", ""type"": ""articulated-landmark-at-fixed-scale"", ""verdict"": ""fixed-scale-visual-pass"", ""silhouetteHeightRatio"": null, ""torsoScanDifference"": null, ""visualReviewDate"": ""2026-10-10"", ""visualReviewBasis"": ""same-size original reference printed beside representative frames; skull/head unit, shoulder-to-hip core width and supporting contacts reviewed"", ""warnings"": [], ""reviewScale"": null}",12.88,10.88,8/8,13.75,8/8,"[47.5, 47.5]","[14.75, 21.0]","[0.5, 0.5]",canonical side-walk identity inherited exactly; party hat is headwear-only
keeper_piano,8,"[32, 40]",seated,head unit plus articulated shoulder-hip-sole chain; compressed silhouette height is never used as scale,corrected,standard,,"{""reference"": ""keeper_walk"", ""revision"": ""2026-10-10-user-visual-size-v3"", ""type"": ""articulated-landmark-at-fixed-scale"", ""verdict"": ""fixed-scale-visual-pass"", ""silhouetteHeightRatio"": null, ""torsoScanDifference"": null, ""visualReviewDate"": ""2026-10-10"", ""visualReviewBasis"": ""same-size original reference printed beside representative frames; skull/head unit, shoulder-to-hip core width and supporting contacts reviewed"", ""warnings"": [], ""reviewScale"": null}",3.62,4.12,8/8,,0/8,"[33.5, 34.25]","[19.0, 20.25]","[0.5, 0.5]",seated anatomy normalised to the sit-side head and torso unit
keeper_pick_fruit,8,"[32, 40]",upright,"inferred skull top to supporting sole; headwear, raised limbs and props excluded",measured-pass,standard,right,"{""reference"": ""keeper_walk"", ""revision"": ""2026-10-10-user-visual-size-v3"", ""type"": ""articulated-landmark-at-fixed-scale"", ""verdict"": ""fixed-scale-visual-pass"", ""silhouetteHeightRatio"": null, ""torsoScanDifference"": null, ""visualReviewDate"": ""2026-10-10"", ""visualReviewBasis"": ""same-size original reference printed beside representative frames; skull/head unit, shoulder-to-hip core width and supporting contacts reviewed"", ""warnings"": [], ""reviewScale"": null}",9.5,6.38,8/8,15.0,8/8,"[37.75, 38.0]","[16.75, 23.5]","[0.5, 0.5]",measured against the canonical anatomy for its pose class
keeper_pick_vegetable,8,"[35, 40]",crouched,head unit plus articulated shoulder-hip-sole chain; compressed silhouette height is never used as scale,measured-pass,standard,right,"{""reference"": ""keeper_walk"", ""revision"": ""2026-10-10-user-visual-size-v3"", ""type"": ""user-reviewed-visual-sizing"", ""verdict"": ""user-visual-size-authority"", ""silhouetteHeightRatio"": null, ""torsoScanDifference"": null, ""visualReviewDate"": ""2026-10-10"", ""visualReviewBasis"": ""Frank's saved visual sizing is authoritative: 100% width / 96.5% height"", ""warnings"": [], ""reviewScale"": [100, 96.5]}",9.25,6.0,8/8,,0/8,"[24.5, 36.5]","[15.5, 21.25]","[0.5, 0.5]",measured against the canonical anatomy for its pose class
keeper_pirate_walk_back,8,"[38, 48]",upright,"inferred skull top to supporting sole; headwear, raised limbs and props excluded",corrected,pirate,back,"{""reference"": ""keeper_walk"", ""revision"": ""2026-10-10-user-visual-size-v3"", ""type"": ""user-reviewed-visual-sizing"", ""verdict"": ""user-visual-size-authority"", ""silhouetteHeightRatio"": null, ""torsoScanDifference"": null, ""visualReviewDate"": ""2026-10-10"", ""visualReviewBasis"": ""Frank's saved visual sizing is authoritative: 117.5% width / 95.5% height"", ""warnings"": [], ""reviewScale"": [117.5, 95.5]}",18.5,5.5,8/8,19.12,8/8,"[37.5, 37.75]","[21.25, 23.25]","[0.5, 0.5]",costume-specific headwear envelope excluded from skull-to-sole scale
keeper_pirate_walk_front,8,"[32, 48]",upright,"inferred skull top to supporting sole; headwear, raised limbs and props excluded",corrected,pirate,front,"{""reference"": ""keeper_walk"", ""revision"": ""2026-10-10-user-visual-size-v3"", ""type"": ""user-reviewed-visual-sizing"", ""verdict"": ""user-visual-size-authority"", ""silhouetteHeightRatio"": null, ""torsoScanDifference"": null, ""visualReviewDate"": ""2026-10-10"", ""visualReviewBasis"": ""Frank's saved visual sizing is authoritative: 87.5% width / 96% height"", ""warnings"": [], ""reviewScale"": [87.5, 96]}",12.88,6.75,8/8,16.75,8/8,"[37.0, 37.75]","[17.75, 18.75]","[0.5, 0.5]",costume-specific headwear envelope excluded from skull-to-sole scale
keeper_pirate_walk_side,8,"[32, 48]",upright,"inferred skull top to supporting sole; headwear, raised limbs and props excluded",corrected,pirate,right,"{""reference"": ""keeper_walk"", ""revision"": ""2026-10-10-user-visual-size-v3"", ""type"": ""user-reviewed-visual-sizing"", ""verdict"": ""user-visual-size-authority"", ""silhouetteHeightRatio"": null, ""torsoScanDifference"": null, ""visualReviewDate"": ""2026-10-10"", ""visualReviewBasis"": ""Frank's saved visual sizing is authoritative: 87.5% width / 95.5% height"", ""warnings"": [], ""reviewScale"": [87.5, 95.5]}",9.0,6.5,8/8,13.12,8/8,"[37.25, 37.75]","[17.0, 19.5]","[0.5, 0.5]",costume-specific headwear envelope excluded from skull-to-sole scale
keeper_place_cake,8,"[58, 40]",upright,"inferred skull top to supporting sole; headwear, raised limbs and props excluded",corrected,standard,right,"{""reference"": ""keeper_walk"", ""revision"": ""2026-10-10-user-visual-size-v3"", ""type"": ""user-reviewed-visual-sizing"", ""verdict"": ""user-visual-size-authority"", ""silhouetteHeightRatio"": null, ""torsoScanDifference"": null, ""visualReviewDate"": ""2026-10-10"", ""visualReviewBasis"": ""Frank's saved visual sizing is authoritative: 119.5% width / 96% height"", ""warnings"": [], ""reviewScale"": [119.5, 96]}",8.88,5.62,8/8,13.25,8/8,"[29.75, 36.5]","[22.5, 27.0]","[0.5, 0.5]",redrawn for the standard 19 px table datum and a fully straight final pose
keeper_platform_dive,10,"[48, 56]",body-axis,head unit plus articulated skull-hip-sole chain measured along the body axis,measured-pass,standard,right,"{""reference"": ""keeper_walk"", ""revision"": ""2026-10-10-user-visual-size-v3"", ""type"": ""user-reviewed-visual-sizing"", ""verdict"": ""user-visual-size-authority"", ""silhouetteHeightRatio"": null, ""torsoScanDifference"": null, ""visualReviewDate"": ""2026-10-10"", ""visualReviewBasis"": ""Frank's saved visual sizing is authoritative: 100% width / 92% height"", ""warnings"": [], ""reviewScale"": [100, 92]}",6.0,5.75,9/10,,0/10,"[14.5, 46.75]","[14.0, 44.5]","[0.5, 0.5]",measured against the canonical anatomy for its pose class
keeper_play_drums_back,8,"[32, 48]",seated,head unit plus articulated shoulder-hip-sole chain; compressed silhouette height is never used as scale,corrected,standard,back,"{""reference"": ""keeper_walk"", ""revision"": ""2026-10-10-user-visual-size-v3"", ""type"": ""user-reviewed-visual-sizing"", ""verdict"": ""user-visual-size-authority"", ""silhouetteHeightRatio"": null, ""torsoScanDifference"": null, ""visualReviewDate"": ""2026-10-10"", ""visualReviewBasis"": ""Frank's saved visual sizing is authoritative: 84.5% width / 82% height"", ""warnings"": [], ""reviewScale"": [84.5, 82]}",3.5,3.38,8/8,,0/8,"[31.5, 37.0]","[19.5, 20.75]","[0.5, 0.5]",normalised to the front drum master with matching seated envelope and 180-degree frame timing
keeper_play_drums_front,8,"[32, 48]",seated,head unit plus articulated shoulder-hip-sole chain; compressed silhouette height is never used as scale,corrected,standard,front,"{""reference"": ""keeper_walk"", ""revision"": ""2026-10-10-user-visual-size-v3"", ""type"": ""user-reviewed-visual-sizing"", ""verdict"": ""user-visual-size-authority"", ""silhouetteHeightRatio"": null, ""torsoScanDifference"": null, ""visualReviewDate"": ""2026-10-10"", ""visualReviewBasis"": ""Frank's saved visual sizing is authoritative: 74.5% width / 82% height"", ""warnings"": [], ""reviewScale"": [74.5, 82]}",11.75,5.5,8/8,,0/8,"[31.5, 33.0]","[17.0, 20.25]","[0.5, 0.5]",paired front/rear drum master; seated anatomy and frame timing are authoritative
keeper_play_guitar,8,"[52, 40]",upright,"inferred skull top to supporting sole; headwear, raised limbs and props excluded",measured-pass,standard,front-right,"{""reference"": ""keeper_walk"", ""revision"": ""2026-10-10-user-visual-size-v3"", ""type"": ""user-reviewed-visual-sizing"", ""verdict"": ""user-visual-size-authority"", ""silhouetteHeightRatio"": null, ""torsoScanDifference"": null, ""visualReviewDate"": ""2026-10-10"", ""visualReviewBasis"": ""Frank's saved visual sizing is authoritative: 100% width / 97.5% height"", ""warnings"": [], ""reviewScale"": [100, 97.5]}",11.0,6.88,8/8,18.5,8/8,"[36.25, 37.0]","[20.5, 22.0]","[0.5, 0.5]",measured against the canonical anatomy for its pose class
keeper_play_guitar_flying_v_1967,8,"[64, 40]",upright,"inferred skull top to supporting sole; headwear, raised limbs and props excluded",corrected,standard,front-right,"{""reference"": ""keeper_walk"", ""revision"": ""2026-10-10-user-visual-size-v3"", ""type"": ""articulated-landmark-at-fixed-scale"", ""verdict"": ""fixed-scale-visual-pass"", ""silhouetteHeightRatio"": null, ""torsoScanDifference"": null, ""visualReviewDate"": ""2026-10-10"", ""visualReviewBasis"": ""same-size original reference printed beside representative frames; skull/head unit, shoulder-to-hip core width and supporting contacts reviewed"", ""warnings"": [], ""reviewScale"": null}",10.0,6.12,8/8,20.12,8/8,"[37.25, 38.0]","[28.5, 29.0]","[0.5, 0.5]",new tier-3 red 1967 Flying V playing loop at canonical keeper scale
keeper_play_guitar_gretsch,8,"[48, 40]",upright,"inferred skull top to supporting sole; headwear, raised limbs and props excluded",corrected,standard,front-right,"{""reference"": ""keeper_walk"", ""revision"": ""2026-10-10-user-visual-size-v3"", ""type"": ""articulated-landmark-at-fixed-scale"", ""verdict"": ""fixed-scale-visual-pass"", ""silhouetteHeightRatio"": null, ""torsoScanDifference"": null, ""visualReviewDate"": ""2026-10-10"", ""visualReviewBasis"": ""same-size original reference printed beside representative frames; skull/head unit, shoulder-to-hip core width and supporting contacts reviewed"", ""warnings"": [], ""reviewScale"": null}",11.38,10.0,8/8,20.5,8/8,"[37.25, 38.0]","[25.5, 25.75]","[0.5, 0.5]",new tier-2 black Gretsch playing loop at canonical keeper scale
keeper_pottery_front,8,"[40, 40]",seated,head unit plus articulated shoulder-hip-sole chain; compressed silhouette height is never used as scale,measured-pass,artist-smock,front,"{""reference"": ""keeper_walk"", ""revision"": ""2026-10-10-user-visual-size-v3"", ""type"": ""user-reviewed-visual-sizing"", ""verdict"": ""user-visual-size-authority"", ""silhouetteHeightRatio"": null, ""torsoScanDifference"": null, ""visualReviewDate"": ""2026-10-10"", ""visualReviewBasis"": ""Frank's saved visual sizing is authoritative: 91% width / 94% height"", ""warnings"": [], ""reviewScale"": [91, 94]}",12.0,5.25,8/8,,0/8,"[31.25, 32.0]","[16.75, 17.25]","[0.5, 0.5]",measured against the canonical anatomy for its pose class
keeper_pressups_side,8,"[64, 40]",body-axis,head unit plus articulated skull-hip-sole chain measured along the body axis,corrected,old-school-workout-kit,right,"{""reference"": ""keeper_walk"", ""revision"": ""2026-10-10-user-visual-size-v3"", ""type"": ""user-reviewed-visual-sizing"", ""verdict"": ""user-visual-size-authority"", ""silhouetteHeightRatio"": null, ""torsoScanDifference"": null, ""visualReviewDate"": ""2026-10-10"", ""visualReviewBasis"": ""Frank's saved visual sizing is authoritative: 79% width / 65% height"", ""warnings"": [], ""reviewScale"": [79, 65]}",7.75,6.75,7/8,,0/8,"[15.5, 24.75]","[38.5, 42.0]","[0.25, 0.25]","redrawn cleanly, then resized to Frank's saved 79% width / 65% height"
keeper_put_record,8,"[68, 40]",upright,"inferred skull top to supporting sole; headwear, raised limbs and props excluded",corrected,standard,right,"{""reference"": ""keeper_walk"", ""revision"": ""2026-10-10-user-visual-size-v3"", ""type"": ""user-reviewed-visual-sizing"", ""verdict"": ""user-visual-size-authority"", ""silhouetteHeightRatio"": null, ""torsoScanDifference"": null, ""visualReviewDate"": ""2026-10-10"", ""visualReviewBasis"": ""Frank's saved visual sizing is authoritative: 106% width / 96% height"", ""warnings"": [], ""reviewScale"": [106, 96]}",9.38,6.0,8/8,17.62,8/8,"[28.5, 36.5]","[19.5, 30.75]","[0.5, 0.5]",expanded to a 64 px side-action canvas so the record remains complete through release
keeper_pyjamas_snore,6,"[48, 40]",body-axis,head unit plus articulated skull-hip-sole chain measured along the body axis,measured-pass,light-blue-pyjamas,right,"{""reference"": ""keeper_walk"", ""revision"": ""2026-10-10-user-visual-size-v3"", ""type"": ""user-reviewed-visual-sizing"", ""verdict"": ""user-visual-size-authority"", ""silhouetteHeightRatio"": null, ""torsoScanDifference"": null, ""visualReviewDate"": ""2026-10-10"", ""visualReviewBasis"": ""Frank's saved visual sizing is authoritative: 91.5% width / 99% height"", ""warnings"": [], ""reviewScale"": [91.5, 99]}",13.25,15.62,6/6,,0/6,"[21.75, 22.25]","[37.75, 42.0]","[0.5, 0.5]",measured against the canonical anatomy for its pose class
keeper_pyjamas_turn_back,6,"[32, 40]",upright,"inferred skull top to supporting sole; headwear, raised limbs and props excluded",measured-pass,light-blue-pyjamas,front-to-back,"{""reference"": ""keeper_walk"", ""revision"": ""2026-10-10-user-visual-size-v3"", ""type"": ""user-reviewed-visual-sizing"", ""verdict"": ""user-visual-size-authority"", ""silhouetteHeightRatio"": null, ""torsoScanDifference"": null, ""visualReviewDate"": ""2026-10-10"", ""visualReviewBasis"": ""Frank's saved visual sizing is authoritative: 95% width / 92% height"", ""warnings"": [], ""reviewScale"": [95, 92]}",5.12,7.38,6/6,14.12,6/6,"[34.75, 34.75]","[15.5, 20.0]","[0.5, 0.5]",measured against the canonical anatomy for its pose class
keeper_pyjamas_walk,8,"[33, 41]",upright,"inferred skull top to supporting sole; headwear, raised limbs and props excluded",measured-pass,light-blue-pyjamas,right,"{""reference"": ""keeper_walk"", ""revision"": ""2026-10-10-user-visual-size-v3"", ""type"": ""user-reviewed-visual-sizing"", ""verdict"": ""user-visual-size-authority"", ""silhouetteHeightRatio"": 0.934, ""torsoScanDifference"": -0.5, ""visualReviewDate"": ""2026-10-10"", ""visualReviewBasis"": ""Frank's saved visual sizing is authoritative: 96% width / 93.5% height"", ""warnings"": [], ""reviewScale"": [96, 93.5]}",10.0,9.0,8/8,13.25,8/8,"[35.25, 35.5]","[15.0, 21.25]","[1.0, 1.0]",measured against the canonical anatomy for its pose class
keeper_read_front,8,"[32, 40]",seated,head unit plus articulated shoulder-hip-sole chain; compressed silhouette height is never used as scale,measured-pass,standard,front,"{""reference"": ""keeper_walk"", ""revision"": ""2026-10-10-user-visual-size-v3"", ""type"": ""user-reviewed-visual-sizing"", ""verdict"": ""user-visual-size-authority"", ""silhouetteHeightRatio"": null, ""torsoScanDifference"": null, ""visualReviewDate"": ""2026-10-10"", ""visualReviewBasis"": ""Frank's saved visual sizing is authoritative: 84.5% width / 97.5% height"", ""warnings"": [], ""reviewScale"": [84.5, 97.5]}",12.25,5.75,8/8,,0/8,"[33.25, 33.5]","[17.0, 17.5]","[0.5, 0.5]",measured against the canonical anatomy for its pose class
keeper_read_side,8,"[33, 40]",seated,head unit plus articulated shoulder-hip-sole chain; compressed silhouette height is never used as scale,measured-pass,standard,right,"{""reference"": ""keeper_walk"", ""revision"": ""2026-10-10-user-visual-size-v3"", ""type"": ""user-reviewed-visual-sizing"", ""verdict"": ""user-visual-size-authority"", ""silhouetteHeightRatio"": null, ""torsoScanDifference"": null, ""visualReviewDate"": ""2026-10-10"", ""visualReviewBasis"": ""Frank's saved visual sizing is authoritative: 101% width / 98.5% height"", ""warnings"": [], ""reviewScale"": [101, 98.5]}",4.75,3.88,8/8,,0/8,"[33.5, 33.75]","[19.5, 20.75]","[0.5, 0.5]",measured against the canonical anatomy for its pose class
keeper_reference,1,"[32, 40]",technical-rejected,articulated landmark chain,excluded-technical,standard,,"{""reference"": ""keeper_walk"", ""revision"": ""2026-10-10-user-visual-size-v3"", ""type"": ""excluded-technical"", ""verdict"": ""excluded"", ""warnings"": []}",17.75,7.75,1/1,,0/1,"[38.25, 38.25]","[24.75, 24.75]","[0.75, 0.75]",measured against the canonical anatomy for its pose class
keeper_ride_bike_front,8,"[48, 48]",seated,head unit plus articulated shoulder-hip-sole chain; compressed silhouette height is never used as scale,corrected,old-school-workout-kit,front,"{""reference"": ""keeper_walk"", ""revision"": ""2026-10-10-user-visual-size-v3"", ""type"": ""user-reviewed-visual-sizing"", ""verdict"": ""user-visual-size-authority"", ""silhouetteHeightRatio"": null, ""torsoScanDifference"": null, ""visualReviewDate"": ""2026-10-10"", ""visualReviewBasis"": ""Frank's saved visual sizing is authoritative: 77.5% width / 68% height"", ""warnings"": [], ""reviewScale"": [77.5, 68]}",10.38,4.62,8/8,,0/8,"[30.0, 30.5]","[17.25, 17.25]","[0.25, 0.25]",enlarged from its undersized head unit on a 48 px interaction canvas
keeper_row_boat,8,"[47, 44]",seated,head unit plus articulated shoulder-hip-sole chain; compressed silhouette height is never used as scale,corrected,standard,right,"{""reference"": ""keeper_walk"", ""revision"": ""2026-10-10-user-visual-size-v3"", ""type"": ""user-reviewed-visual-sizing"", ""verdict"": ""user-visual-size-authority"", ""silhouetteHeightRatio"": null, ""torsoScanDifference"": null, ""visualReviewDate"": ""2026-10-10"", ""visualReviewBasis"": ""Frank's saved visual sizing is authoritative: 114% width / 109% height"", ""warnings"": [], ""reviewScale"": [114, 109]}",9.5,5.75,8/8,,0/8,"[35.0, 37.25]","[26.5, 33.5]","[0.5, 0.5]",seated anatomy normalised to the sit-side head and torso unit
keeper_sad,8,"[32, 41]",upright,"inferred skull top to supporting sole; headwear, raised limbs and props excluded",measured-pass,standard,front,"{""reference"": ""keeper_walk"", ""revision"": ""2026-10-10-user-visual-size-v3"", ""type"": ""user-reviewed-visual-sizing"", ""verdict"": ""user-visual-size-authority"", ""silhouetteHeightRatio"": null, ""torsoScanDifference"": null, ""visualReviewDate"": ""2026-10-10"", ""visualReviewBasis"": ""Frank's saved visual sizing is authoritative: 95.5% width / 100.5% height"", ""warnings"": [], ""reviewScale"": [95.5, 100.5]}",11.12,7.25,8/8,17.0,8/8,"[37.75, 38.25]","[18.5, 19.25]","[0.5, 0.5]",measured against the canonical anatomy for its pose class
keeper_saw_wood,8,"[65, 40]",upright,"inferred skull top to supporting sole; headwear, raised limbs and props excluded",measured-pass,standard,right,"{""reference"": ""keeper_walk"", ""revision"": ""2026-10-10-user-visual-size-v3"", ""type"": ""articulated-landmark-at-fixed-scale"", ""verdict"": ""fixed-scale-visual-pass"", ""silhouetteHeightRatio"": null, ""torsoScanDifference"": null, ""visualReviewDate"": ""2026-10-10"", ""visualReviewBasis"": ""same-size original reference printed beside representative frames; skull/head unit, shoulder-to-hip core width and supporting contacts reviewed"", ""warnings"": [], ""reviewScale"": null}",9.75,6.5,8/8,17.38,8/8,"[36.5, 38.0]","[22.5, 25.75]","[0.5, 0.5]",measured against the canonical anatomy for its pose class
keeper_scuba_jetty_dive,12,"[80, 72]",upright,"inferred skull top to supporting sole; headwear, raised limbs and props excluded",corrected,scuba,right-to-prone,"{""reference"": ""keeper_walk"", ""revision"": ""2026-10-10-user-visual-size-v3"", ""type"": ""articulated-landmark-at-fixed-scale"", ""verdict"": ""fixed-scale-visual-pass"", ""silhouetteHeightRatio"": null, ""torsoScanDifference"": null, ""visualReviewDate"": ""2026-10-10"", ""visualReviewBasis"": ""same-size original reference printed beside representative frames; skull/head unit, shoulder-to-hip core width and supporting contacts reviewed"", ""warnings"": [], ""reviewScale"": null}",5.75,6.25,11/12,17.5,12/12,"[21.0, 70.0]","[22.75, 54.75]","[0.5, 4.0]",new one-shot jetty dive whose endpoint is the exact first horizontal scuba-swim frame
keeper_scuba_swim_down,8,"[48, 48]",body-axis,head unit plus articulated skull-hip-sole chain measured along the body axis,corrected,scuba,down,"{""reference"": ""keeper_walk"", ""revision"": ""2026-10-10-user-visual-size-v3"", ""type"": ""articulated-landmark-at-fixed-scale"", ""verdict"": ""fixed-scale-visual-pass"", ""silhouetteHeightRatio"": null, ""torsoScanDifference"": null, ""visualReviewDate"": ""2026-10-10"", ""visualReviewBasis"": ""same-size original reference printed beside representative frames; skull/head unit, shoulder-to-hip core width and supporting contacts reviewed"", ""warnings"": [], ""reviewScale"": null}",8.25,4.0,8/8,,0/8,"[33.25, 46.0]","[18.25, 39.0]","[0.5, 0.5]",redrawn from the approved front swim anatomy with coherent scuba equipment
keeper_scuba_swim_horizontal,8,"[80, 48]",body-axis,head unit plus articulated skull-hip-sole chain measured along the body axis,corrected,scuba,right,"{""reference"": ""keeper_walk"", ""revision"": ""2026-10-10-user-visual-size-v3"", ""type"": ""user-reviewed-visual-sizing"", ""verdict"": ""user-visual-size-authority"", ""silhouetteHeightRatio"": null, ""torsoScanDifference"": null, ""visualReviewDate"": ""2026-10-10"", ""visualReviewBasis"": ""Frank's saved visual sizing is authoritative: 81% width / 86% height"", ""warnings"": [], ""reviewScale"": [81, 86]}",8.62,8.12,8/8,,0/8,"[31.0, 39.5]","[44.75, 53.25]","[4.0, 4.0]",redrawn from the approved horizontal swim anatomy with coherent scuba equipment
keeper_scuba_swim_up,8,"[48, 48]",body-axis,head unit plus articulated skull-hip-sole chain measured along the body axis,corrected,scuba,up,"{""reference"": ""keeper_walk"", ""revision"": ""2026-10-10-user-visual-size-v3"", ""type"": ""articulated-landmark-at-fixed-scale"", ""verdict"": ""fixed-scale-visual-pass"", ""silhouetteHeightRatio"": null, ""torsoScanDifference"": null, ""visualReviewDate"": ""2026-10-10"", ""visualReviewBasis"": ""same-size original reference printed beside representative frames; skull/head unit, shoulder-to-hip core width and supporting contacts reviewed"", ""warnings"": [], ""reviewScale"": null}",3.5,4.88,8/8,,0/8,"[39.75, 46.0]","[15.0, 26.25]","[0.5, 0.5]",redrawn from the approved rear swim anatomy with coherent scuba equipment
keeper_scuba_walk_side,8,"[48, 56]",upright,"inferred skull top to supporting sole; headwear, raised limbs and props excluded",corrected,scuba,right,"{""reference"": ""keeper_walk"", ""revision"": ""2026-10-10-user-visual-size-v3"", ""type"": ""articulated-landmark-at-fixed-scale"", ""verdict"": ""fixed-scale-visual-pass"", ""silhouetteHeightRatio"": null, ""torsoScanDifference"": null, ""visualReviewDate"": ""2026-10-10"", ""visualReviewBasis"": ""same-size original reference printed beside representative frames; skull/head unit, shoulder-to-hip core width and supporting contacts reviewed"", ""warnings"": [], ""reviewScale"": null}",9.88,6.12,8/8,18.5,8/8,"[44.75, 45.25]","[20.75, 28.5]","[0.5, 0.5]",new matching-outfit jetty locomotion for the scuba route
keeper_search_boxes,8,"[34, 40]",crouched,head unit plus articulated shoulder-hip-sole chain; compressed silhouette height is never used as scale,corrected,standard,back,"{""reference"": ""keeper_walk"", ""revision"": ""2026-10-10-user-visual-size-v3"", ""type"": ""user-reviewed-visual-sizing"", ""verdict"": ""user-visual-size-authority"", ""silhouetteHeightRatio"": null, ""torsoScanDifference"": null, ""visualReviewDate"": ""2026-10-10"", ""visualReviewBasis"": ""Frank's saved visual sizing is authoritative: 105.5% width / 100% height"", ""warnings"": [], ""reviewScale"": [105.5, 100]}",1.75,2.75,8/8,,0/8,"[29.75, 38.0]","[20.75, 24.25]","[0.5, 0.5]",reuses canonical corrected low rear work anatomy
keeper_shower_door_open_bathrobe,10,"[44, 40]",upright,"inferred skull top to supporting sole; headwear, raised limbs and props excluded",measured-pass,cream-bathrobe,rear-right,"{""reference"": ""keeper_walk"", ""revision"": ""2026-10-10-user-visual-size-v3"", ""type"": ""user-reviewed-visual-sizing"", ""verdict"": ""user-visual-size-authority"", ""silhouetteHeightRatio"": null, ""torsoScanDifference"": null, ""visualReviewDate"": ""2026-10-10"", ""visualReviewBasis"": ""Frank's saved visual sizing is authoritative: 110% width / 94% height"", ""warnings"": [], ""reviewScale"": [110, 94]}",4.25,5.75,10/10,19.75,10/10,"[34.5, 35.5]","[18.5, 24.5]","[0.5, 0.5]",measured against the canonical anatomy for its pose class
keeper_shower_enter_bathrobe,8,"[57, 40]",upright,"inferred skull top to supporting sole; headwear, raised limbs and props excluded",measured-pass,cream-bathrobe,back,"{""reference"": ""keeper_walk"", ""revision"": ""2026-10-10-user-visual-size-v3"", ""type"": ""user-reviewed-visual-sizing"", ""verdict"": ""user-visual-size-authority"", ""silhouetteHeightRatio"": null, ""torsoScanDifference"": null, ""visualReviewDate"": ""2026-10-10"", ""visualReviewBasis"": ""Frank's saved visual sizing is authoritative: 140.5% width / 90.5% height"", ""warnings"": [], ""reviewScale"": [140.5, 90.5]}",5.88,4.5,8/8,20.62,8/8,"[33.25, 34.5]","[24.25, 26.75]","[0.5, 0.5]",measured against the canonical anatomy for its pose class
keeper_shower_enter,8,"[48, 40]",upright,"inferred skull top to supporting sole; headwear, raised limbs and props excluded",measured-pass,towel-privacy,rear-right,"{""reference"": ""keeper_walk"", ""revision"": ""2026-10-10-user-visual-size-v3"", ""type"": ""user-reviewed-visual-sizing"", ""verdict"": ""user-visual-size-authority"", ""silhouetteHeightRatio"": null, ""torsoScanDifference"": null, ""visualReviewDate"": ""2026-10-10"", ""visualReviewBasis"": ""Frank's saved visual sizing is authoritative: 116.5% width / 88% height"", ""warnings"": [], ""reviewScale"": [116.5, 88]}",19.62,15.12,8/8,18.0,8/8,"[32.5, 33.5]","[19.0, 21.75]","[0.5, 0.5]",measured against the canonical anatomy for its pose class
keeper_shower_exit,8,"[48, 40]",upright,"inferred skull top to supporting sole; headwear, raised limbs and props excluded",measured-pass,towel-privacy,rear-right,"{""reference"": ""keeper_walk"", ""revision"": ""2026-10-10-user-visual-size-v3"", ""type"": ""user-reviewed-visual-sizing"", ""verdict"": ""user-visual-size-authority"", ""silhouetteHeightRatio"": null, ""torsoScanDifference"": null, ""visualReviewDate"": ""2026-10-10"", ""visualReviewBasis"": ""Frank's saved visual sizing is authoritative: 117.5% width / 91.5% height"", ""warnings"": [], ""reviewScale"": [117.5, 91.5]}",15.25,11.75,8/8,16.12,8/8,"[34.0, 34.75]","[19.25, 26.75]","[0.5, 0.5]",measured against the canonical anatomy for its pose class
keeper_shower_wash,8,"[51, 40]",upright,"inferred skull top to supporting sole; headwear, raised limbs and props excluded",measured-pass,mosaic-privacy,back,"{""reference"": ""keeper_walk"", ""revision"": ""2026-10-10-user-visual-size-v3"", ""type"": ""user-reviewed-visual-sizing"", ""verdict"": ""user-visual-size-authority"", ""silhouetteHeightRatio"": null, ""torsoScanDifference"": null, ""visualReviewDate"": ""2026-10-10"", ""visualReviewBasis"": ""Frank's saved visual sizing is authoritative: 125.5% width / 98% height"", ""warnings"": [], ""reviewScale"": [125.5, 98]}",20.75,26.25,8/8,17.88,8/8,"[35.75, 37.25]","[21.0, 23.25]","[0.5, 0.5]",measured against the canonical anatomy for its pose class
keeper_sit_back,6,"[34, 40]",seated,head unit plus articulated shoulder-hip-sole chain; compressed silhouette height is never used as scale,corrected,standard,back,"{""reference"": ""keeper_walk"", ""revision"": ""2026-10-10-user-visual-size-v3"", ""type"": ""user-reviewed-visual-sizing"", ""verdict"": ""user-visual-size-authority"", ""silhouetteHeightRatio"": null, ""torsoScanDifference"": null, ""visualReviewDate"": ""2026-10-10"", ""visualReviewBasis"": ""Frank's saved visual sizing is authoritative: 104.5% width / 97% height"", ""warnings"": [], ""reviewScale"": [104.5, 97]}",2.5,3.12,6/6,,0/6,"[33.0, 36.75]","[21.0, 21.75]","[0.5, 0.5]",new canonical rear stand-to-sit transition; final frame is the standard back-to-camera seated comparison ghost
keeper_sit_front,6,"[32, 40]",seated,head unit plus articulated shoulder-hip-sole chain; compressed silhouette height is never used as scale,corrected,standard,,"{""reference"": ""keeper_walk"", ""revision"": ""2026-10-10-user-visual-size-v3"", ""type"": ""user-reviewed-visual-sizing"", ""verdict"": ""user-visual-size-authority"", ""silhouetteHeightRatio"": null, ""torsoScanDifference"": null, ""visualReviewDate"": ""2026-10-10"", ""visualReviewBasis"": ""Frank's saved visual sizing is authoritative: 100% width / 98% height"", ""warnings"": [], ""reviewScale"": [100, 98]}",12.25,6.0,6/6,,0/6,"[32.25, 37.25]","[16.75, 18.25]","[0.5, 0.5]",redrawn and width-normalised against canonical front body
keeper_sit_side,6,"[32, 40]",seated,head unit plus articulated shoulder-hip-sole chain; compressed silhouette height is never used as scale,measured-pass,standard,,"{""reference"": ""keeper_walk"", ""revision"": ""2026-10-10-user-visual-size-v3"", ""type"": ""user-reviewed-visual-sizing"", ""verdict"": ""user-visual-size-authority"", ""silhouetteHeightRatio"": null, ""torsoScanDifference"": null, ""visualReviewDate"": ""2026-10-10"", ""visualReviewBasis"": ""Frank's saved visual sizing is authoritative: 97.5% width / 96% height"", ""warnings"": [], ""reviewScale"": [97.5, 96]}",9.5,6.25,6/6,,0/6,"[32.75, 36.5]","[15.75, 21.25]","[0.5, 0.5]",measured against the canonical anatomy for its pose class
keeper_slide_side,8,"[48, 40]",body-axis,head unit plus articulated skull-hip-sole chain measured along the body axis,measured-pass,standard,right,"{""reference"": ""keeper_walk"", ""revision"": ""2026-10-10-user-visual-size-v3"", ""type"": ""articulated-landmark-at-fixed-scale"", ""verdict"": ""fixed-scale-visual-pass"", ""silhouetteHeightRatio"": null, ""torsoScanDifference"": null, ""visualReviewDate"": ""2026-10-10"", ""visualReviewBasis"": ""same-size original reference printed beside representative frames; skull/head unit, shoulder-to-hip core width and supporting contacts reviewed"", ""warnings"": [], ""reviewScale"": null}",9.5,6.5,8/8,,0/8,"[29.25, 38.0]","[16.0, 26.75]","[0.5, 0.5]",measured against the canonical anatomy for its pose class
keeper_snooker,8,"[64, 40]",upright,"inferred skull top to supporting sole; headwear, raised limbs and props excluded",corrected,standard,right,"{""reference"": ""keeper_walk"", ""revision"": ""2026-10-10-user-visual-size-v3"", ""type"": ""articulated-landmark-at-fixed-scale"", ""verdict"": ""fixed-scale-visual-pass"", ""silhouetteHeightRatio"": null, ""torsoScanDifference"": null, ""visualReviewDate"": ""2026-10-10"", ""visualReviewBasis"": ""same-size original reference printed beside representative frames; skull/head unit, shoulder-to-hip core width and supporting contacts reviewed"", ""warnings"": [], ""reviewScale"": null}",9.0,5.75,8/8,17.75,8/8,"[29.5, 38.0]","[23.25, 38.0]","[0.5, 0.5]",overlapping source poses isolated without fitting actor scale to the cue
keeper_souwester_walk_back,8,"[32, 48]",upright,"inferred skull top to supporting sole; headwear, raised limbs and props excluded",corrected,souwester,back,"{""reference"": ""keeper_walk"", ""revision"": ""2026-10-10-user-visual-size-v3"", ""type"": ""articulated-landmark-at-fixed-scale"", ""verdict"": ""fixed-scale-visual-pass"", ""silhouetteHeightRatio"": null, ""torsoScanDifference"": null, ""visualReviewDate"": ""2026-10-10"", ""visualReviewBasis"": ""same-size original reference printed beside representative frames; skull/head unit, shoulder-to-hip core width and supporting contacts reviewed"", ""warnings"": [], ""reviewScale"": null}",17.75,16.5,8/8,18.5,8/8,"[39.5, 39.5]","[19.25, 19.5]","[0.5, 0.5]","costume headwear excluded; skull, shoulder and sole landmarks normalised"
keeper_souwester_walk_front,8,"[32, 48]",upright,"inferred skull top to supporting sole; headwear, raised limbs and props excluded",corrected,souwester,front,"{""reference"": ""keeper_walk"", ""revision"": ""2026-10-10-user-visual-size-v3"", ""type"": ""user-reviewed-visual-sizing"", ""verdict"": ""user-visual-size-authority"", ""silhouetteHeightRatio"": null, ""torsoScanDifference"": null, ""visualReviewDate"": ""2026-10-10"", ""visualReviewBasis"": ""Frank's saved visual sizing is authoritative: 93% width / 91% height"", ""warnings"": [], ""reviewScale"": [93, 91]}",8.0,14.12,8/8,16.5,8/8,"[36.0, 36.0]","[17.5, 18.5]","[0.5, 0.5]","costume headwear excluded; skull, shoulder and sole landmarks normalised"
keeper_souwester_walk_side,8,"[33, 48]",upright,"inferred skull top to supporting sole; headwear, raised limbs and props excluded",corrected,souwester,right,"{""reference"": ""keeper_walk"", ""revision"": ""2026-10-10-user-visual-size-v3"", ""type"": ""user-reviewed-visual-sizing"", ""verdict"": ""user-visual-size-authority"", ""silhouetteHeightRatio"": null, ""torsoScanDifference"": null, ""visualReviewDate"": ""2026-10-10"", ""visualReviewBasis"": ""Frank's saved visual sizing is authoritative: 100% width / 93.5% height"", ""warnings"": [], ""reviewScale"": [100, 93.5]}",12.38,15.25,8/8,13.0,8/8,"[36.75, 37.0]","[18.75, 21.75]","[0.5, 0.5]","costume headwear excluded; skull, shoulder and sole landmarks normalised"
keeper_sow_seeds,8,"[33, 40]",crouched,head unit plus articulated shoulder-hip-sole chain; compressed silhouette height is never used as scale,measured-pass,standard,right,"{""reference"": ""keeper_walk"", ""revision"": ""2026-10-10-user-visual-size-v3"", ""type"": ""user-reviewed-visual-sizing"", ""verdict"": ""user-visual-size-authority"", ""silhouetteHeightRatio"": null, ""torsoScanDifference"": null, ""visualReviewDate"": ""2026-10-10"", ""visualReviewBasis"": ""Frank's saved visual sizing is authoritative: 101% width / 98.5% height"", ""warnings"": [], ""reviewScale"": [101, 98.5]}",10.5,6.25,8/8,,0/8,"[37.25, 37.5]","[17.0, 25.75]","[0.5, 0.5]",measured against the canonical anatomy for its pose class
keeper_spaceman_walk_back,8,"[36, 48]",upright,"inferred skull top to supporting sole; headwear, raised limbs and props excluded",corrected,spaceman,back,"{""reference"": ""keeper_walk"", ""revision"": ""2026-10-10-user-visual-size-v3"", ""type"": ""user-reviewed-visual-sizing"", ""verdict"": ""user-visual-size-authority"", ""silhouetteHeightRatio"": null, ""torsoScanDifference"": null, ""visualReviewDate"": ""2026-10-10"", ""visualReviewBasis"": ""Frank's saved visual sizing is authoritative: 100% width / 97.5% height"", ""warnings"": [], ""reviewScale"": [100, 97.5]}",3.38,5.88,8/8,15.12,8/8,"[36.75, 37.75]","[17.0, 19.25]","[0.5, 0.5]",costume-specific headwear envelope excluded from skull-to-sole scale
keeper_spaceman_walk_front,8,"[32, 48]",upright,"inferred skull top to supporting sole; headwear, raised limbs and props excluded",corrected,spaceman,front,"{""reference"": ""keeper_walk"", ""revision"": ""2026-10-10-user-visual-size-v3"", ""type"": ""user-reviewed-visual-sizing"", ""verdict"": ""user-visual-size-authority"", ""silhouetteHeightRatio"": null, ""torsoScanDifference"": null, ""visualReviewDate"": ""2026-10-10"", ""visualReviewBasis"": ""Frank's saved visual sizing is authoritative: 97.5% width / 99.5% height"", ""warnings"": [], ""reviewScale"": [97.5, 99.5]}",13.12,7.75,8/8,17.5,8/8,"[38.25, 38.5]","[19.75, 20.25]","[0.5, 0.5]",costume-specific headwear envelope excluded from skull-to-sole scale
keeper_spaceman_walk_side,8,"[32, 48]",upright,"inferred skull top to supporting sole; headwear, raised limbs and props excluded",corrected,spaceman,right,"{""reference"": ""keeper_walk"", ""revision"": ""2026-10-10-user-visual-size-v3"", ""type"": ""user-reviewed-visual-sizing"", ""verdict"": ""user-visual-size-authority"", ""silhouetteHeightRatio"": null, ""torsoScanDifference"": null, ""visualReviewDate"": ""2026-10-10"", ""visualReviewBasis"": ""Frank's saved visual sizing is authoritative: 100% width / 94.5% height"", ""warnings"": [], ""reviewScale"": [100, 94.5]}",6.75,7.0,8/8,15.0,8/8,"[36.25, 36.5]","[18.75, 21.25]","[0.5, 0.5]",costume-specific headwear envelope excluded from skull-to-sole scale
keeper_spiral_stairs_down,8,"[40, 48]",transition,articulated landmark chain,corrected,standard,rotating-rear-to-front-right,"{""reference"": ""keeper_walk"", ""revision"": ""2026-10-10-user-visual-size-v3"", ""type"": ""user-reviewed-visual-sizing"", ""verdict"": ""user-visual-size-authority"", ""silhouetteHeightRatio"": null, ""torsoScanDifference"": null, ""visualReviewDate"": ""2026-10-10"", ""visualReviewBasis"": ""Frank's saved visual sizing is authoritative: 88% width / 80% height"", ""warnings"": [], ""reviewScale"": [88, 80]}",10.12,6.0,8/8,,0/8,"[35.5, 36.75]","[18.75, 23.25]","[0.5, 0.5]",frame 4 redrawn to remove an erroneous third hand while preserving the descent cycle
keeper_spiral_stairs,8,"[40, 48]",transition,articulated landmark chain,measured-pass,standard,three-quarter,"{""reference"": ""keeper_walk"", ""revision"": ""2026-10-10-user-visual-size-v3"", ""type"": ""user-reviewed-visual-sizing"", ""verdict"": ""user-visual-size-authority"", ""silhouetteHeightRatio"": null, ""torsoScanDifference"": null, ""visualReviewDate"": ""2026-10-10"", ""visualReviewBasis"": ""Frank's saved visual sizing is authoritative: 100% width / 82% height"", ""warnings"": [], ""reviewScale"": [100, 82]}",6.62,5.12,8/8,,0/8,"[36.5, 37.5]","[22.75, 24.0]","[0.5, 0.5]",measured against the canonical anatomy for its pose class
keeper_spiral_stairs_up,8,"[40, 48]",transition,articulated landmark chain,measured-pass,standard,rotating-right-to-rear,"{""reference"": ""keeper_walk"", ""revision"": ""2026-10-10-user-visual-size-v3"", ""type"": ""user-reviewed-visual-sizing"", ""verdict"": ""user-visual-size-authority"", ""silhouetteHeightRatio"": null, ""torsoScanDifference"": null, ""visualReviewDate"": ""2026-10-10"", ""visualReviewBasis"": ""Frank's saved visual sizing is authoritative: 100% width / 80.5% height"", ""warnings"": [], ""reviewScale"": [100, 80.5]}",6.88,5.38,8/8,,0/8,"[36.0, 37.0]","[22.75, 24.0]","[0.5, 0.5]",measured against the canonical anatomy for its pose class
keeper_stairs_down,8,"[36, 40]",transition,articulated landmark chain,measured-pass,standard,,"{""reference"": ""keeper_walk"", ""revision"": ""2026-10-10-user-visual-size-v3"", ""type"": ""user-reviewed-visual-sizing"", ""verdict"": ""user-visual-size-authority"", ""silhouetteHeightRatio"": null, ""torsoScanDifference"": null, ""visualReviewDate"": ""2026-10-10"", ""visualReviewBasis"": ""Frank's saved visual sizing is authoritative: 107.5% width / 97% height"", ""warnings"": [], ""reviewScale"": [107.5, 97]}",9.88,5.75,8/8,,0/8,"[36.25, 36.75]","[18.25, 23.25]","[0.5, 0.5]",measured against the canonical anatomy for its pose class
keeper_stairs_up,8,"[35, 41]",transition,articulated landmark chain,measured-pass,standard,,"{""reference"": ""keeper_walk"", ""revision"": ""2026-10-10-user-visual-size-v3"", ""type"": ""user-reviewed-visual-sizing"", ""verdict"": ""user-visual-size-authority"", ""silhouetteHeightRatio"": null, ""torsoScanDifference"": null, ""visualReviewDate"": ""2026-10-10"", ""visualReviewBasis"": ""Frank's saved visual sizing is authoritative: 107.5% width / 101.5% height"", ""warnings"": [], ""reviewScale"": [107.5, 101.5]}",10.0,6.25,8/8,,0/8,"[36.75, 38.5]","[19.0, 21.5]","[0.5, 0.5]",measured against the canonical anatomy for its pose class
keeper_sweep_broom,8,"[48, 40]",upright,"inferred skull top to supporting sole; headwear, raised limbs and props excluded",corrected,standard,right,"{""reference"": ""keeper_walk"", ""revision"": ""2026-10-10-user-visual-size-v3"", ""type"": ""articulated-landmark-at-fixed-scale"", ""verdict"": ""fixed-scale-visual-pass"", ""silhouetteHeightRatio"": null, ""torsoScanDifference"": null, ""visualReviewDate"": ""2026-10-10"", ""visualReviewBasis"": ""same-size original reference printed beside representative frames; skull/head unit, shoulder-to-hip core width and supporting contacts reviewed"", ""warnings"": [], ""reviewScale"": null}",10.0,6.5,8/8,14.0,8/8,"[36.5, 38.0]","[21.5, 27.25]","[0.5, 0.5]",new baseline-anatomy tier-1 cleaning loop with its traditional broom included; runtime swaps tools only while fully hidden by the cupboard door
keeper_swim_costume_down,8,"[48, 48]",body-axis,head unit plus articulated skull-hip-sole chain measured along the body axis,measured-pass,striped-swimming-costume,down,"{""reference"": ""keeper_walk"", ""revision"": ""2026-10-10-user-visual-size-v3"", ""type"": ""articulated-landmark-at-fixed-scale"", ""verdict"": ""fixed-scale-visual-pass"", ""silhouetteHeightRatio"": null, ""torsoScanDifference"": null, ""visualReviewDate"": ""2026-10-10"", ""visualReviewBasis"": ""same-size original reference printed beside representative frames; skull/head unit, shoulder-to-hip core width and supporting contacts reviewed"", ""warnings"": [], ""reviewScale"": null}",11.25,8.75,8/8,,0/8,"[34.25, 46.0]","[16.75, 34.75]","[0.5, 0.5]",measured against the canonical anatomy for its pose class
keeper_swim_costume_horizontal,8,"[80, 48]",body-axis,head unit plus articulated skull-hip-sole chain measured along the body axis,corrected,striped-swimming-costume,right,"{""reference"": ""keeper_walk"", ""revision"": ""2026-10-10-user-visual-size-v3"", ""type"": ""user-reviewed-visual-sizing"", ""verdict"": ""user-visual-size-authority"", ""silhouetteHeightRatio"": null, ""torsoScanDifference"": null, ""visualReviewDate"": ""2026-10-10"", ""visualReviewBasis"": ""Frank's saved visual sizing is authoritative: 95.5% width / 100% height"", ""warnings"": [], ""reviewScale"": [95.5, 100]}",16.0,13.75,8/8,,0/8,"[34.75, 46.0]","[48.5, 70.25]","[0.5, 0.5]",re-rendered on an expanded horizontal canvas; Frank's saved 95.5% width / 100% height is baked
keeper_swim_costume_up,8,"[54, 51]",body-axis,head unit plus articulated skull-hip-sole chain measured along the body axis,measured-pass,striped-swimming-costume,up,"{""reference"": ""keeper_walk"", ""revision"": ""2026-10-10-user-visual-size-v3"", ""type"": ""user-reviewed-visual-sizing"", ""verdict"": ""user-visual-size-authority"", ""silhouetteHeightRatio"": null, ""torsoScanDifference"": null, ""visualReviewDate"": ""2026-10-10"", ""visualReviewBasis"": ""Frank's saved visual sizing is authoritative: 111% width / 100% height"", ""warnings"": [], ""reviewScale"": [111, 100]}",4.25,5.62,8/8,,0/8,"[37.5, 46.0]","[16.5, 27.0]","[0.5, 0.5]",measured against the canonical anatomy for its pose class
keeper_switch_press_back,6,"[32, 40]",upright,"inferred skull top to supporting sole; headwear, raised limbs and props excluded",measured-pass,standard,back,"{""reference"": ""keeper_walk"", ""revision"": ""2026-10-10-user-visual-size-v3"", ""type"": ""articulated-landmark-at-fixed-scale"", ""verdict"": ""fixed-scale-visual-pass"", ""silhouetteHeightRatio"": null, ""torsoScanDifference"": null, ""visualReviewDate"": ""2026-10-10"", ""visualReviewBasis"": ""same-size original reference printed beside representative frames; skull/head unit, shoulder-to-hip core width and supporting contacts reviewed"", ""warnings"": [], ""reviewScale"": null}",3.75,3.75,6/6,20.88,6/6,"[37.75, 38.0]","[21.75, 26.25]","[0.5, 0.5]",measured against the canonical anatomy for its pose class
keeper_switch_press_side,6,"[33, 40]",upright,"inferred skull top to supporting sole; headwear, raised limbs and props excluded",measured-pass,standard,right,"{""reference"": ""keeper_walk"", ""revision"": ""2026-10-10-user-visual-size-v3"", ""type"": ""user-reviewed-visual-sizing"", ""verdict"": ""user-visual-size-authority"", ""silhouetteHeightRatio"": null, ""torsoScanDifference"": null, ""visualReviewDate"": ""2026-10-10"", ""visualReviewBasis"": ""Frank's saved visual sizing is authoritative: 100% width / 96.5% height"", ""warnings"": [], ""reviewScale"": [100, 96.5]}",9.75,6.25,6/6,20.25,6/6,"[36.25, 36.5]","[16.5, 26.75]","[0.5, 0.5]",measured against the canonical anatomy for its pose class
keeper_table_tennis,8,"[40, 40]",upright,"inferred skull top to supporting sole; headwear, raised limbs and props excluded",measured-pass,standard,right,"{""reference"": ""keeper_walk"", ""revision"": ""2026-10-10-user-visual-size-v3"", ""type"": ""articulated-landmark-at-fixed-scale"", ""verdict"": ""fixed-scale-visual-pass"", ""silhouetteHeightRatio"": null, ""torsoScanDifference"": null, ""visualReviewDate"": ""2026-10-10"", ""visualReviewBasis"": ""same-size original reference printed beside representative frames; skull/head unit, shoulder-to-hip core width and supporting contacts reviewed"", ""warnings"": [], ""reviewScale"": null}",8.25,6.75,8/8,21.0,8/8,"[36.75, 38.0]","[24.0, 36.25]","[0.5, 0.5]",measured against the canonical anatomy for its pose class
keeper_tarzan_walk_back,8,"[34, 40]",upright,"inferred skull top to supporting sole; headwear, raised limbs and props excluded",corrected,tarzan,back,"{""reference"": ""keeper_walk"", ""revision"": ""2026-10-10-user-visual-size-v3"", ""type"": ""user-reviewed-visual-sizing"", ""verdict"": ""user-visual-size-authority"", ""silhouetteHeightRatio"": 0.967, ""torsoScanDifference"": null, ""visualReviewDate"": ""2026-10-10"", ""visualReviewBasis"": ""Frank's saved visual sizing is authoritative: 102.5% width / 95% height"", ""warnings"": [], ""reviewScale"": [102.5, 95]}",12.25,14.5,8/8,17.38,8/8,"[35.75, 36.75]","[19.5, 20.5]","[0.5, 0.5]","bare-headed identity rebuilt against the approved original, then resized to Frank's saved 102.5% width / 95% height"
keeper_tarzan_walk_front,8,"[32, 40]",upright,"inferred skull top to supporting sole; headwear, raised limbs and props excluded",corrected,tarzan,front,"{""reference"": ""keeper_walk"", ""revision"": ""2026-10-10-user-visual-size-v3"", ""type"": ""user-reviewed-visual-sizing"", ""verdict"": ""user-visual-size-authority"", ""silhouetteHeightRatio"": 0.947, ""torsoScanDifference"": null, ""visualReviewDate"": ""2026-10-10"", ""visualReviewBasis"": ""Frank's saved visual sizing is authoritative: 98% width / 93% height"", ""warnings"": [], ""reviewScale"": [98, 93]}",16.5,10.25,8/8,17.38,8/8,"[35.25, 36.0]","[19.5, 21.0]","[0.5, 0.5]","bare-headed identity rebuilt against the approved original, then resized to Frank's saved 98% width / 93% height"
keeper_tarzan_walk_side,8,"[34, 40]",upright,"inferred skull top to supporting sole; headwear, raised limbs and props excluded",corrected,tarzan,right,"{""reference"": ""keeper_walk"", ""revision"": ""2026-10-10-user-visual-size-v3"", ""type"": ""user-reviewed-visual-sizing"", ""verdict"": ""user-visual-size-authority"", ""silhouetteHeightRatio"": 0.928, ""torsoScanDifference"": 1.5, ""visualReviewDate"": ""2026-10-10"", ""visualReviewBasis"": ""Frank's saved visual sizing is authoritative: 101% width / 91.5% height"", ""warnings"": [], ""reviewScale"": [101, 91.5]}",9.38,14.25,8/8,15.25,8/8,"[34.75, 35.25]","[16.5, 22.5]","[0.5, 0.5]","bare-headed identity rebuilt against the approved original, then resized to Frank's saved 101% width / 91.5% height"
keeper_telescope,8,"[49, 40]",upright,"inferred skull top to supporting sole; headwear, raised limbs and props excluded",measured-pass,standard,right,"{""reference"": ""keeper_walk"", ""revision"": ""2026-10-10-user-visual-size-v3"", ""type"": ""user-reviewed-visual-sizing"", ""verdict"": ""user-visual-size-authority"", ""silhouetteHeightRatio"": null, ""torsoScanDifference"": null, ""visualReviewDate"": ""2026-10-10"", ""visualReviewBasis"": ""Frank's saved visual sizing is authoritative: 100% width / 97.5% height"", ""warnings"": [], ""reviewScale"": [100, 97.5]}",9.5,6.12,8/8,18.12,8/8,"[34.5, 37.0]","[16.25, 24.25]","[0.5, 0.5]",measured against the canonical anatomy for its pose class
keeper_trampoline_front,8,"[32, 80]",upright,"inferred skull top to supporting sole; headwear, raised limbs and props excluded",measured-pass,old-school-workout-kit,front,"{""reference"": ""keeper_walk"", ""revision"": ""2026-10-10-user-visual-size-v3"", ""type"": ""user-reviewed-visual-sizing"", ""verdict"": ""user-visual-size-authority"", ""silhouetteHeightRatio"": null, ""torsoScanDifference"": null, ""visualReviewDate"": ""2026-10-10"", ""visualReviewBasis"": ""Frank's saved visual sizing is authoritative: 68.5% width / 99% height"", ""warnings"": [], ""reviewScale"": [68.5, 99]}",11.38,7.5,8/8,12.0,5/8,"[34.75, 45.5]","[17.25, 19.5]","[0.5, 30.25]",measured against the canonical anatomy for its pose class
keeper_turn_back,6,"[32, 40]",upright,"inferred skull top to supporting sole; headwear, raised limbs and props excluded",measured-pass,standard,,"{""reference"": ""keeper_walk"", ""revision"": ""2026-10-10-user-visual-size-v3"", ""type"": ""articulated-landmark-at-fixed-scale"", ""verdict"": ""fixed-scale-visual-pass"", ""silhouetteHeightRatio"": null, ""torsoScanDifference"": null, ""visualReviewDate"": ""2026-10-10"", ""visualReviewBasis"": ""same-size original reference printed beside representative frames; skull/head unit, shoulder-to-hip core width and supporting contacts reviewed"", ""warnings"": [], ""reviewScale"": null}",5.5,5.88,6/6,15.88,6/6,"[38.0, 38.0]","[18.5, 22.25]","[0.5, 0.5]",measured against the canonical anatomy for its pose class
keeper_type_computer,8,"[32, 40]",seated,head unit plus articulated shoulder-hip-sole chain; compressed silhouette height is never used as scale,measured-pass,standard,front-right,"{""reference"": ""keeper_walk"", ""revision"": ""2026-10-10-user-visual-size-v3"", ""type"": ""articulated-landmark-at-fixed-scale"", ""verdict"": ""fixed-scale-visual-pass"", ""silhouetteHeightRatio"": null, ""torsoScanDifference"": null, ""visualReviewDate"": ""2026-10-10"", ""visualReviewBasis"": ""same-size original reference printed beside representative frames; skull/head unit, shoulder-to-hip core width and supporting contacts reviewed"", ""warnings"": [], ""reviewScale"": null}",3.62,4.12,8/8,,0/8,"[33.5, 34.25]","[19.0, 20.25]","[0.5, 0.5]",measured against the canonical anatomy for its pose class
keeper_urinate_back,6,"[32, 40]",upright,"inferred skull top to supporting sole; headwear, raised limbs and props excluded",measured-pass,standard,,"{""reference"": ""keeper_walk"", ""revision"": ""2026-10-10-user-visual-size-v3"", ""type"": ""articulated-landmark-at-fixed-scale"", ""verdict"": ""fixed-scale-visual-pass"", ""silhouetteHeightRatio"": null, ""torsoScanDifference"": null, ""visualReviewDate"": ""2026-10-10"", ""visualReviewBasis"": ""same-size original reference printed beside representative frames; skull/head unit, shoulder-to-hip core width and supporting contacts reviewed"", ""warnings"": [], ""reviewScale"": null}",2.0,2.75,6/6,14.75,6/6,"[38.0, 38.0]","[16.5, 18.0]","[0.5, 0.5]",measured against the canonical anatomy for its pose class
keeper_video_game,8,"[48, 40]",seated,head unit plus articulated shoulder-hip-sole chain; compressed silhouette height is never used as scale,measured-pass,standard,rear-right,"{""reference"": ""keeper_walk"", ""revision"": ""2026-10-10-user-visual-size-v3"", ""type"": ""articulated-landmark-at-fixed-scale"", ""verdict"": ""fixed-scale-visual-pass"", ""silhouetteHeightRatio"": null, ""torsoScanDifference"": null, ""visualReviewDate"": ""2026-10-10"", ""visualReviewBasis"": ""same-size original reference printed beside representative frames; skull/head unit, shoulder-to-hip core width and supporting contacts reviewed"", ""warnings"": [], ""reviewScale"": null}",3.25,3.88,8/8,,0/8,"[34.0, 34.25]","[21.5, 22.75]","[0.5, 0.5]",measured against the canonical anatomy for its pose class
keeper_vomit_loo_back,8,"[44, 40]",upright,"inferred skull top to supporting sole; headwear, raised limbs and props excluded",measured-pass,standard,back,"{""reference"": ""keeper_walk"", ""revision"": ""2026-10-10-user-visual-size-v3"", ""type"": ""user-reviewed-visual-sizing"", ""verdict"": ""user-visual-size-authority"", ""silhouetteHeightRatio"": null, ""torsoScanDifference"": null, ""visualReviewDate"": ""2026-10-10"", ""visualReviewBasis"": ""Frank's saved visual sizing is authoritative: 106% width / 99.5% height"", ""warnings"": [], ""reviewScale"": [106, 99.5]}",2.62,3.5,8/8,15.75,8/8,"[26.0, 37.75]","[21.75, 24.0]","[0.5, 0.5]",measured against the canonical anatomy for its pose class
keeper_walk,8,"[32, 40]",upright,"inferred skull top to supporting sole; headwear, raised limbs and props excluded",measured-pass,standard,,"{""reference"": ""keeper_walk"", ""revision"": ""2026-10-10-user-visual-size-v3"", ""type"": ""direct-skull-to-sole"", ""verdict"": ""measured-and-visual-pass"", ""silhouetteHeightRatio"": 1.0, ""torsoScanDifference"": 0.0, ""visualReviewDate"": ""2026-10-10"", ""visualReviewBasis"": ""same-size original reference printed beside representative frames; skull/head unit, shoulder-to-hip core width and supporting contacts reviewed"", ""warnings"": [], ""reviewScale"": null}",9.88,6.75,8/8,13.75,8/8,"[36.5, 38.0]","[16.0, 21.0]","[0.5, 0.5]",measured against the canonical anatomy for its pose class
keeper_walk_into_lift,8,"[34, 40]",upright,"inferred skull top to supporting sole; headwear, raised limbs and props excluded",corrected,standard,back-to-front,"{""reference"": ""keeper_walk"", ""revision"": ""2026-10-10-user-visual-size-v3"", ""type"": ""user-reviewed-visual-sizing"", ""verdict"": ""user-visual-size-authority"", ""silhouetteHeightRatio"": null, ""torsoScanDifference"": null, ""visualReviewDate"": ""2026-10-10"", ""visualReviewBasis"": ""Frank's saved visual sizing is authoritative: 104% width / 100% height"", ""warnings"": [], ""reviewScale"": [104, 100]}",3.62,3.62,8/8,15.62,8/8,"[28.0, 37.75]","[15.25, 21.25]","[0.5, 6.5]","intentional depth transition: rear walk scales from 100% to 75%, rises 6 logical pixels, then turns to a full-front neutral pose"
keeper_wash_back,8,"[32, 40]",upright,"inferred skull top to supporting sole; headwear, raised limbs and props excluded",measured-pass,standard,,"{""reference"": ""keeper_walk"", ""revision"": ""2026-10-10-user-visual-size-v3"", ""type"": ""articulated-landmark-at-fixed-scale"", ""verdict"": ""fixed-scale-visual-pass"", ""silhouetteHeightRatio"": null, ""torsoScanDifference"": null, ""visualReviewDate"": ""2026-10-10"", ""visualReviewBasis"": ""same-size original reference printed beside representative frames; skull/head unit, shoulder-to-hip core width and supporting contacts reviewed"", ""warnings"": [], ""reviewScale"": null}",2.0,3.5,8/8,19.38,8/8,"[38.0, 38.0]","[19.0, 20.5]","[0.5, 0.5]",measured against the canonical anatomy for its pose class
keeper_watch_movie,8,"[52, 41]",seated,head unit plus articulated shoulder-hip-sole chain; compressed silhouette height is never used as scale,corrected,standard,rear-right,"{""reference"": ""keeper_walk"", ""revision"": ""2026-10-10-user-visual-size-v3"", ""type"": ""user-reviewed-visual-sizing"", ""verdict"": ""user-visual-size-authority"", ""silhouetteHeightRatio"": null, ""torsoScanDifference"": null, ""visualReviewDate"": ""2026-10-10"", ""visualReviewBasis"": ""Frank's saved visual sizing is authoritative: 100% width / 101% height"", ""warnings"": [], ""reviewScale"": [100, 101]}",3.88,4.0,8/8,,0/8,"[34.0, 34.75]","[24.5, 29.0]","[0.5, 0.5]",seated anatomy normalised to the sit-side head and torso unit
keeper_watch_tv,8,"[34, 40]",seated,head unit plus articulated shoulder-hip-sole chain; compressed silhouette height is never used as scale,corrected,standard,rear-right,"{""reference"": ""keeper_walk"", ""revision"": ""2026-10-10-user-visual-size-v3"", ""type"": ""user-reviewed-visual-sizing"", ""verdict"": ""user-visual-size-authority"", ""silhouetteHeightRatio"": null, ""torsoScanDifference"": null, ""visualReviewDate"": ""2026-10-10"", ""visualReviewBasis"": ""Frank's saved visual sizing is authoritative: 100% width / 98% height"", ""warnings"": [], ""reviewScale"": [100, 98]}",3.0,3.75,8/8,,0/8,"[32.25, 33.5]","[17.75, 20.25]","[0.5, 0.5]",seated anatomy normalised to the sit-side head and torso unit
keeper_water_plants_back,8,"[46, 40]",upright,"inferred skull top to supporting sole; headwear, raised limbs and props excluded",measured-pass,standard,back,"{""reference"": ""keeper_walk"", ""revision"": ""2026-10-10-user-visual-size-v3"", ""type"": ""user-reviewed-visual-sizing"", ""verdict"": ""user-visual-size-authority"", ""silhouetteHeightRatio"": null, ""torsoScanDifference"": null, ""visualReviewDate"": ""2026-10-10"", ""visualReviewBasis"": ""Frank's saved visual sizing is authoritative: 114.5% width / 100% height"", ""warnings"": [], ""reviewScale"": [114.5, 100]}",2.88,2.88,8/8,18.38,8/8,"[38.0, 38.0]","[19.75, 26.5]","[0.5, 0.5]",measured against the canonical anatomy for its pose class
keeper_water_plants_front,8,"[40, 40]",upright,"inferred skull top to supporting sole; headwear, raised limbs and props excluded",measured-pass,standard,front,"{""reference"": ""keeper_walk"", ""revision"": ""2026-10-10-user-visual-size-v3"", ""type"": ""user-reviewed-visual-sizing"", ""verdict"": ""user-visual-size-authority"", ""silhouetteHeightRatio"": null, ""torsoScanDifference"": null, ""visualReviewDate"": ""2026-10-10"", ""visualReviewBasis"": ""Frank's saved visual sizing is authoritative: 92% width / 98% height"", ""warnings"": [], ""reviewScale"": [92, 98]}",9.5,5.25,8/8,16.5,8/8,"[37.25, 37.25]","[17.75, 17.75]","[0.5, 0.5]",measured against the canonical anatomy for its pose class
keeper_water_plants_side,8,"[55, 40]",upright,"inferred skull top to supporting sole; headwear, raised limbs and props excluded",corrected,standard,right,"{""reference"": ""keeper_walk"", ""revision"": ""2026-10-10-user-visual-size-v3"", ""type"": ""user-reviewed-visual-sizing"", ""verdict"": ""user-visual-size-authority"", ""silhouetteHeightRatio"": null, ""torsoScanDifference"": null, ""visualReviewDate"": ""2026-10-10"", ""visualReviewBasis"": ""Frank's saved visual sizing is authoritative: 114.5% width / 96.5% height"", ""warnings"": [], ""reviewScale"": [114.5, 96.5]}",7.12,5.62,8/8,15.25,8/8,"[33.5, 36.5]","[22.25, 31.0]","[0.5, 0.5]",expanded to a 48 px side-action canvas so the watering can and spout remain complete
keeper_wave_camera,8,"[32, 40]",upright,"inferred skull top to supporting sole; headwear, raised limbs and props excluded",measured-pass,standard,front,"{""reference"": ""keeper_walk"", ""revision"": ""2026-10-10-user-visual-size-v3"", ""type"": ""articulated-landmark-at-fixed-scale"", ""verdict"": ""fixed-scale-visual-pass"", ""silhouetteHeightRatio"": null, ""torsoScanDifference"": null, ""visualReviewDate"": ""2026-10-10"", ""visualReviewBasis"": ""same-size original reference printed beside representative frames; skull/head unit, shoulder-to-hip core width and supporting contacts reviewed"", ""warnings"": [], ""reviewScale"": null}",10.38,6.75,8/8,16.0,8/8,"[37.0, 38.0]","[19.0, 23.5]","[0.5, 0.5]",measured against the canonical anatomy for its pose class
keeper_weld,8,"[33, 40]",upright,"inferred skull top to supporting sole; headwear, raised limbs and props excluded",measured-pass,standard,right,"{""reference"": ""keeper_walk"", ""revision"": ""2026-10-10-user-visual-size-v3"", ""type"": ""articulated-landmark-at-fixed-scale"", ""verdict"": ""fixed-scale-visual-pass"", ""silhouetteHeightRatio"": null, ""torsoScanDifference"": null, ""visualReviewDate"": ""2026-10-10"", ""visualReviewBasis"": ""same-size original reference printed beside representative frames; skull/head unit, shoulder-to-hip core width and supporting contacts reviewed"", ""warnings"": [], ""reviewScale"": null}",5.88,3.88,8/8,14.25,8/8,"[35.0, 38.0]","[18.75, 23.5]","[0.5, 0.5]",measured against the canonical anatomy for its pose class
keeper_work_back,8,"[32, 40]",upright,"inferred skull top to supporting sole; headwear, raised limbs and props excluded",measured-pass,standard,,"{""reference"": ""keeper_walk"", ""revision"": ""2026-10-10-user-visual-size-v3"", ""type"": ""articulated-landmark-at-fixed-scale"", ""verdict"": ""fixed-scale-visual-pass"", ""silhouetteHeightRatio"": null, ""torsoScanDifference"": null, ""visualReviewDate"": ""2026-10-10"", ""visualReviewBasis"": ""same-size original reference printed beside representative frames; skull/head unit, shoulder-to-hip core width and supporting contacts reviewed"", ""warnings"": [], ""reviewScale"": null}",2.0,3.5,8/8,19.38,8/8,"[38.0, 38.0]","[19.0, 20.5]","[0.5, 0.5]",measured against the canonical anatomy for its pose class
keeper_write_back,8,"[34, 40]",seated,head unit plus articulated shoulder-hip-sole chain; compressed silhouette height is never used as scale,measured-pass,standard,back,"{""reference"": ""keeper_walk"", ""revision"": ""2026-10-10-user-visual-size-v3"", ""type"": ""user-reviewed-visual-sizing"", ""verdict"": ""user-visual-size-authority"", ""silhouetteHeightRatio"": null, ""torsoScanDifference"": null, ""visualReviewDate"": ""2026-10-10"", ""visualReviewBasis"": ""Frank's saved visual sizing is authoritative: 104.5% width / 87% height"", ""warnings"": [], ""reviewScale"": [104.5, 87]}",1.75,2.5,8/8,,0/8,"[29.75, 29.75]","[21.75, 22.25]","[0.5, 0.5]",measured against the canonical anatomy for its pose class
keeper_write_side,8,"[41, 41]",seated,head unit plus articulated shoulder-hip-sole chain; compressed silhouette height is never used as scale,measured-pass,standard,right,"{""reference"": ""keeper_walk"", ""revision"": ""2026-10-10-user-visual-size-v3"", ""type"": ""user-reviewed-visual-sizing"", ""verdict"": ""user-visual-size-authority"", ""silhouetteHeightRatio"": null, ""torsoScanDifference"": null, ""visualReviewDate"": ""2026-10-10"", ""visualReviewBasis"": ""Frank's saved visual sizing is authoritative: 100% width / 101% height"", ""warnings"": [], ""reviewScale"": [100, 101]}",3.25,4.0,8/8,,0/8,"[33.0, 34.75]","[18.75, 20.25]","[0.5, 0.5]",measured against the canonical anatomy for its pose class
keeper_yawn,8,"[34, 40]",upright,"inferred skull top to supporting sole; headwear, raised limbs and props excluded",measured-pass,standard,front-right,"{""reference"": ""keeper_walk"", ""revision"": ""2026-10-10-user-visual-size-v3"", ""type"": ""articulated-landmark-at-fixed-scale"", ""verdict"": ""fixed-scale-visual-pass"", ""silhouetteHeightRatio"": null, ""torsoScanDifference"": null, ""visualReviewDate"": ""2026-10-10"", ""visualReviewBasis"": ""same-size original reference printed beside representative frames; skull/head unit, shoulder-to-hip core width and supporting contacts reviewed"", ""warnings"": [], ""reviewScale"": null}",9.62,6.5,8/8,15.5,8/8,"[35.5, 38.0]","[16.25, 27.25]","[0.5, 0.5]",measured against the canonical anatomy for its pose class
