space_id,name,category,placement_rule,stack_eligible,dimensions,dependencies,activities,unlock_challenge,asset_id,asset_type,tier,measurable_benefit,required_states,frames,keeper_pose,anchor,reusable_source,breakdown_effect,priority,implementation_status,notes
kitchen,Kitchen / entrance,standard,fixed base / entrance,True,105x35,none,Cook; snack; tidy; greet; feed cat,"Day-one essential, never quiz-gated",room_kitchen,room_plate,0,Separate structure; enables activities below,standard,1,none,"top-left (0,0); floor y=35",room timber/stone/tile palette; no furniture,structure faults use separate interactive components,P0,delivered-existing,Door left; fridge and range centre; tools and bowl right; locked; source: docs/PRODUCTION_ASSET_KIT.md; docs/CODEX_BRIEF.md
kitchen,Kitchen / entrance,standard,fixed base / entrance,True,5x35,none,Cook; snack; tidy; greet; feed cat,"Day-one essential, never quiz-gated",seam_standard,structural_kit,0,Connect without resizing furniture,standard,1,none,integer parent seam; walking-plane y=0,shared wall/beam/pipe segments,none; parent component controls faults,P0,planned,Core remains 110x35; 105x35 plate; world-Y stripes. Extensions consume no standard slot.
kitchen,Kitchen / entrance,standard,fixed base / entrance,True,13x24,none,Cook; snack; tidy; greet; feed cat,"Day-one essential, never quiz-gated",obj_door,interactive_item,1,Runtime: Welcome the visitor in; 10 game min; social +22 (need caps apply); proposed specialist perk: greet visitor / 8 min,standard;on;broken,standard 1; on 4@8fps; broken 1 + shared FX,greet,"bottom-centre (6,24); keeper floor anchor (16,40)",obj_door; shared door chassis/pose,"shared wobble(1px), smoke, intermittent sparks + jammed latch",P0,planned,"Old wooden door. Wooden entrance. ON: open doorway/engaged entrance, explicitly delivered at every tier. Proposed location (10,0), logical frame 13x24; stable usePoint(-8,0), effectOrigin(0,-24), bubbleOrigin(0,-32), z40. New tier mechanics and names require review; existing names preserved."
kitchen,Kitchen / entrance,standard,fixed base / entrance,True,13x24,none,Cook; snack; tidy; greet; feed cat,"Day-one essential, never quiz-gated",obj_door_t2,interactive_item,2,Runtime: Welcome the visitor in; 9 game min; social +28 (need caps apply); proposed specialist perk: greet / 7 min; proposed peek reveals 1 visitor identity,standard;on;broken,standard 1; on 4@8fps; broken 1 + shared FX,greet,"bottom-centre (6,24); keeper floor anchor (16,40)",obj_door; shared door chassis/pose,"shared wobble(1px), smoke, intermittent sparks + jammed latch",P0,planned,"Door with knocker and peephole. Knocker and peephole. ON: open doorway/engaged entrance, explicitly delivered at every tier. Proposed location (10,0), logical frame 13x24; stable usePoint(-8,0), effectOrigin(0,-24), bubbleOrigin(0,-32), z40. New tier mechanics and names require review; existing names preserved."
kitchen,Kitchen / entrance,standard,fixed base / entrance,True,13x24,none,Cook; snack; tidy; greet; feed cat,"Day-one essential, never quiz-gated",obj_door_t3,interactive_item,3,Runtime: Welcome the visitor in; 7 game min; social +33 (need caps apply); proposed specialist perk: greet / 6 min; proposed visitor patience 30 vs 20 min,standard;on;broken,standard 1; on 4@8fps; broken 1 + shared FX,greet,"bottom-centre (6,24); keeper floor anchor (16,40)",obj_door; shared door chassis/pose,"shared wobble(1px), smoke, intermittent sparks + jammed latch",P0,planned,"Smart door with doorbell camera. Doorbell camera and visitor-wait indicator. ON: open doorway/engaged entrance, explicitly delivered at every tier. Proposed location (10,0), logical frame 13x24; stable usePoint(-8,0), effectOrigin(0,-24), bubbleOrigin(0,-32), z40. New tier mechanics and names require review; existing names preserved."
kitchen,Kitchen / entrance,standard,fixed base / entrance,True,12x24,none,Cook; snack; tidy; greet; feed cat,"Day-one essential, never quiz-gated",obj_fridge,interactive_item,1,"PROPOSED, not coded: 4 item slots",standard;on;broken,standard 1; on 4@8fps; broken 1 + shared FX,reach_use,"bottom-centre (6,24); keeper floor anchor (16,40)",obj_fridge; shared storage chassis/pose,"shared wobble(1px), smoke, intermittent sparks + jammed hinge; contents never destroyed",P0,planned,"Small under-counter fridge. Small four-slot shelves or single chest. ON: 4-frame opening. Proposed location (30,0), logical frame 12x24; stable usePoint(-8,0), effectOrigin(0,-24), bubbleOrigin(0,-32), z40. New tier mechanics and names require review; existing names preserved."
kitchen,Kitchen / entrance,standard,fixed base / entrance,True,12x24,none,Cook; snack; tidy; greet; feed cat,"Day-one essential, never quiz-gated",obj_fridge_t2,interactive_item,2,"PROPOSED, not coded: 8 item slots",standard;on;broken,standard 1; on 4@8fps; broken 1 + shared FX,reach_use,"bottom-centre (6,24); keeper floor anchor (16,40)",obj_fridge; shared storage chassis/pose,"shared wobble(1px), smoke, intermittent sparks + jammed hinge; contents never destroyed",P0,planned,"Fridge-freezer. Divided eight-slot cabinet with double doors. ON: 4-frame opening. Proposed location (30,0), logical frame 12x24; stable usePoint(-8,0), effectOrigin(0,-24), bubbleOrigin(0,-32), z40. New tier mechanics and names require review; existing names preserved."
kitchen,Kitchen / entrance,standard,fixed base / entrance,True,12x24,none,Cook; snack; tidy; greet; feed cat,"Day-one essential, never quiz-gated",obj_fridge_t3,interactive_item,3,"PROPOSED, not coded: 12 item slots",standard;on;broken,standard 1; on 4@8fps; broken 1 + shared FX,reach_use,"bottom-centre (6,24); keeper floor anchor (16,40)",obj_fridge; shared storage chassis/pose,"shared wobble(1px), smoke, intermittent sparks + jammed hinge; contents never destroyed",P0,planned,"American-style fridge. Twelve-slot cabinet with labelled bays; same footprint. ON: 4-frame opening. Proposed location (30,0), logical frame 12x24; stable usePoint(-8,0), effectOrigin(0,-24), bubbleOrigin(0,-32), z40. New tier mechanics and names require review; existing names preserved."
kitchen,Kitchen / entrance,standard,fixed base / entrance,True,18x15,none,Cook; snack; tidy; greet; feed cat,"Day-one essential, never quiz-gated",obj_cooker,interactive_item,1,Runtime: Make toast; 12 game min; hunger +22 (need caps apply); proposed specialist perk: 1 recipe serving / 35 min,standard;on;broken,standard 1; on 4@8fps; broken 1 + shared FX,cook_back,"bottom-centre (9,15); keeper floor anchor (16,40)",obj_cooker; shared cook chassis/pose,"shared wobble(1px), smoke, intermittent sparks + sputtering burner",P0,planned,"Basic oven. Manual single burner/range. ON: 4-frame flame or service motion. Proposed location (53,0), logical frame 18x15; stable usePoint(-8,0), effectOrigin(0,-15), bubbleOrigin(0,-23), z40. New tier mechanics and names require review; existing names preserved."
kitchen,Kitchen / entrance,standard,fixed base / entrance,True,18x15,none,Cook; snack; tidy; greet; feed cat,"Day-one essential, never quiz-gated",obj_cooker_t2,interactive_item,2,Runtime: Make toast; 10 game min; hunger +28 (need caps apply); proposed specialist perk: 2 servings / 30 min,standard;on;broken,standard 1; on 4@8fps; broken 1 + shared FX,cook_back,"bottom-centre (9,15); keeper floor anchor (16,40)",obj_cooker; shared cook chassis/pose,"shared wobble(1px), smoke, intermittent sparks + sputtering burner",P0,planned,"Two-oven range. Two clearly marked burner controls. ON: 4-frame flame or service motion. Proposed location (53,0), logical frame 18x15; stable usePoint(-8,0), effectOrigin(0,-15), bubbleOrigin(0,-23), z40. New tier mechanics and names require review; existing names preserved."
kitchen,Kitchen / entrance,standard,fixed base / entrance,True,18x15,none,Cook; snack; tidy; greet; feed cat,"Day-one essential, never quiz-gated",obj_cooker_t3,interactive_item,3,Runtime: Make toast; 8 game min; hunger +33 (need caps apply); proposed specialist perk: 3 servings / 25 min,standard;on;broken,standard 1; on 4@8fps; broken 1 + shared FX,cook_back,"bottom-centre (9,15); keeper floor anchor (16,40)",obj_cooker; shared cook chassis/pose,"shared wobble(1px), smoke, intermittent sparks + sputtering burner",P0,planned,"Fancy professional kitchen. Three marked cooking slots and recipe display. ON: 4-frame flame or service motion. Proposed location (53,0), logical frame 18x15; stable usePoint(-8,0), effectOrigin(0,-15), bubbleOrigin(0,-23), z40. New tier mechanics and names require review; existing names preserved."
kitchen,Kitchen / entrance,standard,fixed base / entrance,True,8x23,none,Cook; snack; tidy; greet; feed cat,"Day-one essential, never quiz-gated",obj_broom,interactive_item,1,"Runtime: Tidy up; 25 game min; tidiness +40, fun -6 (need caps apply); proposed specialist perk: 40 tidiness / 25 min",standard;on;broken,standard 1; on 4@8fps; broken 1 + shared FX,tidy,"bottom-centre (4,23); keeper floor anchor (16,40)",obj_broom; shared clean chassis/pose,"shared wobble(1px), smoke, intermittent sparks + split bristle or stalled wheel",P0,planned,"Broom. Broom and bristles. ON: 4-frame tool motion. Proposed location (76,0), logical frame 8x23; stable usePoint(-8,0), effectOrigin(0,-23), bubbleOrigin(0,-31), z40. New tier mechanics and names require review; existing names preserved."
kitchen,Kitchen / entrance,standard,fixed base / entrance,True,8x23,none,Cook; snack; tidy; greet; feed cat,"Day-one essential, never quiz-gated",obj_broom_t2,interactive_item,2,"Runtime: Tidy up; 21 game min; tidiness +50, fun -6 (need caps apply); proposed specialist perk: 50 tidiness / 21 min",standard;on;broken,standard 1; on 4@8fps; broken 1 + shared FX,tidy,"bottom-centre (4,23); keeper floor anchor (16,40)",obj_broom; shared clean chassis/pose,"shared wobble(1px), smoke, intermittent sparks + split bristle or stalled wheel",P0,planned,"Hoover. Hoover body with hose. ON: 4-frame tool motion. Proposed location (76,0), logical frame 8x23; stable usePoint(-8,0), effectOrigin(0,-23), bubbleOrigin(0,-31), z40. New tier mechanics and names require review; existing names preserved."
kitchen,Kitchen / entrance,standard,fixed base / entrance,True,8x23,none,Cook; snack; tidy; greet; feed cat,"Day-one essential, never quiz-gated",obj_broom_t3,interactive_item,3,"Runtime: Tidy up; 18 game min; tidiness +60, fun -6 (need caps apply); proposed specialist perk: 60 tidiness / 18 min",standard;on;broken,standard 1; on 4@8fps; broken 1 + shared FX,tidy,"bottom-centre (4,23); keeper floor anchor (16,40)",obj_broom; shared clean chassis/pose,"shared wobble(1px), smoke, intermittent sparks + split bristle or stalled wheel",P0,planned,"Robot hoover. Robot cleaner with wheels and automatic status light. ON: 4-frame tool motion. Proposed location (76,0), logical frame 8x23; stable usePoint(-8,0), effectOrigin(0,-23), bubbleOrigin(0,-31), z40. New tier mechanics and names require review; existing names preserved."
kitchen,Kitchen / entrance,standard,fixed base / entrance,True,10x5,none,Cook; snack; tidy; greet; feed cat,"Day-one essential, never quiz-gated",obj_petbowl,interactive_item,1,Runtime: Feed the pet; 8 game min; social +8 (need caps apply); proposed specialist perk: 10 pet-care points / 12 min,standard;on;broken,standard 1; on 4@8fps; broken 1 + shared FX,chicken_care,"bottom-centre (5,5); keeper floor anchor (16,40)",obj_petbowl; shared pet chassis/pose,"shared wobble(1px), smoke, intermittent sparks + broken latch or feed jam",P0,planned,"Plain pet bowl. Plain bowl or simple hand-fed coop. ON: 4-frame feeding. Proposed location (95,0), logical frame 10x5; stable usePoint(-8,0), effectOrigin(0,-5), bubbleOrigin(0,-13), z40. New tier mechanics and names require review; existing names preserved."
kitchen,Kitchen / entrance,standard,fixed base / entrance,True,10x5,none,Cook; snack; tidy; greet; feed cat,"Day-one essential, never quiz-gated",obj_petbowl_t2,interactive_item,2,Runtime: Feed the pet; 7 game min; social +10 (need caps apply); proposed specialist perk: 15 pet-care points / 10 min,standard;on;broken,standard 1; on 4@8fps; broken 1 + shared FX,chicken_care,"bottom-centre (5,5); keeper floor anchor (16,40)",obj_petbowl; shared pet chassis/pose,"shared wobble(1px), smoke, intermittent sparks + broken latch or feed jam",P0,planned,"Bowl with the pet's name on it. Sturdier vessel with visible larger feed measure. ON: 4-frame feeding. Proposed location (95,0), logical frame 10x5; stable usePoint(-8,0), effectOrigin(0,-5), bubbleOrigin(0,-13), z40. New tier mechanics and names require review; existing names preserved."
kitchen,Kitchen / entrance,standard,fixed base / entrance,True,10x5,none,Cook; snack; tidy; greet; feed cat,"Day-one essential, never quiz-gated",obj_petbowl_t3,interactive_item,3,Runtime: Feed the pet; 6 game min; social +12 (need caps apply); proposed specialist perk: 20 pet-care points / 8 min,standard;on;broken,standard 1; on 4@8fps; broken 1 + shared FX,chicken_care,"bottom-centre (5,5); keeper floor anchor (16,40)",obj_petbowl; shared pet chassis/pose,"shared wobble(1px), smoke, intermittent sparks + broken latch or feed jam",P0,planned,"Automatic feeder. Automatic feed dispenser and timed indicator. ON: 4-frame feeding. Proposed location (95,0), logical frame 10x5; stable usePoint(-8,0), effectOrigin(0,-5), bubbleOrigin(0,-13), z40. New tier mechanics and names require review; existing names preserved."
kitchen,Kitchen / entrance,standard,fixed base / entrance,True,12x12,none,Cook; snack; tidy; greet; feed cat,"Day-one essential, never quiz-gated",prop_worktop,dressing_or_activity_prop,1,Supports Cook; snack; tidy; greet; feed cat; single tier,standard,1,reach_use,bottom-centre; water surface top-left,shared prop_worktop,not independently interactive; no repair tier,P0,planned,Separate prop; do not bake interactive furniture into plates. Exact final appearance proposal.
kitchen,Kitchen / entrance,standard,fixed base / entrance,True,12x12,none,Cook; snack; tidy; greet; feed cat,"Day-one essential, never quiz-gated",prop_wall_shelf,dressing_or_activity_prop,1,Supports Cook; snack; tidy; greet; feed cat; single tier,standard,1,reach_use,bottom-centre; water surface top-left,shared prop_wall_shelf,not independently interactive; no repair tier,P0,planned,Separate prop; do not bake interactive furniture into plates. Exact final appearance proposal.
kitchen,Kitchen / entrance,standard,fixed base / entrance,True,12x12,none,Cook; snack; tidy; greet; feed cat,"Day-one essential, never quiz-gated",prop_hooks,dressing_or_activity_prop,1,Supports Cook; snack; tidy; greet; feed cat; single tier,standard,1,reach_use,bottom-centre; water surface top-left,shared prop_hooks,not independently interactive; no repair tier,P0,planned,Separate prop; do not bake interactive furniture into plates. Exact final appearance proposal.
kitchen,Kitchen / entrance,standard,fixed base / entrance,True,32x40,none,Cook; snack; tidy; greet; feed cat,"Day-one essential, never quiz-gated",keeper_chicken_care,keeper_clip,0,Reusable task pose,on,6@8fps,chicken_care,"floor (16,40); neck (16,11); shoulders (10,15)/(22,15); hips (13,25)/(19,25)",shared keeper_chicken_care,not repairable,P0,planned,32x40 aligned frames; hand-drawn angles and integer translation; no arbitrary raster rotation.
kitchen,Kitchen / entrance,standard,fixed base / entrance,True,32x40,none,Cook; snack; tidy; greet; feed cat,"Day-one essential, never quiz-gated",keeper_cook_back,keeper_clip,0,Reusable task pose,on,8@8fps,cook_back,"floor (16,40); neck (16,11); shoulders (10,15)/(22,15); hips (13,25)/(19,25)",shared keeper_cook_back,not repairable,P0,delivered-review,32x40 aligned frames; hand-drawn angles and integer translation; no arbitrary raster rotation.
kitchen,Kitchen / entrance,standard,fixed base / entrance,True,32x40,none,Cook; snack; tidy; greet; feed cat,"Day-one essential, never quiz-gated",keeper_greet,keeper_clip,0,Reusable task pose,on,5@8fps,greet,"floor (16,40); neck (16,11); shoulders (10,15)/(22,15); hips (13,25)/(19,25)",shared keeper_greet,not repairable,P0,planned,32x40 aligned frames; hand-drawn angles and integer translation; no arbitrary raster rotation.
kitchen,Kitchen / entrance,standard,fixed base / entrance,True,32x40,none,Cook; snack; tidy; greet; feed cat,"Day-one essential, never quiz-gated",keeper_idle,keeper_clip,0,Reusable task pose,on,4@6fps,idle,"floor (16,40); neck (16,11); shoulders (10,15)/(22,15); hips (13,25)/(19,25)",shared keeper_idle,not repairable,P0,delivered-review,32x40 aligned frames; hand-drawn angles and integer translation; no arbitrary raster rotation.
kitchen,Kitchen / entrance,standard,fixed base / entrance,True,32x40,none,Cook; snack; tidy; greet; feed cat,"Day-one essential, never quiz-gated",keeper_reach_use,keeper_clip,0,Reusable task pose,on,5@10fps,reach_use,"floor (16,40); neck (16,11); shoulders (10,15)/(22,15); hips (13,25)/(19,25)",shared keeper_reach_use,not repairable,P0,planned,32x40 aligned frames; hand-drawn angles and integer translation; no arbitrary raster rotation.
kitchen,Kitchen / entrance,standard,fixed base / entrance,True,32x40,none,Cook; snack; tidy; greet; feed cat,"Day-one essential, never quiz-gated",keeper_shrug,keeper_clip,0,Reusable task pose,on,4@8fps,shrug,"floor (16,40); neck (16,11); shoulders (10,15)/(22,15); hips (13,25)/(19,25)",shared keeper_shrug,not repairable,P0,planned,32x40 aligned frames; hand-drawn angles and integer translation; no arbitrary raster rotation.
kitchen,Kitchen / entrance,standard,fixed base / entrance,True,32x40,none,Cook; snack; tidy; greet; feed cat,"Day-one essential, never quiz-gated",keeper_tidy,keeper_clip,0,Reusable task pose,on,6@8fps,tidy,"floor (16,40); neck (16,11); shoulders (10,15)/(22,15); hips (13,25)/(19,25)",shared keeper_tidy,not repairable,P0,planned,32x40 aligned frames; hand-drawn angles and integer translation; no arbitrary raster rotation.
kitchen,Kitchen / entrance,standard,fixed base / entrance,True,32x40,none,Cook; snack; tidy; greet; feed cat,"Day-one essential, never quiz-gated",keeper_walk,keeper_clip,0,Reusable task pose,on,8@10fps,walk,"floor (16,40); neck (16,11); shoulders (10,15)/(22,15); hips (13,25)/(19,25)",shared keeper_walk,not repairable,P0,delivered-review,32x40 aligned frames; hand-drawn angles and integer translation; no arbitrary raster rotation.
kitchen,Kitchen / entrance,standard,fixed base / entrance,True,12x16,none,Cook; snack; tidy; greet; feed cat,"Day-one essential, never quiz-gated",fx_broken_smoke,shared_effect,0,Reusable fault/reveal feedback,on,8@8fps,none,"[6, 16]",fx_broken_smoke,overlay; does not move anchors,P0,delivered-review,FX shared; casing/body motion is separately integer-safe.
kitchen,Kitchen / entrance,standard,fixed base / entrance,True,12x12,none,Cook; snack; tidy; greet; feed cat,"Day-one essential, never quiz-gated",fx_broken_sparks,shared_effect,0,Reusable fault/reveal feedback,on,6@12fps,none,"[6, 6]",fx_broken_sparks,overlay; does not move anchors,P0,delivered-review,FX shared; casing/body motion is separately integer-safe.
kitchen,Kitchen / entrance,standard,fixed base / entrance,True,64x64,none,Cook; snack; tidy; greet; feed cat,"Day-one essential, never quiz-gated",fx_floor_arrival_smoke,shared_effect,0,Reusable fault/reveal feedback,on,8@12fps,none,"[32, 64]",fx_floor_arrival_smoke,overlay; does not move anchors,P0,planned,FX shared; casing/body motion is separately integer-safe.
kitchen,Kitchen / entrance,standard,fixed base / entrance,True,16x16,none,Cook; snack; tidy; greet; feed cat,"Day-one essential, never quiz-gated",fx_shine,shared_effect,0,Reusable fault/reveal feedback,on,4@8fps,none,"[8, 16]",fx_shine,overlay; does not move anchors,P0,planned,FX shared; casing/body motion is separately integer-safe.
living,Living room,standard,saved random middle slot,True,105x35,none,TV; reading; music; sofa nap,Day-one relaxation,room_living,room_plate,0,Separate structure; enables activities below,standard,1,none,"top-left (0,0); floor y=35",room timber/stone/tile palette; no furniture,structure faults use separate interactive components,P0,delivered-existing,TV left; shelf centre; piano right; sofa foreground; locked; source: docs/PRODUCTION_ASSET_KIT.md; docs/CODEX_BRIEF.md
living,Living room,standard,saved random middle slot,True,5x35,none,TV; reading; music; sofa nap,Day-one relaxation,seam_standard,structural_kit,0,Connect without resizing furniture,standard,1,none,integer parent seam; walking-plane y=0,shared wall/beam/pipe segments,none; parent component controls faults,P0,planned,Core remains 110x35; 105x35 plate; world-Y stripes. Extensions consume no standard slot.
living,Living room,standard,saved random middle slot,True,28x23,none,TV; reading; music; sofa nap,Day-one relaxation,obj_tv,interactive_item,1,"Runtime: Watch TV; 40 game min; fun +30, energy -4 (need caps apply); proposed specialist perk: 30 fun / 40 game min",standard;on;broken,standard 1; on 4@8fps; broken 1 + shared FX,watch_tv,"bottom-centre (14,23); keeper floor anchor (16,40)",obj_tv; shared fun chassis/pose,"shared wobble(1px), smoke, intermittent sparks + cracked screen",P0,delivered-review,"Old box telly. Charcoal CRT and wooden stand. ON: literal B B SEA wordmark from supplied BBC NEWS reference, NEWS title and newsreader head; Sport football match; Nature animals. Every tier needs all three channel strips; glass always opaque. Proposed location (23,0), logical frame 28x23; stable usePoint(14,0), effectOrigin(8,-18), bubbleOrigin(0,-28), z40. New tier mechanics and names require review; existing names preserved."
living,Living room,standard,saved random middle slot,True,28x23,none,TV; reading; music; sofa nap,Day-one relaxation,obj_tv_t2,interactive_item,2,"Runtime: Watch TV; 34 game min; fun +38, energy -4 (need caps apply); proposed specialist perk: 38 fun / 34 game min",standard;on;broken,standard 1; on 4@8fps; broken 1 + shared FX,watch_tv,"bottom-centre (14,23); keeper floor anchor (16,40)",obj_tv; shared fun chassis/pose,"shared wobble(1px), smoke, intermittent sparks + cracked screen",P0,planned,"Big flat-screen TV. Flat-screen with same stable stand and larger viewing area. ON: literal B B SEA wordmark from supplied BBC NEWS reference, NEWS title and newsreader head; Sport football match; Nature animals. Every tier needs all three channel strips; glass always opaque. Proposed location (23,0), logical frame 28x23; stable usePoint(14,0), effectOrigin(8,-18), bubbleOrigin(0,-28), z40. New tier mechanics and names require review; existing names preserved."
living,Living room,standard,saved random middle slot,True,28x23,none,TV; reading; music; sofa nap,Day-one relaxation,obj_tv_t3,interactive_item,3,"Runtime: Watch TV; 28 game min; fun +45, energy -4 (need caps apply); proposed specialist perk: 45 fun / 28 game min",standard;on;broken,standard 1; on 4@8fps; broken 1 + shared FX,watch_tv,"bottom-centre (14,23); keeper floor anchor (16,40)",obj_tv; shared fun chassis/pose,"shared wobble(1px), smoke, intermittent sparks + cracked screen",P0,planned,"Cinema wall with surround sound. Cinema-style screen and two compact speakers within fixed bounds. ON: literal B B SEA wordmark from supplied BBC NEWS reference, NEWS title and newsreader head; Sport football match; Nature animals. Every tier needs all three channel strips; glass always opaque. Proposed location (23,0), logical frame 28x23; stable usePoint(14,0), effectOrigin(8,-18), bubbleOrigin(0,-28), z40. New tier mechanics and names require review; existing names preserved."
living,Living room,standard,saved random middle slot,True,20x28,none,TV; reading; music; sofa nap,Day-one relaxation,obj_bookshelf,interactive_item,1,"Runtime: Read a book; 40 game min; fun +26, energy +3 (need caps apply); proposed specialist perk: 1 clue per 20 game min",standard;on;broken,standard 1; on 4@8fps; broken 1 + shared FX,read,"bottom-centre (10,28); keeper floor anchor (16,40)",obj_bookshelf; shared research chassis/pose,"shared wobble(1px), smoke, intermittent sparks + stuck page or screen",P0,planned,"Wobbly shelf. Manual book, board or simple computer. ON: 4-frame page or display change. Proposed location (53,0), logical frame 20x28; stable usePoint(-8,0), effectOrigin(0,-28), bubbleOrigin(0,-36), z40. New tier mechanics and names require review; existing names preserved."
living,Living room,standard,saved random middle slot,True,20x28,none,TV; reading; music; sofa nap,Day-one relaxation,obj_bookshelf_t2,interactive_item,2,"Runtime: Read a book; 34 game min; fun +33, energy +4 (need caps apply); proposed specialist perk: 2 clues per 17 game min",standard;on;broken,standard 1; on 4@8fps; broken 1 + shared FX,read,"bottom-centre (10,28); keeper floor anchor (16,40)",obj_bookshelf; shared research chassis/pose,"shared wobble(1px), smoke, intermittent sparks + stuck page or screen",P0,planned,"Proper bookcase. Indexed storage or improved terminal. ON: 4-frame page or display change. Proposed location (53,0), logical frame 20x28; stable usePoint(-8,0), effectOrigin(0,-28), bubbleOrigin(0,-36), z40. New tier mechanics and names require review; existing names preserved."
living,Living room,standard,saved random middle slot,True,20x28,none,TV; reading; music; sofa nap,Day-one relaxation,obj_bookshelf_t3,interactive_item,3,"Runtime: Read a book; 28 game min; fun +39, energy +5 (need caps apply); proposed specialist perk: 3 clues per 14 game min",standard;on;broken,standard 1; on 4@8fps; broken 1 + shared FX,read,"bottom-centre (10,28); keeper floor anchor (16,40)",obj_bookshelf; shared research chassis/pose,"shared wobble(1px), smoke, intermittent sparks + stuck page or screen",P0,planned,"Library wall with a ladder. Search interface or clue display; no live internet. ON: 4-frame page or display change. Proposed location (53,0), logical frame 20x28; stable usePoint(-8,0), effectOrigin(0,-28), bubbleOrigin(0,-36), z40. New tier mechanics and names require review; existing names preserved."
living,Living room,standard,saved random middle slot,True,25x18,none,TV; reading; music; sofa nap,Day-one relaxation,obj_piano,interactive_item,1,"Runtime: Play the piano; 30 game min; fun +30, social +4 (need caps apply); proposed specialist perk: 30 fun and 4 social / 30 min",standard;on;broken,standard 1; on 4@8fps; broken 1 + shared FX,piano,"bottom-centre (12,18); keeper floor anchor (16,40)",obj_piano; shared music chassis/pose,"shared wobble(1px), smoke, intermittent sparks + stuck key",P0,planned,"Old upright piano. Basic upright or small instrument casing. ON: 4-frame keys or bellows. Proposed location (85,0), logical frame 25x18; stable usePoint(-8,0), effectOrigin(0,-18), bubbleOrigin(0,-26), z40. New tier mechanics and names require review; existing names preserved."
living,Living room,standard,saved random middle slot,True,25x18,none,TV; reading; music; sofa nap,Day-one relaxation,obj_piano_t2,interactive_item,2,"Runtime: Play the piano; 26 game min; fun +38, social +5 (need caps apply); proposed specialist perk: 38 fun and 5 social / 26 min",standard;on;broken,standard 1; on 4@8fps; broken 1 + shared FX,piano,"bottom-centre (12,18); keeper floor anchor (16,40)",obj_piano; shared music chassis/pose,"shared wobble(1px), smoke, intermittent sparks + stuck key",P0,planned,"Shiny upright piano. Improved keyboard/bellows and sound indicator. ON: 4-frame keys or bellows. Proposed location (85,0), logical frame 25x18; stable usePoint(-8,0), effectOrigin(0,-18), bubbleOrigin(0,-26), z40. New tier mechanics and names require review; existing names preserved."
living,Living room,standard,saved random middle slot,True,25x18,none,TV; reading; music; sofa nap,Day-one relaxation,obj_piano_t3,interactive_item,3,"Runtime: Play the piano; 21 game min; fun +45, social +6 (need caps apply); proposed specialist perk: 45 fun and 6 social / 21 min",standard;on;broken,standard 1; on 4@8fps; broken 1 + shared FX,piano,"bottom-centre (12,18); keeper floor anchor (16,40)",obj_piano; shared music chassis/pose,"shared wobble(1px), smoke, intermittent sparks + stuck key",P0,planned,"Grand piano. Performance-ready casing and concert cue; keep frame bounds. ON: 4-frame keys or bellows. Proposed location (85,0), logical frame 25x18; stable usePoint(-8,0), effectOrigin(0,-18), bubbleOrigin(0,-26), z40. New tier mechanics and names require review; existing names preserved."
living,Living room,standard,saved random middle slot,True,28x23,none,TV; reading; music; sofa nap,Day-one relaxation,obj_tv_channel_news_on,channel_strip,1,Runtime action reuse: watch TV: fun +30/+38/+45; 40/34/28 min,on,4@8fps,watch_tv,"frame bottom-centre (14,23); usePoint(14,0)",same CRT casing as corresponding tier,broken state uses common TV broken strip,P0,delivered-review,"BB Sea: Fictional keeper news presenter, moving ticker, blinking mouth. Same gameplay action as existing tv_watch/tv_nature; no new floor/mission rules. Channel art required at every TV tier."
living,Living room,standard,saved random middle slot,True,28x23,none,TV; reading; music; sofa nap,Day-one relaxation,obj_tv_channel_sport_on,channel_strip,1,Runtime action reuse: watch TV: fun +30/+38/+45; 40/34/28 min,on,4@8fps,watch_tv,"frame bottom-centre (14,23); usePoint(14,0)",same CRT casing as corresponding tier,broken state uses common TV broken strip,P0,delivered-review,"Sport: Football pitch, moving ball and kicking players. Same gameplay action as existing tv_watch/tv_nature; no new floor/mission rules. Channel art required at every TV tier."
living,Living room,standard,saved random middle slot,True,28x23,none,TV; reading; music; sofa nap,Day-one relaxation,obj_tv_channel_nature_on,channel_strip,1,Runtime action reuse: nature: fun +22/+28/+33 and social +6/+8/+9; 40/34/28 min,on,4@8fps,watch_tv,"frame bottom-centre (14,23); usePoint(14,0)",same CRT casing as corresponding tier,broken state uses common TV broken strip,P0,delivered-review,"Nature: Penguin on rocks, flapping wing, moving gull and waves. Same gameplay action as existing tv_watch/tv_nature; no new floor/mission rules. Channel art required at every TV tier."
living,Living room,standard,saved random middle slot,True,28x23,none,TV; reading; music; sofa nap,Day-one relaxation,obj_tv_t2_channel_news_on,channel_strip,2,Runtime action reuse: watch TV: fun +30/+38/+45; 40/34/28 min,on,4@8fps,watch_tv,"frame bottom-centre (14,23); usePoint(14,0)",same CRT casing as corresponding tier,broken state uses common TV broken strip,P0,planned,"BB Sea: Fictional keeper news presenter, moving ticker, blinking mouth. Same gameplay action as existing tv_watch/tv_nature; no new floor/mission rules. Channel art required at every TV tier."
living,Living room,standard,saved random middle slot,True,28x23,none,TV; reading; music; sofa nap,Day-one relaxation,obj_tv_t2_channel_sport_on,channel_strip,2,Runtime action reuse: watch TV: fun +30/+38/+45; 40/34/28 min,on,4@8fps,watch_tv,"frame bottom-centre (14,23); usePoint(14,0)",same CRT casing as corresponding tier,broken state uses common TV broken strip,P0,planned,"Sport: Football pitch, moving ball and kicking players. Same gameplay action as existing tv_watch/tv_nature; no new floor/mission rules. Channel art required at every TV tier."
living,Living room,standard,saved random middle slot,True,28x23,none,TV; reading; music; sofa nap,Day-one relaxation,obj_tv_t2_channel_nature_on,channel_strip,2,Runtime action reuse: nature: fun +22/+28/+33 and social +6/+8/+9; 40/34/28 min,on,4@8fps,watch_tv,"frame bottom-centre (14,23); usePoint(14,0)",same CRT casing as corresponding tier,broken state uses common TV broken strip,P0,planned,"Nature: Penguin on rocks, flapping wing, moving gull and waves. Same gameplay action as existing tv_watch/tv_nature; no new floor/mission rules. Channel art required at every TV tier."
living,Living room,standard,saved random middle slot,True,28x23,none,TV; reading; music; sofa nap,Day-one relaxation,obj_tv_t3_channel_news_on,channel_strip,3,Runtime action reuse: watch TV: fun +30/+38/+45; 40/34/28 min,on,4@8fps,watch_tv,"frame bottom-centre (14,23); usePoint(14,0)",same CRT casing as corresponding tier,broken state uses common TV broken strip,P0,planned,"BB Sea: Fictional keeper news presenter, moving ticker, blinking mouth. Same gameplay action as existing tv_watch/tv_nature; no new floor/mission rules. Channel art required at every TV tier."
living,Living room,standard,saved random middle slot,True,28x23,none,TV; reading; music; sofa nap,Day-one relaxation,obj_tv_t3_channel_sport_on,channel_strip,3,Runtime action reuse: watch TV: fun +30/+38/+45; 40/34/28 min,on,4@8fps,watch_tv,"frame bottom-centre (14,23); usePoint(14,0)",same CRT casing as corresponding tier,broken state uses common TV broken strip,P0,planned,"Sport: Football pitch, moving ball and kicking players. Same gameplay action as existing tv_watch/tv_nature; no new floor/mission rules. Channel art required at every TV tier."
living,Living room,standard,saved random middle slot,True,28x23,none,TV; reading; music; sofa nap,Day-one relaxation,obj_tv_t3_channel_nature_on,channel_strip,3,Runtime action reuse: nature: fun +22/+28/+33 and social +6/+8/+9; 40/34/28 min,on,4@8fps,watch_tv,"frame bottom-centre (14,23); usePoint(14,0)",same CRT casing as corresponding tier,broken state uses common TV broken strip,P0,planned,"Nature: Penguin on rocks, flapping wing, moving gull and waves. Same gameplay action as existing tv_watch/tv_nature; no new floor/mission rules. Channel art required at every TV tier."
living,Living room,standard,saved random middle slot,True,12x12,none,TV; reading; music; sofa nap,Day-one relaxation,prop_sofa,dressing_or_activity_prop,1,Supports TV; reading; music; sofa nap; single tier,standard,1,reach_use,bottom-centre; water surface top-left,shared prop_sofa,not independently interactive; no repair tier,P0,planned,Separate prop; do not bake interactive furniture into plates. Exact final appearance proposal.
living,Living room,standard,saved random middle slot,True,12x12,none,TV; reading; music; sofa nap,Day-one relaxation,prop_rug,dressing_or_activity_prop,1,Supports TV; reading; music; sofa nap; single tier,standard,1,reach_use,bottom-centre; water surface top-left,shared prop_rug,not independently interactive; no repair tier,P0,planned,Separate prop; do not bake interactive furniture into plates. Exact final appearance proposal.
living,Living room,standard,saved random middle slot,True,12x12,none,TV; reading; music; sofa nap,Day-one relaxation,prop_sea_chart,dressing_or_activity_prop,1,Supports TV; reading; music; sofa nap; single tier,standard,1,reach_use,bottom-centre; water surface top-left,shared prop_sea_chart,not independently interactive; no repair tier,P0,planned,Separate prop; do not bake interactive furniture into plates. Exact final appearance proposal.
living,Living room,standard,saved random middle slot,True,32x40,none,TV; reading; music; sofa nap,Day-one relaxation,keeper_greet,keeper_clip,0,Reusable task pose,on,5@8fps,greet,"floor (16,40); neck (16,11); shoulders (10,15)/(22,15); hips (13,25)/(19,25)",shared keeper_greet,not repairable,P0,planned,32x40 aligned frames; hand-drawn angles and integer translation; no arbitrary raster rotation.
living,Living room,standard,saved random middle slot,True,32x40,none,TV; reading; music; sofa nap,Day-one relaxation,keeper_idle,keeper_clip,0,Reusable task pose,on,4@6fps,idle,"floor (16,40); neck (16,11); shoulders (10,15)/(22,15); hips (13,25)/(19,25)",shared keeper_idle,not repairable,P0,delivered-review,32x40 aligned frames; hand-drawn angles and integer translation; no arbitrary raster rotation.
living,Living room,standard,saved random middle slot,True,32x40,none,TV; reading; music; sofa nap,Day-one relaxation,keeper_piano,keeper_clip,0,Reusable task pose,on,8@10fps,piano,"floor (16,40); neck (16,11); shoulders (10,15)/(22,15); hips (13,25)/(19,25)",shared keeper_piano,not repairable,P0,delivered-review,32x40 aligned frames; hand-drawn angles and integer translation; no arbitrary raster rotation.
living,Living room,standard,saved random middle slot,True,32x40,none,TV; reading; music; sofa nap,Day-one relaxation,keeper_reach_use,keeper_clip,0,Reusable task pose,on,5@10fps,reach_use,"floor (16,40); neck (16,11); shoulders (10,15)/(22,15); hips (13,25)/(19,25)",shared keeper_reach_use,not repairable,P0,planned,32x40 aligned frames; hand-drawn angles and integer translation; no arbitrary raster rotation.
living,Living room,standard,saved random middle slot,True,32x40,none,TV; reading; music; sofa nap,Day-one relaxation,keeper_read,keeper_clip,0,Reusable task pose,on,4@5fps,read,"floor (16,40); neck (16,11); shoulders (10,15)/(22,15); hips (13,25)/(19,25)",shared keeper_read,not repairable,P0,planned,32x40 aligned frames; hand-drawn angles and integer translation; no arbitrary raster rotation.
living,Living room,standard,saved random middle slot,True,32x40,none,TV; reading; music; sofa nap,Day-one relaxation,keeper_shrug,keeper_clip,0,Reusable task pose,on,4@8fps,shrug,"floor (16,40); neck (16,11); shoulders (10,15)/(22,15); hips (13,25)/(19,25)",shared keeper_shrug,not repairable,P0,planned,32x40 aligned frames; hand-drawn angles and integer translation; no arbitrary raster rotation.
living,Living room,standard,saved random middle slot,True,32x40,none,TV; reading; music; sofa nap,Day-one relaxation,keeper_walk,keeper_clip,0,Reusable task pose,on,8@10fps,walk,"floor (16,40); neck (16,11); shoulders (10,15)/(22,15); hips (13,25)/(19,25)",shared keeper_walk,not repairable,P0,delivered-review,32x40 aligned frames; hand-drawn angles and integer translation; no arbitrary raster rotation.
living,Living room,standard,saved random middle slot,True,32x40,none,TV; reading; music; sofa nap,Day-one relaxation,keeper_watch_tv,keeper_clip,0,Reusable task pose,on,8@6fps,watch_tv,"floor (16,40); neck (16,11); shoulders (10,15)/(22,15); hips (13,25)/(19,25)",shared keeper_watch_tv,not repairable,P0,delivered-review,32x40 aligned frames; hand-drawn angles and integer translation; no arbitrary raster rotation.
living,Living room,standard,saved random middle slot,True,12x16,none,TV; reading; music; sofa nap,Day-one relaxation,fx_broken_smoke,shared_effect,0,Reusable fault/reveal feedback,on,8@8fps,none,"[6, 16]",fx_broken_smoke,overlay; does not move anchors,P0,delivered-review,FX shared; casing/body motion is separately integer-safe.
living,Living room,standard,saved random middle slot,True,12x12,none,TV; reading; music; sofa nap,Day-one relaxation,fx_broken_sparks,shared_effect,0,Reusable fault/reveal feedback,on,6@12fps,none,"[6, 6]",fx_broken_sparks,overlay; does not move anchors,P0,delivered-review,FX shared; casing/body motion is separately integer-safe.
living,Living room,standard,saved random middle slot,True,64x64,none,TV; reading; music; sofa nap,Day-one relaxation,fx_floor_arrival_smoke,shared_effect,0,Reusable fault/reveal feedback,on,8@12fps,none,"[32, 64]",fx_floor_arrival_smoke,overlay; does not move anchors,P0,planned,FX shared; casing/body motion is separately integer-safe.
living,Living room,standard,saved random middle slot,True,16x16,none,TV; reading; music; sofa nap,Day-one relaxation,fx_shine,shared_effect,0,Reusable fault/reveal feedback,on,4@8fps,none,"[8, 16]",fx_shine,overlay; does not move anchors,P0,planned,FX shared; casing/body motion is separately integer-safe.
bedroom,Bedroom with en suite,standard,immediately beneath lamp; moves with tower,True,105x35,none,Sleep; call; diary; wash; loo,Day-one essentials,room_bedroom,room_plate,0,Separate structure; enables activities below,standard,1,none,"top-left (0,0); floor y=35",room timber/stone/tile palette; no furniture,structure faults use separate interactive components,P0,delivered-existing,Bed left; phone and desk centre; partition at x74; bathroom right; locked; source: docs/PRODUCTION_ASSET_KIT.md; docs/CODEX_BRIEF.md
bedroom,Bedroom with en suite,standard,immediately beneath lamp; moves with tower,True,5x35,none,Sleep; call; diary; wash; loo,Day-one essentials,seam_standard,structural_kit,0,Connect without resizing furniture,standard,1,none,integer parent seam; walking-plane y=0,shared wall/beam/pipe segments,none; parent component controls faults,P0,planned,Core remains 110x35; 105x35 plate; world-Y stripes. Extensions consume no standard slot.
bedroom,Bedroom with en suite,standard,immediately beneath lamp; moves with tower,True,30x14,none,Sleep; call; diary; wash; loo,Day-one essentials,obj_bed,interactive_item,1,Runtime: morning energy 80 percent; proposed specialist perk: 80 percent morning energy,standard;on;broken,standard 1; on 4@8fps; broken 1 + shared FX,sleep,"bottom-centre (15,14); keeper floor anchor (16,40)",obj_bed; shared sleep chassis/pose,"shared wobble(1px), smoke, intermittent sparks + exposed spring",P0,planned,"Creaky single bed. Single bed and blue blanket. ON: 4-frame blanket rise. Proposed location (18,0), logical frame 30x14; stable usePoint(-8,0), effectOrigin(0,-14), bubbleOrigin(0,-22), z40. New tier mechanics and names require review; existing names preserved."
bedroom,Bedroom with en suite,standard,immediately beneath lamp; moves with tower,True,30x14,none,Sleep; call; diary; wash; loo,Day-one essentials,obj_bed_t2,interactive_item,2,Runtime: morning energy 90 percent; proposed specialist perk: 90 percent morning energy,standard;on;broken,standard 1; on 4@8fps; broken 1 + shared FX,sleep,"bottom-centre (15,14); keeper floor anchor (16,40)",obj_bed; shared sleep chassis/pose,"shared wobble(1px), smoke, intermittent sparks + exposed spring",P0,planned,"Comfy double bed. Double-style padded headboard within same frame. ON: 4-frame blanket rise. Proposed location (18,0), logical frame 30x14; stable usePoint(-8,0), effectOrigin(0,-14), bubbleOrigin(0,-22), z40. New tier mechanics and names require review; existing names preserved."
bedroom,Bedroom with en suite,standard,immediately beneath lamp; moves with tower,True,30x14,none,Sleep; call; diary; wash; loo,Day-one essentials,obj_bed_t3,interactive_item,3,Runtime: morning energy 100 percent; proposed specialist perk: 100 percent morning energy,standard;on;broken,standard 1; on 4@8fps; broken 1 + shared FX,sleep,"bottom-centre (15,14); keeper floor anchor (16,40)",obj_bed; shared sleep chassis/pose,"shared wobble(1px), smoke, intermittent sparks + exposed spring",P0,planned,"Royal four-poster. Four-poster silhouette with energy crest; same footprint. ON: 4-frame blanket rise. Proposed location (18,0), logical frame 30x14; stable usePoint(-8,0), effectOrigin(0,-14), bubbleOrigin(0,-22), z40. New tier mechanics and names require review; existing names preserved."
bedroom,Bedroom with en suite,standard,immediately beneath lamp; moves with tower,True,15x18,none,Sleep; call; diary; wash; loo,Day-one essentials,obj_phone,interactive_item,1,Runtime: Phone a friend; 10 game min; social +12 (need caps apply); proposed specialist perk: 12 social / 20 min,standard;on;broken,standard 1; on 4@8fps; broken 1 + shared FX,phone,"bottom-centre (7,18); keeper floor anchor (16,40)",obj_phone; shared social chassis/pose,"shared wobble(1px), smoke, intermittent sparks + jam or dead signal",P0,planned,"Old dial phone. Manual handset or small serving counter. ON: 4-frame serving or ring. Proposed location (54,-20), logical frame 15x18; stable usePoint(-8,0), effectOrigin(0,-18), bubbleOrigin(0,-26), z40. New tier mechanics and names require review; existing names preserved."
bedroom,Bedroom with en suite,standard,immediately beneath lamp; moves with tower,True,15x18,none,Sleep; call; diary; wash; loo,Day-one essentials,obj_phone_t2,interactive_item,2,Runtime: Phone a friend; 9 game min; social +15 (need caps apply); proposed specialist perk: 15 social / 17 min,standard;on;broken,standard 1; on 4@8fps; broken 1 + shared FX,phone,"bottom-centre (7,18); keeper floor anchor (16,40)",obj_phone; shared social chassis/pose,"shared wobble(1px), smoke, intermittent sparks + jam or dead signal",P0,planned,"Cordless phone. Cordless/expanded service with readiness light. ON: 4-frame serving or ring. Proposed location (54,-20), logical frame 15x18; stable usePoint(-8,0), effectOrigin(0,-18), bubbleOrigin(0,-26), z40. New tier mechanics and names require review; existing names preserved."
bedroom,Bedroom with en suite,standard,immediately beneath lamp; moves with tower,True,15x18,none,Sleep; call; diary; wash; loo,Day-one essentials,obj_phone_t3,interactive_item,3,Runtime: Phone a friend; 7 game min; social +18 (need caps apply); proposed specialist perk: 18 social / 14 min,standard;on;broken,standard 1; on 4@8fps; broken 1 + shared FX,phone,"bottom-centre (7,18); keeper floor anchor (16,40)",obj_phone; shared social chassis/pose,"shared wobble(1px), smoke, intermittent sparks + jam or dead signal",P0,planned,"Video phone. Video or group-service screen and visitor cue. ON: 4-frame serving or ring. Proposed location (54,-20), logical frame 15x18; stable usePoint(-8,0), effectOrigin(0,-18), bubbleOrigin(0,-26), z40. New tier mechanics and names require review; existing names preserved."
bedroom,Bedroom with en suite,standard,immediately beneath lamp; moves with tower,True,25x20,none,Sleep; call; diary; wash; loo,Day-one essentials,obj_desk,interactive_item,1,"Runtime: Write in his diary; 20 game min; fun +10, social +6 (need caps apply); proposed specialist perk: 1 clue per 20 game min",standard;on;broken,standard 1; on 4@8fps; broken 1 + shared FX,read,"bottom-centre (12,20); keeper floor anchor (16,40)",obj_desk; shared research chassis/pose,"shared wobble(1px), smoke, intermittent sparks + stuck page or screen",P0,planned,"Little desk. Manual book, board or simple computer. ON: 4-frame page or display change. Proposed location (54,0), logical frame 25x20; stable usePoint(-8,0), effectOrigin(0,-20), bubbleOrigin(0,-28), z40. New tier mechanics and names require review; existing names preserved."
bedroom,Bedroom with en suite,standard,immediately beneath lamp; moves with tower,True,25x20,none,Sleep; call; diary; wash; loo,Day-one essentials,obj_desk_t2,interactive_item,2,"Runtime: Write in his diary; 17 game min; fun +13, social +8 (need caps apply); proposed specialist perk: 2 clues per 17 game min",standard;on;broken,standard 1; on 4@8fps; broken 1 + shared FX,read,"bottom-centre (12,20); keeper floor anchor (16,40)",obj_desk; shared research chassis/pose,"shared wobble(1px), smoke, intermittent sparks + stuck page or screen",P0,planned,"Writing bureau. Indexed storage or improved terminal. ON: 4-frame page or display change. Proposed location (54,0), logical frame 25x20; stable usePoint(-8,0), effectOrigin(0,-20), bubbleOrigin(0,-28), z40. New tier mechanics and names require review; existing names preserved."
bedroom,Bedroom with en suite,standard,immediately beneath lamp; moves with tower,True,25x20,none,Sleep; call; diary; wash; loo,Day-one essentials,obj_desk_t3,interactive_item,3,"Runtime: Write in his diary; 14 game min; fun +15, social +9 (need caps apply); proposed specialist perk: 3 clues per 14 game min",standard;on;broken,standard 1; on 4@8fps; broken 1 + shared FX,read,"bottom-centre (12,20); keeper floor anchor (16,40)",obj_desk; shared research chassis/pose,"shared wobble(1px), smoke, intermittent sparks + stuck page or screen",P0,planned,"Inventor's desk. Search interface or clue display; no live internet. ON: 4-frame page or display change. Proposed location (54,0), logical frame 25x20; stable usePoint(-8,0), effectOrigin(0,-20), bubbleOrigin(0,-28), z40. New tier mechanics and names require review; existing names preserved."
bedroom,Bedroom with en suite,standard,immediately beneath lamp; moves with tower,True,15x28,none,Sleep; call; diary; wash; loo,Day-one essentials,obj_basin,interactive_item,1,Runtime: Have a wash; 15 game min; hygiene +40 (need caps apply); proposed specialist perk: 40 hygiene / 15 min,standard;on;broken,standard 1; on 4@8fps; broken 1 + shared FX,wash_back,"bottom-centre (7,28); keeper floor anchor (16,40)",obj_basin; shared wash chassis/pose,"shared wobble(1px), smoke, intermittent sparks + leaking tap",P0,planned,"Chipped wash basin. Simple pedestal tap or basic shower. ON: 4-frame water. Proposed location (84,0), logical frame 15x28; stable usePoint(-8,0), effectOrigin(0,-28), bubbleOrigin(0,-36), z40. New tier mechanics and names require review; existing names preserved."
bedroom,Bedroom with en suite,standard,immediately beneath lamp; moves with tower,True,15x28,none,Sleep; call; diary; wash; loo,Day-one essentials,obj_basin_t2,interactive_item,2,Runtime: Have a wash; 13 game min; hygiene +50 (need caps apply); proposed specialist perk: 50 hygiene / 13 min,standard;on;broken,standard 1; on 4@8fps; broken 1 + shared FX,wash_back,"bottom-centre (7,28); keeper floor anchor (16,40)",obj_basin; shared wash chassis/pose,"shared wobble(1px), smoke, intermittent sparks + leaking tap",P0,planned,"Basin with a shower. Added mixer/shower control. ON: 4-frame water. Proposed location (84,0), logical frame 15x28; stable usePoint(-8,0), effectOrigin(0,-28), bubbleOrigin(0,-36), z40. New tier mechanics and names require review; existing names preserved."
bedroom,Bedroom with en suite,standard,immediately beneath lamp; moves with tower,True,15x28,none,Sleep; call; diary; wash; loo,Day-one essentials,obj_basin_t3,interactive_item,3,Runtime: Have a wash; 11 game min; hygiene +60 (need caps apply); proposed specialist perk: 60 hygiene / 11 min,standard;on;broken,standard 1; on 4@8fps; broken 1 + shared FX,wash_back,"bottom-centre (7,28); keeper floor anchor (16,40)",obj_basin; shared wash chassis/pose,"shared wobble(1px), smoke, intermittent sparks + leaking tap",P0,planned,"Spa bathroom with rainfall shower. Rainfall head and warm-water status light. ON: 4-frame water. Proposed location (84,0), logical frame 15x28; stable usePoint(-8,0), effectOrigin(0,-28), bubbleOrigin(0,-36), z40. New tier mechanics and names require review; existing names preserved."
bedroom,Bedroom with en suite,standard,immediately beneath lamp; moves with tower,True,13x18,none,Sleep; call; diary; wash; loo,Day-one essentials,obj_toilet,interactive_item,1,Runtime: Go to the loo; 8 game min; bladder +70 (need caps apply); proposed specialist perk: 70 bladder / 8 min,standard;on;broken,standard 1; on 4@8fps; broken 1 + shared FX,loo_hide,"bottom-centre (6,18); keeper floor anchor (16,40)",obj_toilet; shared loo chassis/pose,"shared wobble(1px), smoke, intermittent sparks + cistern rattle",P0,planned,"Clanky loo. Cistern and plain seat. ON: 4-frame flush. Proposed location (101,0), logical frame 13x18; stable usePoint(-8,0), effectOrigin(0,-18), bubbleOrigin(0,-26), z40. New tier mechanics and names require review; existing names preserved."
bedroom,Bedroom with en suite,standard,immediately beneath lamp; moves with tower,True,13x18,none,Sleep; call; diary; wash; loo,Day-one essentials,obj_toilet_t2,interactive_item,2,Runtime: Go to the loo; 7 game min; bladder +88 (need caps apply); proposed specialist perk: 88 bladder / 7 min,standard;on;broken,standard 1; on 4@8fps; broken 1 + shared FX,loo_hide,"bottom-centre (6,18); keeper floor anchor (16,40)",obj_toilet; shared loo chassis/pose,"shared wobble(1px), smoke, intermittent sparks + cistern rattle",P0,planned,"Quiet-flush loo. Quiet-flush cistern with handle indicator. ON: 4-frame flush. Proposed location (101,0), logical frame 13x18; stable usePoint(-8,0), effectOrigin(0,-18), bubbleOrigin(0,-26), z40. New tier mechanics and names require review; existing names preserved."
bedroom,Bedroom with en suite,standard,immediately beneath lamp; moves with tower,True,13x18,none,Sleep; call; diary; wash; loo,Day-one essentials,obj_toilet_t3,interactive_item,3,Runtime: Go to the loo; 6 game min; bladder +105 (need caps apply); proposed specialist perk: 105 nominal bladder capped at 100 / 6 min,standard;on;broken,standard 1; on 4@8fps; broken 1 + shared FX,loo_hide,"bottom-centre (6,18); keeper floor anchor (16,40)",obj_toilet; shared loo chassis/pose,"shared wobble(1px), smoke, intermittent sparks + cistern rattle",P0,planned,"Heated-seat loo with music. Heated-seat switch and comfort indicator. ON: 4-frame flush. Proposed location (101,0), logical frame 13x18; stable usePoint(-8,0), effectOrigin(0,-18), bubbleOrigin(0,-26), z40. New tier mechanics and names require review; existing names preserved."
bedroom,Bedroom with en suite,standard,immediately beneath lamp; moves with tower,True,12x12,none,Sleep; call; diary; wash; loo,Day-one essentials,prop_bedside_table,dressing_or_activity_prop,1,Supports Sleep; call; diary; wash; loo; single tier,standard,1,reach_use,bottom-centre; water surface top-left,shared prop_bedside_table,not independently interactive; no repair tier,P0,planned,Separate prop; do not bake interactive furniture into plates. Exact final appearance proposal.
bedroom,Bedroom with en suite,standard,immediately beneath lamp; moves with tower,True,12x12,none,Sleep; call; diary; wash; loo,Day-one essentials,prop_mirror,dressing_or_activity_prop,1,Supports Sleep; call; diary; wash; loo; single tier,standard,1,reach_use,bottom-centre; water surface top-left,shared prop_mirror,not independently interactive; no repair tier,P0,planned,Separate prop; do not bake interactive furniture into plates. Exact final appearance proposal.
bedroom,Bedroom with en suite,standard,immediately beneath lamp; moves with tower,True,12x12,none,Sleep; call; diary; wash; loo,Day-one essentials,prop_privacy_door,dressing_or_activity_prop,1,Supports Sleep; call; diary; wash; loo; single tier,standard,1,reach_use,bottom-centre; water surface top-left,shared prop_privacy_door,not independently interactive; no repair tier,P0,planned,Separate prop; do not bake interactive furniture into plates. Exact final appearance proposal.
bedroom,Bedroom with en suite,standard,immediately beneath lamp; moves with tower,True,32x40,none,Sleep; call; diary; wash; loo,Day-one essentials,keeper_greet,keeper_clip,0,Reusable task pose,on,5@8fps,greet,"floor (16,40); neck (16,11); shoulders (10,15)/(22,15); hips (13,25)/(19,25)",shared keeper_greet,not repairable,P0,planned,32x40 aligned frames; hand-drawn angles and integer translation; no arbitrary raster rotation.
bedroom,Bedroom with en suite,standard,immediately beneath lamp; moves with tower,True,32x40,none,Sleep; call; diary; wash; loo,Day-one essentials,keeper_idle,keeper_clip,0,Reusable task pose,on,4@6fps,idle,"floor (16,40); neck (16,11); shoulders (10,15)/(22,15); hips (13,25)/(19,25)",shared keeper_idle,not repairable,P0,delivered-review,32x40 aligned frames; hand-drawn angles and integer translation; no arbitrary raster rotation.
bedroom,Bedroom with en suite,standard,immediately beneath lamp; moves with tower,True,32x40,none,Sleep; call; diary; wash; loo,Day-one essentials,keeper_loo_hide,keeper_clip,0,Reusable task pose,on,0@0fps,loo_hide,"floor (16,40); neck (16,11); shoulders (10,15)/(22,15); hips (13,25)/(19,25)",shared keeper_loo_hide,not repairable,P0,hidden sequence,32x40 aligned frames; hand-drawn angles and integer translation; no arbitrary raster rotation.
bedroom,Bedroom with en suite,standard,immediately beneath lamp; moves with tower,True,32x40,none,Sleep; call; diary; wash; loo,Day-one essentials,keeper_phone,keeper_clip,0,Reusable task pose,on,4@6fps,phone,"floor (16,40); neck (16,11); shoulders (10,15)/(22,15); hips (13,25)/(19,25)",shared keeper_phone,not repairable,P0,planned,32x40 aligned frames; hand-drawn angles and integer translation; no arbitrary raster rotation.
bedroom,Bedroom with en suite,standard,immediately beneath lamp; moves with tower,True,32x40,none,Sleep; call; diary; wash; loo,Day-one essentials,keeper_reach_use,keeper_clip,0,Reusable task pose,on,5@10fps,reach_use,"floor (16,40); neck (16,11); shoulders (10,15)/(22,15); hips (13,25)/(19,25)",shared keeper_reach_use,not repairable,P0,planned,32x40 aligned frames; hand-drawn angles and integer translation; no arbitrary raster rotation.
bedroom,Bedroom with en suite,standard,immediately beneath lamp; moves with tower,True,32x40,none,Sleep; call; diary; wash; loo,Day-one essentials,keeper_read,keeper_clip,0,Reusable task pose,on,4@5fps,read,"floor (16,40); neck (16,11); shoulders (10,15)/(22,15); hips (13,25)/(19,25)",shared keeper_read,not repairable,P0,planned,32x40 aligned frames; hand-drawn angles and integer translation; no arbitrary raster rotation.
bedroom,Bedroom with en suite,standard,immediately beneath lamp; moves with tower,True,32x40,none,Sleep; call; diary; wash; loo,Day-one essentials,keeper_shrug,keeper_clip,0,Reusable task pose,on,4@8fps,shrug,"floor (16,40); neck (16,11); shoulders (10,15)/(22,15); hips (13,25)/(19,25)",shared keeper_shrug,not repairable,P0,planned,32x40 aligned frames; hand-drawn angles and integer translation; no arbitrary raster rotation.
bedroom,Bedroom with en suite,standard,immediately beneath lamp; moves with tower,True,32x40,none,Sleep; call; diary; wash; loo,Day-one essentials,keeper_sleep,keeper_clip,0,Reusable task pose,on,4@4fps,sleep,"floor (16,40); neck (16,11); shoulders (10,15)/(22,15); hips (13,25)/(19,25)",shared keeper_sleep,not repairable,P0,planned,32x40 aligned frames; hand-drawn angles and integer translation; no arbitrary raster rotation.
bedroom,Bedroom with en suite,standard,immediately beneath lamp; moves with tower,True,32x40,none,Sleep; call; diary; wash; loo,Day-one essentials,keeper_walk,keeper_clip,0,Reusable task pose,on,8@10fps,walk,"floor (16,40); neck (16,11); shoulders (10,15)/(22,15); hips (13,25)/(19,25)",shared keeper_walk,not repairable,P0,delivered-review,32x40 aligned frames; hand-drawn angles and integer translation; no arbitrary raster rotation.
bedroom,Bedroom with en suite,standard,immediately beneath lamp; moves with tower,True,32x40,none,Sleep; call; diary; wash; loo,Day-one essentials,keeper_wash_back,keeper_clip,0,Reusable task pose,on,8@8fps,wash_back,"floor (16,40); neck (16,11); shoulders (10,15)/(22,15); hips (13,25)/(19,25)",shared keeper_wash_back,not repairable,P0,delivered-review,32x40 aligned frames; hand-drawn angles and integer translation; no arbitrary raster rotation.
bedroom,Bedroom with en suite,standard,immediately beneath lamp; moves with tower,True,12x16,none,Sleep; call; diary; wash; loo,Day-one essentials,fx_broken_smoke,shared_effect,0,Reusable fault/reveal feedback,on,8@8fps,none,"[6, 16]",fx_broken_smoke,overlay; does not move anchors,P0,delivered-review,FX shared; casing/body motion is separately integer-safe.
bedroom,Bedroom with en suite,standard,immediately beneath lamp; moves with tower,True,12x12,none,Sleep; call; diary; wash; loo,Day-one essentials,fx_broken_sparks,shared_effect,0,Reusable fault/reveal feedback,on,6@12fps,none,"[6, 6]",fx_broken_sparks,overlay; does not move anchors,P0,delivered-review,FX shared; casing/body motion is separately integer-safe.
bedroom,Bedroom with en suite,standard,immediately beneath lamp; moves with tower,True,64x64,none,Sleep; call; diary; wash; loo,Day-one essentials,fx_floor_arrival_smoke,shared_effect,0,Reusable fault/reveal feedback,on,8@12fps,none,"[32, 64]",fx_floor_arrival_smoke,overlay; does not move anchors,P0,planned,FX shared; casing/body motion is separately integer-safe.
bedroom,Bedroom with en suite,standard,immediately beneath lamp; moves with tower,True,16x16,none,Sleep; call; diary; wash; loo,Day-one essentials,fx_shine,shared_effect,0,Reusable fault/reveal feedback,on,4@8fps,none,"[8, 16]",fx_shine,overlay; does not move anchors,P0,planned,FX shared; casing/body motion is separately integer-safe.
lamp,Lamp room / inset lantern cap,lantern_cap,always topmost,False,95x35,none,Light and polish lamp; spot ships,Day-one ship-safety duty,room_lamp,room_plate,0,Separate structure; enables activities below,standard,1,none,"top-left (0,0); floor y=35",room timber/stone/tile palette; no furniture,structure faults use separate interactive components,P0,delivered-existing,Inset glazed iron lantern chamber; lamp centre; wraparound external walkway and telescope; no full-width domestic room; locked; source: docs/PRODUCTION_ASSET_KIT.md; docs/CODEX_BRIEF.md
lamp,Lamp room / inset lantern cap,lantern_cap,always topmost,False,5x35,none,Light and polish lamp; spot ships,Day-one ship-safety duty,seam_lantern_cap,structural_kit,0,Connect without resizing furniture,standard,1,none,integer parent seam; walking-plane y=0,shared wall/beam/pipe segments,none; parent component controls faults,P0,planned,Core remains 110x35; 105x35 plate; world-Y stripes. Extensions consume no standard slot.
lamp,Lamp room / inset lantern cap,lantern_cap,always topmost,False,23x23,none,Light and polish lamp; spot ships,Day-one ship-safety duty,obj_telescope,interactive_item,1,Runtime: Look through the telescope; 20 game min; fun +16 (need caps apply); proposed specialist perk: 3 common spotting targets,standard;on;broken,standard 1; on 4@8fps; broken 1 + shared FX,telescope,"bottom-centre (11,23); keeper floor anchor (16,40)",obj_telescope; shared spot chassis/pose,"shared wobble(1px), smoke, intermittent sparks + jammed bearing",P0,planned,"Brass telescope. Short brass telescope. ON: 4-frame scan. Proposed location (16,0), logical frame 23x23; stable usePoint(-8,0), effectOrigin(0,-23), bubbleOrigin(0,-31), z40. New tier mechanics and names require review; existing names preserved."
lamp,Lamp room / inset lantern cap,lantern_cap,always topmost,False,23x23,none,Light and polish lamp; spot ships,Day-one ship-safety duty,obj_telescope_t2,interactive_item,2,Runtime: Look through the telescope; 17 game min; fun +20 (need caps apply); proposed specialist perk: 6 targets with 1 extra zoom step,standard;on;broken,standard 1; on 4@8fps; broken 1 + shared FX,telescope,"bottom-centre (11,23); keeper floor anchor (16,40)",obj_telescope; shared spot chassis/pose,"shared wobble(1px), smoke, intermittent sparks + jammed bearing",P0,planned,"Big spyglass on a stand. Longer optic on same tripod. ON: 4-frame scan. Proposed location (16,0), logical frame 23x23; stable usePoint(-8,0), effectOrigin(0,-23), bubbleOrigin(0,-31), z40. New tier mechanics and names require review; existing names preserved."
lamp,Lamp room / inset lantern cap,lantern_cap,always topmost,False,23x23,none,Light and polish lamp; spot ships,Day-one ship-safety duty,obj_telescope_t3,interactive_item,3,Runtime: Look through the telescope; 14 game min; fun +24 (need caps apply); proposed specialist perk: 9 targets including whale and distant ship,standard;on;broken,standard 1; on 4@8fps; broken 1 + shared FX,telescope,"bottom-centre (11,23); keeper floor anchor (16,40)",obj_telescope; shared spot chassis/pose,"shared wobble(1px), smoke, intermittent sparks + jammed bearing",P0,planned,"Observatory telescope. Larger lens and spotting finder; stable tripod feet. ON: 4-frame scan. Proposed location (16,0), logical frame 23x23; stable usePoint(-8,0), effectOrigin(0,-23), bubbleOrigin(0,-31), z40. New tier mechanics and names require review; existing names preserved."
lamp,Lamp room / inset lantern cap,lantern_cap,always topmost,False,30x35,none,Light and polish lamp; spot ships,Day-one ship-safety duty,obj_lamp,interactive_item,1,Runtime: Polish the lamp; 25 game min; tidiness +6 (need caps apply); proposed specialist perk: 4 game hours beam per fuel unit,standard;on;broken,standard 1; on 4@8fps; broken 1 + shared FX,reach_use,"bottom-centre (15,35); keeper floor anchor (16,40)",obj_lamp; shared light chassis/pose,"shared wobble(1px), smoke, intermittent sparks + weak or stalled lens",P0,planned,"Oil lamp. Basic: simple manual mechanism and few visible controls. ON: 4-frame lit core. Proposed location (52,0), logical frame 30x35; stable usePoint(-8,0), effectOrigin(0,-35), bubbleOrigin(0,-43), z40. New tier mechanics and names require review; existing names preserved."
lamp,Lamp room / inset lantern cap,lantern_cap,always topmost,False,30x35,none,Light and polish lamp; spot ships,Day-one ship-safety duty,obj_lamp_t2,interactive_item,2,Runtime: Polish the lamp; 21 game min; tidiness +8 (need caps apply); proposed specialist perk: 8 game hours beam per fuel unit,standard;on;broken,standard 1; on 4@8fps; broken 1 + shared FX,reach_use,"bottom-centre (15,35); keeper floor anchor (16,40)",obj_lamp; shared light chassis/pose,"shared wobble(1px), smoke, intermittent sparks + weak or stalled lens",P0,planned,"Electric lamp. Mid: sturdier housing; second visible functional control and clear status indicator. ON: 4-frame lit core. Proposed location (52,0), logical frame 30x35; stable usePoint(-8,0), effectOrigin(0,-35), bubbleOrigin(0,-43), z40. New tier mechanics and names require review; existing names preserved."
lamp,Lamp room / inset lantern cap,lantern_cap,always topmost,False,30x35,none,Light and polish lamp; spot ships,Day-one ship-safety duty,obj_lamp_t3,interactive_item,3,Runtime: Polish the lamp; 18 game min; tidiness +9 (need caps apply); proposed specialist perk: full 14.5-hour game night/day cycle beam per charge,standard;on;broken,standard 1; on 4@8fps; broken 1 + shared FX,reach_use,"bottom-centre (15,35); keeper floor anchor (16,40)",obj_lamp; shared light chassis/pose,"shared wobble(1px), smoke, intermittent sparks + weak or stalled lens",P0,planned,"Mega beam. Top: automatic mechanism; readable capacity/output gauge; same anchor and frame bounds. ON: 4-frame lit core. Proposed location (52,0), logical frame 30x35; stable usePoint(-8,0), effectOrigin(0,-35), bubbleOrigin(0,-43), z40. New tier mechanics and names require review; existing names preserved."
lamp,Lamp room / inset lantern cap,lantern_cap,always topmost,False,12x12,none,Light and polish lamp; spot ships,Day-one ship-safety duty,prop_lantern_glass,dressing_or_activity_prop,1,Supports Light and polish lamp; spot ships; single tier,standard,1,reach_use,bottom-centre; water surface top-left,shared prop_lantern_glass,not independently interactive; no repair tier,P0,planned,Separate prop; do not bake interactive furniture into plates. Exact final appearance proposal.
lamp,Lamp room / inset lantern cap,lantern_cap,always topmost,False,12x12,none,Light and polish lamp; spot ships,Day-one ship-safety duty,prop_wrap_rail,dressing_or_activity_prop,1,Supports Light and polish lamp; spot ships; single tier,standard,1,reach_use,bottom-centre; water surface top-left,shared prop_wrap_rail,not independently interactive; no repair tier,P0,planned,Separate prop; do not bake interactive furniture into plates. Exact final appearance proposal.
lamp,Lamp room / inset lantern cap,lantern_cap,always topmost,False,32x40,none,Light and polish lamp; spot ships,Day-one ship-safety duty,keeper_greet,keeper_clip,0,Reusable task pose,on,5@8fps,greet,"floor (16,40); neck (16,11); shoulders (10,15)/(22,15); hips (13,25)/(19,25)",shared keeper_greet,not repairable,P0,planned,32x40 aligned frames; hand-drawn angles and integer translation; no arbitrary raster rotation.
lamp,Lamp room / inset lantern cap,lantern_cap,always topmost,False,32x40,none,Light and polish lamp; spot ships,Day-one ship-safety duty,keeper_idle,keeper_clip,0,Reusable task pose,on,4@6fps,idle,"floor (16,40); neck (16,11); shoulders (10,15)/(22,15); hips (13,25)/(19,25)",shared keeper_idle,not repairable,P0,delivered-review,32x40 aligned frames; hand-drawn angles and integer translation; no arbitrary raster rotation.
lamp,Lamp room / inset lantern cap,lantern_cap,always topmost,False,32x40,none,Light and polish lamp; spot ships,Day-one ship-safety duty,keeper_reach_use,keeper_clip,0,Reusable task pose,on,5@10fps,reach_use,"floor (16,40); neck (16,11); shoulders (10,15)/(22,15); hips (13,25)/(19,25)",shared keeper_reach_use,not repairable,P0,planned,32x40 aligned frames; hand-drawn angles and integer translation; no arbitrary raster rotation.
lamp,Lamp room / inset lantern cap,lantern_cap,always topmost,False,32x40,none,Light and polish lamp; spot ships,Day-one ship-safety duty,keeper_shrug,keeper_clip,0,Reusable task pose,on,4@8fps,shrug,"floor (16,40); neck (16,11); shoulders (10,15)/(22,15); hips (13,25)/(19,25)",shared keeper_shrug,not repairable,P0,planned,32x40 aligned frames; hand-drawn angles and integer translation; no arbitrary raster rotation.
lamp,Lamp room / inset lantern cap,lantern_cap,always topmost,False,32x40,none,Light and polish lamp; spot ships,Day-one ship-safety duty,keeper_telescope,keeper_clip,0,Reusable task pose,on,4@6fps,telescope,"floor (16,40); neck (16,11); shoulders (10,15)/(22,15); hips (13,25)/(19,25)",shared keeper_telescope,not repairable,P0,planned,32x40 aligned frames; hand-drawn angles and integer translation; no arbitrary raster rotation.
lamp,Lamp room / inset lantern cap,lantern_cap,always topmost,False,32x40,none,Light and polish lamp; spot ships,Day-one ship-safety duty,keeper_walk,keeper_clip,0,Reusable task pose,on,8@10fps,walk,"floor (16,40); neck (16,11); shoulders (10,15)/(22,15); hips (13,25)/(19,25)",shared keeper_walk,not repairable,P0,delivered-review,32x40 aligned frames; hand-drawn angles and integer translation; no arbitrary raster rotation.
lamp,Lamp room / inset lantern cap,lantern_cap,always topmost,False,12x16,none,Light and polish lamp; spot ships,Day-one ship-safety duty,fx_broken_smoke,shared_effect,0,Reusable fault/reveal feedback,on,8@8fps,none,"[6, 16]",fx_broken_smoke,overlay; does not move anchors,P0,delivered-review,FX shared; casing/body motion is separately integer-safe.
lamp,Lamp room / inset lantern cap,lantern_cap,always topmost,False,12x12,none,Light and polish lamp; spot ships,Day-one ship-safety duty,fx_broken_sparks,shared_effect,0,Reusable fault/reveal feedback,on,6@12fps,none,"[6, 6]",fx_broken_sparks,overlay; does not move anchors,P0,delivered-review,FX shared; casing/body motion is separately integer-safe.
lamp,Lamp room / inset lantern cap,lantern_cap,always topmost,False,64x64,none,Light and polish lamp; spot ships,Day-one ship-safety duty,fx_floor_arrival_smoke,shared_effect,0,Reusable fault/reveal feedback,on,8@12fps,none,"[32, 64]",fx_floor_arrival_smoke,overlay; does not move anchors,P0,planned,FX shared; casing/body motion is separately integer-safe.
lamp,Lamp room / inset lantern cap,lantern_cap,always topmost,False,16x16,none,Light and polish lamp; spot ships,Day-one ship-safety duty,fx_shine,shared_effect,0,Reusable fault/reveal feedback,on,4@8fps,none,"[8, 16]",fx_shine,overlay; does not move anchors,P0,planned,FX shared; casing/body motion is separately integer-safe.
aquarium,Aquarium,standard,saved random middle slot,True,105x35,Fishy Business mission; fish specimens,Feed fish; balance habitat; study sea life,Current Fishy Business mission; proposed varied habitat match and tank-balance puzzle,room_aquarium,room_plate,0,Separate structure; enables activities below,standard,1,none,"top-left (0,0); floor y=35",room timber/stone/tile palette; no furniture,structure faults use separate interactive components,P1,planned,Tank left/centre; feed station right; clear floor lane; runtime hook; ecology mini-game proposal; source: docs/FOR_CODEX.md; docs/EXPANSION_DESIGN.md
aquarium,Aquarium,standard,saved random middle slot,True,5x35,Fishy Business mission; fish specimens,Feed fish; balance habitat; study sea life,Current Fishy Business mission; proposed varied habitat match and tank-balance puzzle,seam_standard,structural_kit,0,Connect without resizing furniture,standard,1,none,integer parent seam; walking-plane y=0,shared wall/beam/pipe segments,none; parent component controls faults,P1,planned,Core remains 110x35; 105x35 plate; world-Y stripes. Extensions consume no standard slot.
aquarium,Aquarium,standard,saved random middle slot,True,38x26,Fishy Business mission; fish specimens,Feed fish; balance habitat; study sea life,Current Fishy Business mission; proposed varied habitat match and tank-balance puzzle,obj_tank,interactive_item,1,"Runtime: Watch the fish; 25 game min; fun +22, energy +4 (need caps apply); proposed specialist perk: 1 cargo or task slot",standard;on;broken,standard 1; on 4@8fps; broken 1 + shared FX,reach_use,"bottom-centre (19,26); keeper floor anchor (16,40)",obj_tank; shared capacity chassis/pose,"shared wobble(1px), smoke, intermittent sparks + jammed mechanism",P1,planned,"Small fish tank. Basic: simple manual mechanism and few visible controls. ON: 4-frame transfer. Proposed location (23,0), logical frame 38x26; stable usePoint(-8,0), effectOrigin(0,-26), bubbleOrigin(0,-34), z40. New tier mechanics and names require review; existing names preserved."
aquarium,Aquarium,standard,saved random middle slot,True,38x26,Fishy Business mission; fish specimens,Feed fish; balance habitat; study sea life,Current Fishy Business mission; proposed varied habitat match and tank-balance puzzle,obj_tank_t2,interactive_item,2,"Runtime: Watch the fish; 21 game min; fun +28, energy +5 (need caps apply); proposed specialist perk: 2 cargo or task slots",standard;on;broken,standard 1; on 4@8fps; broken 1 + shared FX,reach_use,"bottom-centre (19,26); keeper floor anchor (16,40)",obj_tank; shared capacity chassis/pose,"shared wobble(1px), smoke, intermittent sparks + jammed mechanism",P1,planned,"Big tank. Mid: sturdier housing; second visible functional control and clear status indicator. ON: 4-frame transfer. Proposed location (23,0), logical frame 38x26; stable usePoint(-8,0), effectOrigin(0,-26), bubbleOrigin(0,-34), z40. New tier mechanics and names require review; existing names preserved."
aquarium,Aquarium,standard,saved random middle slot,True,38x26,Fishy Business mission; fish specimens,Feed fish; balance habitat; study sea life,Current Fishy Business mission; proposed varied habitat match and tank-balance puzzle,obj_tank_t3,interactive_item,3,"Runtime: Watch the fish; 18 game min; fun +33, energy +6 (need caps apply); proposed specialist perk: 3 cargo or task slots",standard;on;broken,standard 1; on 4@8fps; broken 1 + shared FX,reach_use,"bottom-centre (19,26); keeper floor anchor (16,40)",obj_tank; shared capacity chassis/pose,"shared wobble(1px), smoke, intermittent sparks + jammed mechanism",P1,planned,"Wall-sized reef tank. Top: automatic mechanism; readable capacity/output gauge; same anchor and frame bounds. ON: 4-frame transfer. Proposed location (23,0), logical frame 38x26; stable usePoint(-8,0), effectOrigin(0,-26), bubbleOrigin(0,-34), z40. New tier mechanics and names require review; existing names preserved."
aquarium,Aquarium,standard,saved random middle slot,True,8x12,Fishy Business mission; fish specimens,Feed fish; balance habitat; study sea life,Current Fishy Business mission; proposed varied habitat match and tank-balance puzzle,obj_fishfood,interactive_item,1,"PROPOSED, not coded: one usable interaction; no mechanical reason for tiers",standard;on;broken,standard 1; on 4@8fps; broken 1 + shared FX,reach_use,"bottom-centre (4,12); keeper floor anchor (16,40)",obj_fishfood; shared single chassis/pose,"shared wobble(1px), smoke, intermittent sparks + loose fitting",P1,planned,"Basic fishfood. Basic: simple manual mechanism and few visible controls. ON: 4-frame use if applicable. Proposed location (50,0), logical frame 8x12; stable usePoint(-8,0), effectOrigin(0,-12), bubbleOrigin(0,-20), z40. New tier mechanics and names require review; existing names preserved."
aquarium,Aquarium,standard,saved random middle slot,True,12x12,Fishy Business mission; fish specimens,Feed fish; balance habitat; study sea life,Current Fishy Business mission; proposed varied habitat match and tank-balance puzzle,prop_habitat_chart,dressing_or_activity_prop,1,Supports Feed fish; balance habitat; study sea life; single tier,standard,1,reach_use,bottom-centre; water surface top-left,shared prop_habitat_chart,not independently interactive; no repair tier,P1,planned,Separate prop; do not bake interactive furniture into plates. Exact final appearance proposal.
aquarium,Aquarium,standard,saved random middle slot,True,12x12,Fishy Business mission; fish specimens,Feed fish; balance habitat; study sea life,Current Fishy Business mission; proposed varied habitat match and tank-balance puzzle,prop_fish_variants,dressing_or_activity_prop,1,Supports Feed fish; balance habitat; study sea life; single tier,standard;on,on 4@8fps; standard 1,reach_use,bottom-centre; water surface top-left,shared prop_fish_variants,not independently interactive; no repair tier,P1,planned,Separate prop; do not bake interactive furniture into plates. Exact final appearance proposal.
aquarium,Aquarium,standard,saved random middle slot,True,12x12,Fishy Business mission; fish specimens,Feed fish; balance habitat; study sea life,Current Fishy Business mission; proposed varied habitat match and tank-balance puzzle,prop_tank_plants,dressing_or_activity_prop,1,Supports Feed fish; balance habitat; study sea life; single tier,standard,1,reach_use,bottom-centre; water surface top-left,shared prop_tank_plants,not independently interactive; no repair tier,P1,planned,Separate prop; do not bake interactive furniture into plates. Exact final appearance proposal.
aquarium,Aquarium,standard,saved random middle slot,True,32x40,Fishy Business mission; fish specimens,Feed fish; balance habitat; study sea life,Current Fishy Business mission; proposed varied habitat match and tank-balance puzzle,keeper_greet,keeper_clip,0,Reusable task pose,on,5@8fps,greet,"floor (16,40); neck (16,11); shoulders (10,15)/(22,15); hips (13,25)/(19,25)",shared keeper_greet,not repairable,P1,planned,32x40 aligned frames; hand-drawn angles and integer translation; no arbitrary raster rotation.
aquarium,Aquarium,standard,saved random middle slot,True,32x40,Fishy Business mission; fish specimens,Feed fish; balance habitat; study sea life,Current Fishy Business mission; proposed varied habitat match and tank-balance puzzle,keeper_idle,keeper_clip,0,Reusable task pose,on,4@6fps,idle,"floor (16,40); neck (16,11); shoulders (10,15)/(22,15); hips (13,25)/(19,25)",shared keeper_idle,not repairable,P1,delivered-review,32x40 aligned frames; hand-drawn angles and integer translation; no arbitrary raster rotation.
aquarium,Aquarium,standard,saved random middle slot,True,32x40,Fishy Business mission; fish specimens,Feed fish; balance habitat; study sea life,Current Fishy Business mission; proposed varied habitat match and tank-balance puzzle,keeper_reach_use,keeper_clip,0,Reusable task pose,on,5@10fps,reach_use,"floor (16,40); neck (16,11); shoulders (10,15)/(22,15); hips (13,25)/(19,25)",shared keeper_reach_use,not repairable,P1,planned,32x40 aligned frames; hand-drawn angles and integer translation; no arbitrary raster rotation.
aquarium,Aquarium,standard,saved random middle slot,True,32x40,Fishy Business mission; fish specimens,Feed fish; balance habitat; study sea life,Current Fishy Business mission; proposed varied habitat match and tank-balance puzzle,keeper_shrug,keeper_clip,0,Reusable task pose,on,4@8fps,shrug,"floor (16,40); neck (16,11); shoulders (10,15)/(22,15); hips (13,25)/(19,25)",shared keeper_shrug,not repairable,P1,planned,32x40 aligned frames; hand-drawn angles and integer translation; no arbitrary raster rotation.
aquarium,Aquarium,standard,saved random middle slot,True,32x40,Fishy Business mission; fish specimens,Feed fish; balance habitat; study sea life,Current Fishy Business mission; proposed varied habitat match and tank-balance puzzle,keeper_walk,keeper_clip,0,Reusable task pose,on,8@10fps,walk,"floor (16,40); neck (16,11); shoulders (10,15)/(22,15); hips (13,25)/(19,25)",shared keeper_walk,not repairable,P1,delivered-review,32x40 aligned frames; hand-drawn angles and integer translation; no arbitrary raster rotation.
aquarium,Aquarium,standard,saved random middle slot,True,12x16,Fishy Business mission; fish specimens,Feed fish; balance habitat; study sea life,Current Fishy Business mission; proposed varied habitat match and tank-balance puzzle,fx_broken_smoke,shared_effect,0,Reusable fault/reveal feedback,on,8@8fps,none,"[6, 16]",fx_broken_smoke,overlay; does not move anchors,P1,delivered-review,FX shared; casing/body motion is separately integer-safe.
aquarium,Aquarium,standard,saved random middle slot,True,12x12,Fishy Business mission; fish specimens,Feed fish; balance habitat; study sea life,Current Fishy Business mission; proposed varied habitat match and tank-balance puzzle,fx_broken_sparks,shared_effect,0,Reusable fault/reveal feedback,on,6@12fps,none,"[6, 6]",fx_broken_sparks,overlay; does not move anchors,P1,delivered-review,FX shared; casing/body motion is separately integer-safe.
aquarium,Aquarium,standard,saved random middle slot,True,64x64,Fishy Business mission; fish specimens,Feed fish; balance habitat; study sea life,Current Fishy Business mission; proposed varied habitat match and tank-balance puzzle,fx_floor_arrival_smoke,shared_effect,0,Reusable fault/reveal feedback,on,8@12fps,none,"[32, 64]",fx_floor_arrival_smoke,overlay; does not move anchors,P1,planned,FX shared; casing/body motion is separately integer-safe.
aquarium,Aquarium,standard,saved random middle slot,True,16x16,Fishy Business mission; fish specimens,Feed fish; balance habitat; study sea life,Current Fishy Business mission; proposed varied habitat match and tank-balance puzzle,fx_shine,shared_effect,0,Reusable fault/reveal feedback,on,4@8fps,none,"[8, 16]",fx_shine,overlay; does not move anchors,P1,planned,FX shared; casing/body motion is separately integer-safe.
workshop,Workshop,standard,saved random middle slot,True,105x35,breakdowns,Repair; choose parts; build inventions,Repair distinct fault types; choose tools; assemble a working mechanism,room_workshop,room_plate,0,Separate structure; enables activities below,standard,1,none,"top-left (0,0); floor y=35",room timber/stone/tile palette; no furniture,structure faults use separate interactive components,P1,planned,Parts drawers left; workbench centre; test jig right; review: global fault reduction needs playtesting; source: docs/EXPANSION_DESIGN.md
workshop,Workshop,standard,saved random middle slot,True,5x35,breakdowns,Repair; choose parts; build inventions,Repair distinct fault types; choose tools; assemble a working mechanism,seam_standard,structural_kit,0,Connect without resizing furniture,standard,1,none,integer parent seam; walking-plane y=0,shared wall/beam/pipe segments,none; parent component controls faults,P1,planned,Core remains 110x35; 105x35 plate; world-Y stripes. Extensions consume no standard slot.
workshop,Workshop,standard,saved random middle slot,True,22x20,breakdowns,Repair; choose parts; build inventions,Repair distinct fault types; choose tools; assemble a working mechanism,obj_repairbench,interactive_item,1,"PROPOSED, not coded: 25 game min per repair",standard;on;broken,standard 1; on 4@8fps; broken 1 + shared FX,cook_back,"bottom-centre (11,20); keeper floor anchor (16,40)",obj_repairbench; shared repair chassis/pose,"shared wobble(1px), smoke, intermittent sparks + jammed tool; repair still possible manually",P1,planned,"Basic repairbench. Hand tools and pegboard. ON: 4-frame tool jig. Proposed location (15,0), logical frame 22x20; stable usePoint(-8,0), effectOrigin(0,-20), bubbleOrigin(0,-28), z40. New tier mechanics and names require review; existing names preserved."
workshop,Workshop,standard,saved random middle slot,True,22x20,breakdowns,Repair; choose parts; build inventions,Repair distinct fault types; choose tools; assemble a working mechanism,obj_repairbench_t2,interactive_item,2,"PROPOSED, not coded: 20 game min per repair",standard;on;broken,standard 1; on 4@8fps; broken 1 + shared FX,cook_back,"bottom-centre (11,20); keeper floor anchor (16,40)",obj_repairbench; shared repair chassis/pose,"shared wobble(1px), smoke, intermittent sparks + jammed tool; repair still possible manually",P1,planned,"Mid-tier repairbench. Powered repair jig. ON: 4-frame tool jig. Proposed location (15,0), logical frame 22x20; stable usePoint(-8,0), effectOrigin(0,-20), bubbleOrigin(0,-28), z40. New tier mechanics and names require review; existing names preserved."
workshop,Workshop,standard,saved random middle slot,True,22x20,breakdowns,Repair; choose parts; build inventions,Repair distinct fault types; choose tools; assemble a working mechanism,obj_repairbench_t3,interactive_item,3,"PROPOSED, not coded: 15 game min per repair",standard;on;broken,standard 1; on 4@8fps; broken 1 + shared FX,cook_back,"bottom-centre (11,20); keeper floor anchor (16,40)",obj_repairbench; shared repair chassis/pose,"shared wobble(1px), smoke, intermittent sparks + jammed tool; repair still possible manually",P1,planned,"Top-tier repairbench. Diagnostic display and efficient tool station; do not promise global fault reduction. ON: 4-frame tool jig. Proposed location (15,0), logical frame 22x20; stable usePoint(-8,0), effectOrigin(0,-20), bubbleOrigin(0,-28), z40. New tier mechanics and names require review; existing names preserved."
workshop,Workshop,standard,saved random middle slot,True,22x20,breakdowns,Repair; choose parts; build inventions,Repair distinct fault types; choose tools; assemble a working mechanism,obj_partsbin,interactive_item,1,"PROPOSED, not coded: 4 item slots",standard;on;broken,standard 1; on 4@8fps; broken 1 + shared FX,reach_use,"bottom-centre (11,20); keeper floor anchor (16,40)",obj_partsbin; shared storage chassis/pose,"shared wobble(1px), smoke, intermittent sparks + jammed hinge; contents never destroyed",P1,planned,"Basic partsbin. Small four-slot shelves or single chest. ON: 4-frame opening. Proposed location (41,0), logical frame 22x20; stable usePoint(-8,0), effectOrigin(0,-20), bubbleOrigin(0,-28), z40. New tier mechanics and names require review; existing names preserved."
workshop,Workshop,standard,saved random middle slot,True,22x20,breakdowns,Repair; choose parts; build inventions,Repair distinct fault types; choose tools; assemble a working mechanism,obj_partsbin_t2,interactive_item,2,"PROPOSED, not coded: 8 item slots",standard;on;broken,standard 1; on 4@8fps; broken 1 + shared FX,reach_use,"bottom-centre (11,20); keeper floor anchor (16,40)",obj_partsbin; shared storage chassis/pose,"shared wobble(1px), smoke, intermittent sparks + jammed hinge; contents never destroyed",P1,planned,"Mid-tier partsbin. Divided eight-slot cabinet with double doors. ON: 4-frame opening. Proposed location (41,0), logical frame 22x20; stable usePoint(-8,0), effectOrigin(0,-20), bubbleOrigin(0,-28), z40. New tier mechanics and names require review; existing names preserved."
workshop,Workshop,standard,saved random middle slot,True,22x20,breakdowns,Repair; choose parts; build inventions,Repair distinct fault types; choose tools; assemble a working mechanism,obj_partsbin_t3,interactive_item,3,"PROPOSED, not coded: 12 item slots",standard;on;broken,standard 1; on 4@8fps; broken 1 + shared FX,reach_use,"bottom-centre (11,20); keeper floor anchor (16,40)",obj_partsbin; shared storage chassis/pose,"shared wobble(1px), smoke, intermittent sparks + jammed hinge; contents never destroyed",P1,planned,"Top-tier partsbin. Twelve-slot cabinet with labelled bays; same footprint. ON: 4-frame opening. Proposed location (41,0), logical frame 22x20; stable usePoint(-8,0), effectOrigin(0,-20), bubbleOrigin(0,-28), z40. New tier mechanics and names require review; existing names preserved."
workshop,Workshop,standard,saved random middle slot,True,22x20,breakdowns,Repair; choose parts; build inventions,Repair distinct fault types; choose tools; assemble a working mechanism,obj_testjig,interactive_item,1,"PROPOSED, not coded: 1 completed batch / 30 min",standard;on;broken,standard 1; on 4@8fps; broken 1 + shared FX,cook_back,"bottom-centre (11,20); keeper floor anchor (16,40)",obj_testjig; shared craft chassis/pose,"shared wobble(1px), smoke, intermittent sparks + blocked spindle",P1,planned,"Basic testjig. Manual wheel, printer or assembly bench. ON: 4-frame tool movement. Proposed location (67,0), logical frame 22x20; stable usePoint(-8,0), effectOrigin(0,-20), bubbleOrigin(0,-28), z40. New tier mechanics and names require review; existing names preserved."
workshop,Workshop,standard,saved random middle slot,True,22x20,breakdowns,Repair; choose parts; build inventions,Repair distinct fault types; choose tools; assemble a working mechanism,obj_testjig_t2,interactive_item,2,"PROPOSED, not coded: 2 batches / 26 min",standard;on;broken,standard 1; on 4@8fps; broken 1 + shared FX,cook_back,"bottom-centre (11,20); keeper floor anchor (16,40)",obj_testjig; shared craft chassis/pose,"shared wobble(1px), smoke, intermittent sparks + blocked spindle",P1,planned,"Mid-tier testjig. Two-batch fixture or feed tray. ON: 4-frame tool movement. Proposed location (67,0), logical frame 22x20; stable usePoint(-8,0), effectOrigin(0,-20), bubbleOrigin(0,-28), z40. New tier mechanics and names require review; existing names preserved."
workshop,Workshop,standard,saved random middle slot,True,22x20,breakdowns,Repair; choose parts; build inventions,Repair distinct fault types; choose tools; assemble a working mechanism,obj_testjig_t3,interactive_item,3,"PROPOSED, not coded: 3 batches / 21 min",standard;on;broken,standard 1; on 4@8fps; broken 1 + shared FX,cook_back,"bottom-centre (11,20); keeper floor anchor (16,40)",obj_testjig; shared craft chassis/pose,"shared wobble(1px), smoke, intermittent sparks + blocked spindle",P1,planned,"Top-tier testjig. Three-batch automated fixture; same anchor. ON: 4-frame tool movement. Proposed location (67,0), logical frame 22x20; stable usePoint(-8,0), effectOrigin(0,-20), bubbleOrigin(0,-28), z40. New tier mechanics and names require review; existing names preserved."
workshop,Workshop,standard,saved random middle slot,True,12x12,breakdowns,Repair; choose parts; build inventions,Repair distinct fault types; choose tools; assemble a working mechanism,prop_pegboard,dressing_or_activity_prop,1,Supports Repair; choose parts; build inventions; single tier,standard,1,reach_use,bottom-centre; water surface top-left,shared prop_pegboard,not independently interactive; no repair tier,P1,planned,Separate prop; do not bake interactive furniture into plates. Exact final appearance proposal.
workshop,Workshop,standard,saved random middle slot,True,12x12,breakdowns,Repair; choose parts; build inventions,Repair distinct fault types; choose tools; assemble a working mechanism,prop_tool_rack,dressing_or_activity_prop,1,Supports Repair; choose parts; build inventions; single tier,standard,1,reach_use,bottom-centre; water surface top-left,shared prop_tool_rack,not independently interactive; no repair tier,P1,planned,Separate prop; do not bake interactive furniture into plates. Exact final appearance proposal.
workshop,Workshop,standard,saved random middle slot,True,32x40,breakdowns,Repair; choose parts; build inventions,Repair distinct fault types; choose tools; assemble a working mechanism,keeper_cook_back,keeper_clip,0,Reusable task pose,on,8@8fps,cook_back,"floor (16,40); neck (16,11); shoulders (10,15)/(22,15); hips (13,25)/(19,25)",shared keeper_cook_back,not repairable,P1,delivered-review,32x40 aligned frames; hand-drawn angles and integer translation; no arbitrary raster rotation.
workshop,Workshop,standard,saved random middle slot,True,32x40,breakdowns,Repair; choose parts; build inventions,Repair distinct fault types; choose tools; assemble a working mechanism,keeper_greet,keeper_clip,0,Reusable task pose,on,5@8fps,greet,"floor (16,40); neck (16,11); shoulders (10,15)/(22,15); hips (13,25)/(19,25)",shared keeper_greet,not repairable,P1,planned,32x40 aligned frames; hand-drawn angles and integer translation; no arbitrary raster rotation.
workshop,Workshop,standard,saved random middle slot,True,32x40,breakdowns,Repair; choose parts; build inventions,Repair distinct fault types; choose tools; assemble a working mechanism,keeper_idle,keeper_clip,0,Reusable task pose,on,4@6fps,idle,"floor (16,40); neck (16,11); shoulders (10,15)/(22,15); hips (13,25)/(19,25)",shared keeper_idle,not repairable,P1,delivered-review,32x40 aligned frames; hand-drawn angles and integer translation; no arbitrary raster rotation.
workshop,Workshop,standard,saved random middle slot,True,32x40,breakdowns,Repair; choose parts; build inventions,Repair distinct fault types; choose tools; assemble a working mechanism,keeper_reach_use,keeper_clip,0,Reusable task pose,on,5@10fps,reach_use,"floor (16,40); neck (16,11); shoulders (10,15)/(22,15); hips (13,25)/(19,25)",shared keeper_reach_use,not repairable,P1,planned,32x40 aligned frames; hand-drawn angles and integer translation; no arbitrary raster rotation.
workshop,Workshop,standard,saved random middle slot,True,32x40,breakdowns,Repair; choose parts; build inventions,Repair distinct fault types; choose tools; assemble a working mechanism,keeper_shrug,keeper_clip,0,Reusable task pose,on,4@8fps,shrug,"floor (16,40); neck (16,11); shoulders (10,15)/(22,15); hips (13,25)/(19,25)",shared keeper_shrug,not repairable,P1,planned,32x40 aligned frames; hand-drawn angles and integer translation; no arbitrary raster rotation.
workshop,Workshop,standard,saved random middle slot,True,32x40,breakdowns,Repair; choose parts; build inventions,Repair distinct fault types; choose tools; assemble a working mechanism,keeper_walk,keeper_clip,0,Reusable task pose,on,8@10fps,walk,"floor (16,40); neck (16,11); shoulders (10,15)/(22,15); hips (13,25)/(19,25)",shared keeper_walk,not repairable,P1,delivered-review,32x40 aligned frames; hand-drawn angles and integer translation; no arbitrary raster rotation.
workshop,Workshop,standard,saved random middle slot,True,12x16,breakdowns,Repair; choose parts; build inventions,Repair distinct fault types; choose tools; assemble a working mechanism,fx_broken_smoke,shared_effect,0,Reusable fault/reveal feedback,on,8@8fps,none,"[6, 16]",fx_broken_smoke,overlay; does not move anchors,P1,delivered-review,FX shared; casing/body motion is separately integer-safe.
workshop,Workshop,standard,saved random middle slot,True,12x12,breakdowns,Repair; choose parts; build inventions,Repair distinct fault types; choose tools; assemble a working mechanism,fx_broken_sparks,shared_effect,0,Reusable fault/reveal feedback,on,6@12fps,none,"[6, 6]",fx_broken_sparks,overlay; does not move anchors,P1,delivered-review,FX shared; casing/body motion is separately integer-safe.
workshop,Workshop,standard,saved random middle slot,True,64x64,breakdowns,Repair; choose parts; build inventions,Repair distinct fault types; choose tools; assemble a working mechanism,fx_floor_arrival_smoke,shared_effect,0,Reusable fault/reveal feedback,on,8@12fps,none,"[32, 64]",fx_floor_arrival_smoke,overlay; does not move anchors,P1,planned,FX shared; casing/body motion is separately integer-safe.
workshop,Workshop,standard,saved random middle slot,True,16x16,breakdowns,Repair; choose parts; build inventions,Repair distinct fault types; choose tools; assemble a working mechanism,fx_shine,shared_effect,0,Reusable fault/reveal feedback,on,4@8fps,none,"[8, 16]",fx_shine,overlay; does not move anchors,P1,planned,FX shared; casing/body motion is separately integer-safe.
weather,Weather station,standard,saved random middle slot,True,105x35,none,Forecast; record rain and wind; warn ships,Observe weather at distinct times; interpret chart; issue correct warning,room_weather,room_plate,0,Separate structure; enables activities below,standard,1,none,"top-left (0,0); floor y=35",room timber/stone/tile palette; no furniture,structure faults use separate interactive components,P1,planned,Gauge left; chart centre; radio right; external sensor feed; locked geometry; future forecast simulation proposal; source: docs/EXPANSION_DESIGN.md
weather,Weather station,standard,saved random middle slot,True,5x35,none,Forecast; record rain and wind; warn ships,Observe weather at distinct times; interpret chart; issue correct warning,seam_standard,structural_kit,0,Connect without resizing furniture,standard,1,none,integer parent seam; walking-plane y=0,shared wall/beam/pipe segments,none; parent component controls faults,P1,planned,Core remains 110x35; 105x35 plate; world-Y stripes. Extensions consume no standard slot.
weather,Weather station,standard,saved random middle slot,True,18x22,none,Forecast; record rain and wind; warn ships,Observe weather at distinct times; interpret chart; issue correct warning,obj_barometer,interactive_item,1,Runtime: Check the weather; 10 game min; fun +6 (need caps apply); proposed specialist perk: 6 game hours warning,standard;on;broken,standard 1; on 4@8fps; broken 1 + shared FX,read,"bottom-centre (9,22); keeper floor anchor (16,40)",obj_barometer; shared forecast chassis/pose,"shared wobble(1px), smoke, intermittent sparks + stuck dial",P1,planned,"Barometer. One brass dial. ON: 4-frame needle. Proposed location (13,0), logical frame 18x22; stable usePoint(-8,0), effectOrigin(0,-22), bubbleOrigin(0,-30), z40. New tier mechanics and names require review; existing names preserved."
weather,Weather station,standard,saved random middle slot,True,18x22,none,Forecast; record rain and wind; warn ships,Observe weather at distinct times; interpret chart; issue correct warning,obj_barometer_t2,interactive_item,2,Runtime: Check the weather; 9 game min; fun +8 (need caps apply); proposed specialist perk: 12 game hours warning,standard;on;broken,standard 1; on 4@8fps; broken 1 + shared FX,read,"bottom-centre (9,22); keeper floor anchor (16,40)",obj_barometer; shared forecast chassis/pose,"shared wobble(1px), smoke, intermittent sparks + stuck dial",P1,planned,"Weather instruments. Instrument cluster. ON: 4-frame needle. Proposed location (13,0), logical frame 18x22; stable usePoint(-8,0), effectOrigin(0,-22), bubbleOrigin(0,-30), z40. New tier mechanics and names require review; existing names preserved."
weather,Weather station,standard,saved random middle slot,True,18x22,none,Forecast; record rain and wind; warn ships,Observe weather at distinct times; interpret chart; issue correct warning,obj_barometer_t3,interactive_item,3,Runtime: Check the weather; 7 game min; fun +9 (need caps apply); proposed specialist perk: 24 game hours warning,standard;on;broken,standard 1; on 4@8fps; broken 1 + shared FX,read,"bottom-centre (9,22); keeper floor anchor (16,40)",obj_barometer; shared forecast chassis/pose,"shared wobble(1px), smoke, intermittent sparks + stuck dial",P1,planned,"Weather computer. Forecast terminal with clear lead-time indicator. ON: 4-frame needle. Proposed location (13,0), logical frame 18x22; stable usePoint(-8,0), effectOrigin(0,-22), bubbleOrigin(0,-30), z40. New tier mechanics and names require review; existing names preserved."
weather,Weather station,standard,saved random middle slot,True,24x20,none,Forecast; record rain and wind; warn ships,Observe weather at distinct times; interpret chart; issue correct warning,obj_radio,interactive_item,1,"Runtime: Chat on the radio; 20 game min; social +24, fun +6 (need caps apply); proposed specialist perk: 1 signal decoded / 20 min",standard;on;broken,standard 1; on 4@8fps; broken 1 + shared FX,phone,"bottom-centre (12,20); keeper floor anchor (16,40)",obj_radio; shared signal chassis/pose,"shared wobble(1px), smoke, intermittent sparks + aerial crack or static",P1,planned,"Crackly radio. Small crackling speaker/aerial. ON: 4-frame signal lights. Proposed location (38,0), logical frame 24x20; stable usePoint(-8,0), effectOrigin(0,-20), bubbleOrigin(0,-28), z40. New tier mechanics and names require review; existing names preserved."
weather,Weather station,standard,saved random middle slot,True,24x20,none,Forecast; record rain and wind; warn ships,Observe weather at distinct times; interpret chart; issue correct warning,obj_radio_t2,interactive_item,2,"Runtime: Chat on the radio; 17 game min; social +30, fun +8 (need caps apply); proposed specialist perk: 2 signals / 17 min",standard;on;broken,standard 1; on 4@8fps; broken 1 + shared FX,phone,"bottom-centre (12,20); keeper floor anchor (16,40)",obj_radio; shared signal chassis/pose,"shared wobble(1px), smoke, intermittent sparks + aerial crack or static",P1,planned,"Ship-to-shore radio. Ship-to-shore console and tuned indicator. ON: 4-frame signal lights. Proposed location (38,0), logical frame 24x20; stable usePoint(-8,0), effectOrigin(0,-20), bubbleOrigin(0,-28), z40. New tier mechanics and names require review; existing names preserved."
weather,Weather station,standard,saved random middle slot,True,24x20,none,Forecast; record rain and wind; warn ships,Observe weather at distinct times; interpret chart; issue correct warning,obj_radio_t3,interactive_item,3,"Runtime: Chat on the radio; 14 game min; social +36, fun +9 (need caps apply); proposed specialist perk: 3 signals / 14 min",standard;on;broken,standard 1; on 4@8fps; broken 1 + shared FX,phone,"bottom-centre (12,20); keeper floor anchor (16,40)",obj_radio; shared signal chassis/pose,"shared wobble(1px), smoke, intermittent sparks + aerial crack or static",P1,planned,"Coastguard radio desk. Coastguard-style multi-signal console. ON: 4-frame signal lights. Proposed location (38,0), logical frame 24x20; stable usePoint(-8,0), effectOrigin(0,-20), bubbleOrigin(0,-28), z40. New tier mechanics and names require review; existing names preserved."
weather,Weather station,standard,saved random middle slot,True,22x20,none,Forecast; record rain and wind; warn ships,Observe weather at distinct times; interpret chart; issue correct warning,obj_raingauge,interactive_item,1,"PROPOSED, not coded: one rain reading / 10 min",standard;on;broken,standard 1; on 4@8fps; broken 1 + shared FX,reach_use,"bottom-centre (11,20); keeper floor anchor (16,40)",obj_raingauge; shared measure chassis/pose,"shared wobble(1px), smoke, intermittent sparks + frozen dial",P1,planned,"Basic raingauge. Basic: simple manual mechanism and few visible controls. ON: 4-frame reading. Proposed location (65,0), logical frame 22x20; stable usePoint(-8,0), effectOrigin(0,-20), bubbleOrigin(0,-28), z40. New tier mechanics and names require review; existing names preserved."
weather,Weather station,standard,saved random middle slot,True,22x20,none,Forecast; record rain and wind; warn ships,Observe weather at distinct times; interpret chart; issue correct warning,obj_windvane,interactive_item,1,"PROPOSED, not coded: one wind direction / 10 min",standard;on;broken,standard 1; on 4@8fps; broken 1 + shared FX,reach_use,"bottom-centre (11,20); keeper floor anchor (16,40)",obj_windvane; shared measure chassis/pose,"shared wobble(1px), smoke, intermittent sparks + frozen dial",P1,planned,"Basic windvane. Basic: simple manual mechanism and few visible controls. ON: 4-frame reading. Proposed location (91,0), logical frame 22x20; stable usePoint(-8,0), effectOrigin(0,-20), bubbleOrigin(0,-28), z40. New tier mechanics and names require review; existing names preserved."
weather,Weather station,standard,saved random middle slot,True,12x12,none,Forecast; record rain and wind; warn ships,Observe weather at distinct times; interpret chart; issue correct warning,prop_forecast_chart,dressing_or_activity_prop,1,Supports Forecast; record rain and wind; warn ships; single tier,standard,1,reach_use,bottom-centre; water surface top-left,shared prop_forecast_chart,not independently interactive; no repair tier,P1,planned,Separate prop; do not bake interactive furniture into plates. Exact final appearance proposal.
weather,Weather station,standard,saved random middle slot,True,12x12,none,Forecast; record rain and wind; warn ships,Observe weather at distinct times; interpret chart; issue correct warning,prop_sensor_cable,dressing_or_activity_prop,1,Supports Forecast; record rain and wind; warn ships; single tier,standard,1,reach_use,bottom-centre; water surface top-left,shared prop_sensor_cable,not independently interactive; no repair tier,P1,planned,Separate prop; do not bake interactive furniture into plates. Exact final appearance proposal.
weather,Weather station,standard,saved random middle slot,True,32x40,none,Forecast; record rain and wind; warn ships,Observe weather at distinct times; interpret chart; issue correct warning,keeper_greet,keeper_clip,0,Reusable task pose,on,5@8fps,greet,"floor (16,40); neck (16,11); shoulders (10,15)/(22,15); hips (13,25)/(19,25)",shared keeper_greet,not repairable,P1,planned,32x40 aligned frames; hand-drawn angles and integer translation; no arbitrary raster rotation.
weather,Weather station,standard,saved random middle slot,True,32x40,none,Forecast; record rain and wind; warn ships,Observe weather at distinct times; interpret chart; issue correct warning,keeper_idle,keeper_clip,0,Reusable task pose,on,4@6fps,idle,"floor (16,40); neck (16,11); shoulders (10,15)/(22,15); hips (13,25)/(19,25)",shared keeper_idle,not repairable,P1,delivered-review,32x40 aligned frames; hand-drawn angles and integer translation; no arbitrary raster rotation.
weather,Weather station,standard,saved random middle slot,True,32x40,none,Forecast; record rain and wind; warn ships,Observe weather at distinct times; interpret chart; issue correct warning,keeper_phone,keeper_clip,0,Reusable task pose,on,4@6fps,phone,"floor (16,40); neck (16,11); shoulders (10,15)/(22,15); hips (13,25)/(19,25)",shared keeper_phone,not repairable,P1,planned,32x40 aligned frames; hand-drawn angles and integer translation; no arbitrary raster rotation.
weather,Weather station,standard,saved random middle slot,True,32x40,none,Forecast; record rain and wind; warn ships,Observe weather at distinct times; interpret chart; issue correct warning,keeper_reach_use,keeper_clip,0,Reusable task pose,on,5@10fps,reach_use,"floor (16,40); neck (16,11); shoulders (10,15)/(22,15); hips (13,25)/(19,25)",shared keeper_reach_use,not repairable,P1,planned,32x40 aligned frames; hand-drawn angles and integer translation; no arbitrary raster rotation.
weather,Weather station,standard,saved random middle slot,True,32x40,none,Forecast; record rain and wind; warn ships,Observe weather at distinct times; interpret chart; issue correct warning,keeper_read,keeper_clip,0,Reusable task pose,on,4@5fps,read,"floor (16,40); neck (16,11); shoulders (10,15)/(22,15); hips (13,25)/(19,25)",shared keeper_read,not repairable,P1,planned,32x40 aligned frames; hand-drawn angles and integer translation; no arbitrary raster rotation.
weather,Weather station,standard,saved random middle slot,True,32x40,none,Forecast; record rain and wind; warn ships,Observe weather at distinct times; interpret chart; issue correct warning,keeper_shrug,keeper_clip,0,Reusable task pose,on,4@8fps,shrug,"floor (16,40); neck (16,11); shoulders (10,15)/(22,15); hips (13,25)/(19,25)",shared keeper_shrug,not repairable,P1,planned,32x40 aligned frames; hand-drawn angles and integer translation; no arbitrary raster rotation.
weather,Weather station,standard,saved random middle slot,True,32x40,none,Forecast; record rain and wind; warn ships,Observe weather at distinct times; interpret chart; issue correct warning,keeper_walk,keeper_clip,0,Reusable task pose,on,8@10fps,walk,"floor (16,40); neck (16,11); shoulders (10,15)/(22,15); hips (13,25)/(19,25)",shared keeper_walk,not repairable,P1,delivered-review,32x40 aligned frames; hand-drawn angles and integer translation; no arbitrary raster rotation.
weather,Weather station,standard,saved random middle slot,True,12x16,none,Forecast; record rain and wind; warn ships,Observe weather at distinct times; interpret chart; issue correct warning,fx_broken_smoke,shared_effect,0,Reusable fault/reveal feedback,on,8@8fps,none,"[6, 16]",fx_broken_smoke,overlay; does not move anchors,P1,delivered-review,FX shared; casing/body motion is separately integer-safe.
weather,Weather station,standard,saved random middle slot,True,12x12,none,Forecast; record rain and wind; warn ships,Observe weather at distinct times; interpret chart; issue correct warning,fx_broken_sparks,shared_effect,0,Reusable fault/reveal feedback,on,6@12fps,none,"[6, 6]",fx_broken_sparks,overlay; does not move anchors,P1,delivered-review,FX shared; casing/body motion is separately integer-safe.
weather,Weather station,standard,saved random middle slot,True,64x64,none,Forecast; record rain and wind; warn ships,Observe weather at distinct times; interpret chart; issue correct warning,fx_floor_arrival_smoke,shared_effect,0,Reusable fault/reveal feedback,on,8@12fps,none,"[32, 64]",fx_floor_arrival_smoke,overlay; does not move anchors,P1,planned,FX shared; casing/body motion is separately integer-safe.
weather,Weather station,standard,saved random middle slot,True,16x16,none,Forecast; record rain and wind; warn ships,Observe weather at distinct times; interpret chart; issue correct warning,fx_shine,shared_effect,0,Reusable fault/reveal feedback,on,4@8fps,none,"[8, 16]",fx_shine,overlay; does not move anchors,P1,planned,FX shared; casing/body motion is separately integer-safe.
marine_lab,Marine laboratory,standard,saved random middle slot,True,105x35,aquarium; specimens from fishing or diving,Microscopy; habitat research; water testing,Match specimens to habitats; examine sample; balance water,room_marine_lab,room_plate,0,Separate structure; enables activities below,standard,1,none,"top-left (0,0); floor y=35",room timber/stone/tile palette; no furniture,structure faults use separate interactive components,P2,planned,Sample shelves left; microscope centre; test sink right; review: separate lab or aquarium specialization; source: docs/EXPANSION_DESIGN.md
marine_lab,Marine laboratory,standard,saved random middle slot,True,5x35,aquarium; specimens from fishing or diving,Microscopy; habitat research; water testing,Match specimens to habitats; examine sample; balance water,seam_standard,structural_kit,0,Connect without resizing furniture,standard,1,none,integer parent seam; walking-plane y=0,shared wall/beam/pipe segments,none; parent component controls faults,P2,planned,Core remains 110x35; 105x35 plate; world-Y stripes. Extensions consume no standard slot.
marine_lab,Marine laboratory,standard,saved random middle slot,True,22x20,aquarium; specimens from fishing or diving,Microscopy; habitat research; water testing,Match specimens to habitats; examine sample; balance water,obj_microscope,interactive_item,1,"PROPOSED, not coded: resolve 1 sample detail",standard;on;broken,standard 1; on 4@8fps; broken 1 + shared FX,read,"bottom-centre (11,20); keeper floor anchor (16,40)",obj_microscope; shared research chassis/pose,"shared wobble(1px), smoke, intermittent sparks + stuck page or screen",P2,planned,"Basic microscope. Manual book, board or simple computer. ON: 4-frame page or display change. Proposed location (15,0), logical frame 22x20; stable usePoint(-8,0), effectOrigin(0,-20), bubbleOrigin(0,-28), z40. New tier mechanics and names require review; existing names preserved."
marine_lab,Marine laboratory,standard,saved random middle slot,True,22x20,aquarium; specimens from fishing or diving,Microscopy; habitat research; water testing,Match specimens to habitats; examine sample; balance water,obj_microscope_t2,interactive_item,2,"PROPOSED, not coded: 2 sample details",standard;on;broken,standard 1; on 4@8fps; broken 1 + shared FX,read,"bottom-centre (11,20); keeper floor anchor (16,40)",obj_microscope; shared research chassis/pose,"shared wobble(1px), smoke, intermittent sparks + stuck page or screen",P2,planned,"Mid-tier microscope. Indexed storage or improved terminal. ON: 4-frame page or display change. Proposed location (15,0), logical frame 22x20; stable usePoint(-8,0), effectOrigin(0,-20), bubbleOrigin(0,-28), z40. New tier mechanics and names require review; existing names preserved."
marine_lab,Marine laboratory,standard,saved random middle slot,True,22x20,aquarium; specimens from fishing or diving,Microscopy; habitat research; water testing,Match specimens to habitats; examine sample; balance water,obj_microscope_t3,interactive_item,3,"PROPOSED, not coded: 3 details including small plankton",standard;on;broken,standard 1; on 4@8fps; broken 1 + shared FX,read,"bottom-centre (11,20); keeper floor anchor (16,40)",obj_microscope; shared research chassis/pose,"shared wobble(1px), smoke, intermittent sparks + stuck page or screen",P2,planned,"Top-tier microscope. Search interface or clue display; no live internet. ON: 4-frame page or display change. Proposed location (15,0), logical frame 22x20; stable usePoint(-8,0), effectOrigin(0,-20), bubbleOrigin(0,-28), z40. New tier mechanics and names require review; existing names preserved."
marine_lab,Marine laboratory,standard,saved random middle slot,True,22x20,aquarium; specimens from fishing or diving,Microscopy; habitat research; water testing,Match specimens to habitats; examine sample; balance water,obj_sampletank,interactive_item,1,"PROPOSED, not coded: 1 habitat group",standard;on;broken,standard 1; on 4@8fps; broken 1 + shared FX,reach_use,"bottom-centre (11,20); keeper floor anchor (16,40)",obj_sampletank; shared capacity chassis/pose,"shared wobble(1px), smoke, intermittent sparks + jammed mechanism",P2,planned,"Basic sampletank. Basic: simple manual mechanism and few visible controls. ON: 4-frame transfer. Proposed location (41,0), logical frame 22x20; stable usePoint(-8,0), effectOrigin(0,-20), bubbleOrigin(0,-28), z40. New tier mechanics and names require review; existing names preserved."
marine_lab,Marine laboratory,standard,saved random middle slot,True,22x20,aquarium; specimens from fishing or diving,Microscopy; habitat research; water testing,Match specimens to habitats; examine sample; balance water,obj_sampletank_t2,interactive_item,2,"PROPOSED, not coded: 2 separately filtered habitat groups",standard;on;broken,standard 1; on 4@8fps; broken 1 + shared FX,reach_use,"bottom-centre (11,20); keeper floor anchor (16,40)",obj_sampletank; shared capacity chassis/pose,"shared wobble(1px), smoke, intermittent sparks + jammed mechanism",P2,planned,"Mid-tier sampletank. Mid: sturdier housing; second visible functional control and clear status indicator. ON: 4-frame transfer. Proposed location (41,0), logical frame 22x20; stable usePoint(-8,0), effectOrigin(0,-20), bubbleOrigin(0,-28), z40. New tier mechanics and names require review; existing names preserved."
marine_lab,Marine laboratory,standard,saved random middle slot,True,22x20,aquarium; specimens from fishing or diving,Microscopy; habitat research; water testing,Match specimens to habitats; examine sample; balance water,obj_sampletank_t3,interactive_item,3,"PROPOSED, not coded: 3 habitat groups",standard;on;broken,standard 1; on 4@8fps; broken 1 + shared FX,reach_use,"bottom-centre (11,20); keeper floor anchor (16,40)",obj_sampletank; shared capacity chassis/pose,"shared wobble(1px), smoke, intermittent sparks + jammed mechanism",P2,planned,"Top-tier sampletank. Top: automatic mechanism; readable capacity/output gauge; same anchor and frame bounds. ON: 4-frame transfer. Proposed location (41,0), logical frame 22x20; stable usePoint(-8,0), effectOrigin(0,-20), bubbleOrigin(0,-28), z40. New tier mechanics and names require review; existing names preserved."
marine_lab,Marine laboratory,standard,saved random middle slot,True,22x20,aquarium; specimens from fishing or diving,Microscopy; habitat research; water testing,Match specimens to habitats; examine sample; balance water,obj_waterkit,interactive_item,1,"PROPOSED, not coded: one salinity reading / 10 min",standard;on;broken,standard 1; on 4@8fps; broken 1 + shared FX,reach_use,"bottom-centre (11,20); keeper floor anchor (16,40)",obj_waterkit; shared measure chassis/pose,"shared wobble(1px), smoke, intermittent sparks + frozen dial",P2,planned,"Basic waterkit. Basic: simple manual mechanism and few visible controls. ON: 4-frame reading. Proposed location (67,0), logical frame 22x20; stable usePoint(-8,0), effectOrigin(0,-20), bubbleOrigin(0,-28), z40. New tier mechanics and names require review; existing names preserved."
marine_lab,Marine laboratory,standard,saved random middle slot,True,12x12,aquarium; specimens from fishing or diving,Microscopy; habitat research; water testing,Match specimens to habitats; examine sample; balance water,prop_specimen_jars,dressing_or_activity_prop,1,Supports Microscopy; habitat research; water testing; single tier,standard,1,reach_use,bottom-centre; water surface top-left,shared prop_specimen_jars,not independently interactive; no repair tier,P2,planned,Separate prop; do not bake interactive furniture into plates. Exact final appearance proposal.
marine_lab,Marine laboratory,standard,saved random middle slot,True,12x12,aquarium; specimens from fishing or diving,Microscopy; habitat research; water testing,Match specimens to habitats; examine sample; balance water,prop_habitat_chart,dressing_or_activity_prop,1,Supports Microscopy; habitat research; water testing; single tier,standard,1,reach_use,bottom-centre; water surface top-left,shared prop_habitat_chart,not independently interactive; no repair tier,P2,planned,Separate prop; do not bake interactive furniture into plates. Exact final appearance proposal.
marine_lab,Marine laboratory,standard,saved random middle slot,True,32x40,aquarium; specimens from fishing or diving,Microscopy; habitat research; water testing,Match specimens to habitats; examine sample; balance water,keeper_greet,keeper_clip,0,Reusable task pose,on,5@8fps,greet,"floor (16,40); neck (16,11); shoulders (10,15)/(22,15); hips (13,25)/(19,25)",shared keeper_greet,not repairable,P2,planned,32x40 aligned frames; hand-drawn angles and integer translation; no arbitrary raster rotation.
marine_lab,Marine laboratory,standard,saved random middle slot,True,32x40,aquarium; specimens from fishing or diving,Microscopy; habitat research; water testing,Match specimens to habitats; examine sample; balance water,keeper_idle,keeper_clip,0,Reusable task pose,on,4@6fps,idle,"floor (16,40); neck (16,11); shoulders (10,15)/(22,15); hips (13,25)/(19,25)",shared keeper_idle,not repairable,P2,delivered-review,32x40 aligned frames; hand-drawn angles and integer translation; no arbitrary raster rotation.
marine_lab,Marine laboratory,standard,saved random middle slot,True,32x40,aquarium; specimens from fishing or diving,Microscopy; habitat research; water testing,Match specimens to habitats; examine sample; balance water,keeper_reach_use,keeper_clip,0,Reusable task pose,on,5@10fps,reach_use,"floor (16,40); neck (16,11); shoulders (10,15)/(22,15); hips (13,25)/(19,25)",shared keeper_reach_use,not repairable,P2,planned,32x40 aligned frames; hand-drawn angles and integer translation; no arbitrary raster rotation.
marine_lab,Marine laboratory,standard,saved random middle slot,True,32x40,aquarium; specimens from fishing or diving,Microscopy; habitat research; water testing,Match specimens to habitats; examine sample; balance water,keeper_read,keeper_clip,0,Reusable task pose,on,4@5fps,read,"floor (16,40); neck (16,11); shoulders (10,15)/(22,15); hips (13,25)/(19,25)",shared keeper_read,not repairable,P2,planned,32x40 aligned frames; hand-drawn angles and integer translation; no arbitrary raster rotation.
marine_lab,Marine laboratory,standard,saved random middle slot,True,32x40,aquarium; specimens from fishing or diving,Microscopy; habitat research; water testing,Match specimens to habitats; examine sample; balance water,keeper_shrug,keeper_clip,0,Reusable task pose,on,4@8fps,shrug,"floor (16,40); neck (16,11); shoulders (10,15)/(22,15); hips (13,25)/(19,25)",shared keeper_shrug,not repairable,P2,planned,32x40 aligned frames; hand-drawn angles and integer translation; no arbitrary raster rotation.
marine_lab,Marine laboratory,standard,saved random middle slot,True,32x40,aquarium; specimens from fishing or diving,Microscopy; habitat research; water testing,Match specimens to habitats; examine sample; balance water,keeper_walk,keeper_clip,0,Reusable task pose,on,8@10fps,walk,"floor (16,40); neck (16,11); shoulders (10,15)/(22,15); hips (13,25)/(19,25)",shared keeper_walk,not repairable,P2,delivered-review,32x40 aligned frames; hand-drawn angles and integer translation; no arbitrary raster rotation.
marine_lab,Marine laboratory,standard,saved random middle slot,True,12x16,aquarium; specimens from fishing or diving,Microscopy; habitat research; water testing,Match specimens to habitats; examine sample; balance water,fx_broken_smoke,shared_effect,0,Reusable fault/reveal feedback,on,8@8fps,none,"[6, 16]",fx_broken_smoke,overlay; does not move anchors,P2,delivered-review,FX shared; casing/body motion is separately integer-safe.
marine_lab,Marine laboratory,standard,saved random middle slot,True,12x12,aquarium; specimens from fishing or diving,Microscopy; habitat research; water testing,Match specimens to habitats; examine sample; balance water,fx_broken_sparks,shared_effect,0,Reusable fault/reveal feedback,on,6@12fps,none,"[6, 6]",fx_broken_sparks,overlay; does not move anchors,P2,delivered-review,FX shared; casing/body motion is separately integer-safe.
marine_lab,Marine laboratory,standard,saved random middle slot,True,64x64,aquarium; specimens from fishing or diving,Microscopy; habitat research; water testing,Match specimens to habitats; examine sample; balance water,fx_floor_arrival_smoke,shared_effect,0,Reusable fault/reveal feedback,on,8@12fps,none,"[32, 64]",fx_floor_arrival_smoke,overlay; does not move anchors,P2,planned,FX shared; casing/body motion is separately integer-safe.
marine_lab,Marine laboratory,standard,saved random middle slot,True,16x16,aquarium; specimens from fishing or diving,Microscopy; habitat research; water testing,Match specimens to habitats; examine sample; balance water,fx_shine,shared_effect,0,Reusable fault/reveal feedback,on,4@8fps,none,"[8, 16]",fx_shine,overlay; does not move anchors,P2,planned,FX shared; casing/body motion is separately integer-safe.
radio_room,Radio room,standard,saved random middle slot,True,105x35,power; aerial,Decode; rescue calls; relay locations,Repair aerial; decode short signal; relay chart location,room_radio_room,room_plate,0,Separate structure; enables activities below,standard,1,none,"top-left (0,0); floor y=35",room timber/stone/tile palette; no furniture,structure faults use separate interactive components,P2,planned,Radio desk centre; signal board left; map right; review: standalone or weather-room expansion; source: docs/EXPANSION_DESIGN.md
radio_room,Radio room,standard,saved random middle slot,True,5x35,power; aerial,Decode; rescue calls; relay locations,Repair aerial; decode short signal; relay chart location,seam_standard,structural_kit,0,Connect without resizing furniture,standard,1,none,integer parent seam; walking-plane y=0,shared wall/beam/pipe segments,none; parent component controls faults,P2,planned,Core remains 110x35; 105x35 plate; world-Y stripes. Extensions consume no standard slot.
radio_room,Radio room,standard,saved random middle slot,True,24x20,power; aerial,Decode; rescue calls; relay locations,Repair aerial; decode short signal; relay chart location,obj_radio,interactive_item,1,"Runtime: Chat on the radio; 20 game min; social +24, fun +6 (need caps apply); proposed specialist perk: 1 signal decoded / 20 min",standard;on;broken,standard 1; on 4@8fps; broken 1 + shared FX,phone,"bottom-centre (12,20); keeper floor anchor (16,40)",obj_radio; shared signal chassis/pose,"shared wobble(1px), smoke, intermittent sparks + aerial crack or static",P2,planned,"Crackly radio. Small crackling speaker/aerial. ON: 4-frame signal lights. Proposed location (16,0), logical frame 24x20; stable usePoint(-8,0), effectOrigin(0,-20), bubbleOrigin(0,-28), z40. New tier mechanics and names require review; existing names preserved."
radio_room,Radio room,standard,saved random middle slot,True,24x20,power; aerial,Decode; rescue calls; relay locations,Repair aerial; decode short signal; relay chart location,obj_radio_t2,interactive_item,2,"Runtime: Chat on the radio; 17 game min; social +30, fun +8 (need caps apply); proposed specialist perk: 2 signals / 17 min",standard;on;broken,standard 1; on 4@8fps; broken 1 + shared FX,phone,"bottom-centre (12,20); keeper floor anchor (16,40)",obj_radio; shared signal chassis/pose,"shared wobble(1px), smoke, intermittent sparks + aerial crack or static",P2,planned,"Ship-to-shore radio. Ship-to-shore console and tuned indicator. ON: 4-frame signal lights. Proposed location (16,0), logical frame 24x20; stable usePoint(-8,0), effectOrigin(0,-20), bubbleOrigin(0,-28), z40. New tier mechanics and names require review; existing names preserved."
radio_room,Radio room,standard,saved random middle slot,True,24x20,power; aerial,Decode; rescue calls; relay locations,Repair aerial; decode short signal; relay chart location,obj_radio_t3,interactive_item,3,"Runtime: Chat on the radio; 14 game min; social +36, fun +9 (need caps apply); proposed specialist perk: 3 signals / 14 min",standard;on;broken,standard 1; on 4@8fps; broken 1 + shared FX,phone,"bottom-centre (12,20); keeper floor anchor (16,40)",obj_radio; shared signal chassis/pose,"shared wobble(1px), smoke, intermittent sparks + aerial crack or static",P2,planned,"Coastguard radio desk. Coastguard-style multi-signal console. ON: 4-frame signal lights. Proposed location (16,0), logical frame 24x20; stable usePoint(-8,0), effectOrigin(0,-20), bubbleOrigin(0,-28), z40. New tier mechanics and names require review; existing names preserved."
radio_room,Radio room,standard,saved random middle slot,True,22x20,power; aerial,Decode; rescue calls; relay locations,Repair aerial; decode short signal; relay chart location,obj_signaldecoder,interactive_item,1,"PROPOSED, not coded: 1 signal decoded / 20 min",standard;on;broken,standard 1; on 4@8fps; broken 1 + shared FX,phone,"bottom-centre (11,20); keeper floor anchor (16,40)",obj_signaldecoder; shared signal chassis/pose,"shared wobble(1px), smoke, intermittent sparks + aerial crack or static",P2,planned,"Basic signaldecoder. Small crackling speaker/aerial. ON: 4-frame signal lights. Proposed location (43,0), logical frame 22x20; stable usePoint(-8,0), effectOrigin(0,-20), bubbleOrigin(0,-28), z40. New tier mechanics and names require review; existing names preserved."
radio_room,Radio room,standard,saved random middle slot,True,22x20,power; aerial,Decode; rescue calls; relay locations,Repair aerial; decode short signal; relay chart location,obj_signaldecoder_t2,interactive_item,2,"PROPOSED, not coded: 2 signals / 17 min",standard;on;broken,standard 1; on 4@8fps; broken 1 + shared FX,phone,"bottom-centre (11,20); keeper floor anchor (16,40)",obj_signaldecoder; shared signal chassis/pose,"shared wobble(1px), smoke, intermittent sparks + aerial crack or static",P2,planned,"Mid-tier signaldecoder. Ship-to-shore console and tuned indicator. ON: 4-frame signal lights. Proposed location (43,0), logical frame 22x20; stable usePoint(-8,0), effectOrigin(0,-20), bubbleOrigin(0,-28), z40. New tier mechanics and names require review; existing names preserved."
radio_room,Radio room,standard,saved random middle slot,True,22x20,power; aerial,Decode; rescue calls; relay locations,Repair aerial; decode short signal; relay chart location,obj_signaldecoder_t3,interactive_item,3,"PROPOSED, not coded: 3 signals / 14 min",standard;on;broken,standard 1; on 4@8fps; broken 1 + shared FX,phone,"bottom-centre (11,20); keeper floor anchor (16,40)",obj_signaldecoder; shared signal chassis/pose,"shared wobble(1px), smoke, intermittent sparks + aerial crack or static",P2,planned,"Top-tier signaldecoder. Coastguard-style multi-signal console. ON: 4-frame signal lights. Proposed location (43,0), logical frame 22x20; stable usePoint(-8,0), effectOrigin(0,-20), bubbleOrigin(0,-28), z40. New tier mechanics and names require review; existing names preserved."
radio_room,Radio room,standard,saved random middle slot,True,22x20,power; aerial,Decode; rescue calls; relay locations,Repair aerial; decode short signal; relay chart location,obj_aerial,interactive_item,1,"PROPOSED, not coded: 1 signal decoded / 20 min",standard;on;broken,standard 1; on 4@8fps; broken 1 + shared FX,phone,"bottom-centre (11,20); keeper floor anchor (16,40)",obj_aerial; shared signal chassis/pose,"shared wobble(1px), smoke, intermittent sparks + aerial crack or static",P2,planned,"Basic aerial. Small crackling speaker/aerial. ON: 4-frame signal lights. Proposed location (69,0), logical frame 22x20; stable usePoint(-8,0), effectOrigin(0,-20), bubbleOrigin(0,-28), z40. New tier mechanics and names require review; existing names preserved."
radio_room,Radio room,standard,saved random middle slot,True,22x20,power; aerial,Decode; rescue calls; relay locations,Repair aerial; decode short signal; relay chart location,obj_aerial_t2,interactive_item,2,"PROPOSED, not coded: 2 signals / 17 min",standard;on;broken,standard 1; on 4@8fps; broken 1 + shared FX,phone,"bottom-centre (11,20); keeper floor anchor (16,40)",obj_aerial; shared signal chassis/pose,"shared wobble(1px), smoke, intermittent sparks + aerial crack or static",P2,planned,"Mid-tier aerial. Ship-to-shore console and tuned indicator. ON: 4-frame signal lights. Proposed location (69,0), logical frame 22x20; stable usePoint(-8,0), effectOrigin(0,-20), bubbleOrigin(0,-28), z40. New tier mechanics and names require review; existing names preserved."
radio_room,Radio room,standard,saved random middle slot,True,22x20,power; aerial,Decode; rescue calls; relay locations,Repair aerial; decode short signal; relay chart location,obj_aerial_t3,interactive_item,3,"PROPOSED, not coded: 3 signals / 14 min",standard;on;broken,standard 1; on 4@8fps; broken 1 + shared FX,phone,"bottom-centre (11,20); keeper floor anchor (16,40)",obj_aerial; shared signal chassis/pose,"shared wobble(1px), smoke, intermittent sparks + aerial crack or static",P2,planned,"Top-tier aerial. Coastguard-style multi-signal console. ON: 4-frame signal lights. Proposed location (69,0), logical frame 22x20; stable usePoint(-8,0), effectOrigin(0,-20), bubbleOrigin(0,-28), z40. New tier mechanics and names require review; existing names preserved."
radio_room,Radio room,standard,saved random middle slot,True,12x12,power; aerial,Decode; rescue calls; relay locations,Repair aerial; decode short signal; relay chart location,prop_code_chart,dressing_or_activity_prop,1,Supports Decode; rescue calls; relay locations; single tier,standard,1,reach_use,bottom-centre; water surface top-left,shared prop_code_chart,not independently interactive; no repair tier,P2,planned,Separate prop; do not bake interactive furniture into plates. Exact final appearance proposal.
radio_room,Radio room,standard,saved random middle slot,True,12x12,power; aerial,Decode; rescue calls; relay locations,Repair aerial; decode short signal; relay chart location,prop_headphones,dressing_or_activity_prop,1,Supports Decode; rescue calls; relay locations; single tier,standard,1,reach_use,bottom-centre; water surface top-left,shared prop_headphones,not independently interactive; no repair tier,P2,planned,Separate prop; do not bake interactive furniture into plates. Exact final appearance proposal.
radio_room,Radio room,standard,saved random middle slot,True,32x40,power; aerial,Decode; rescue calls; relay locations,Repair aerial; decode short signal; relay chart location,keeper_greet,keeper_clip,0,Reusable task pose,on,5@8fps,greet,"floor (16,40); neck (16,11); shoulders (10,15)/(22,15); hips (13,25)/(19,25)",shared keeper_greet,not repairable,P2,planned,32x40 aligned frames; hand-drawn angles and integer translation; no arbitrary raster rotation.
radio_room,Radio room,standard,saved random middle slot,True,32x40,power; aerial,Decode; rescue calls; relay locations,Repair aerial; decode short signal; relay chart location,keeper_idle,keeper_clip,0,Reusable task pose,on,4@6fps,idle,"floor (16,40); neck (16,11); shoulders (10,15)/(22,15); hips (13,25)/(19,25)",shared keeper_idle,not repairable,P2,delivered-review,32x40 aligned frames; hand-drawn angles and integer translation; no arbitrary raster rotation.
radio_room,Radio room,standard,saved random middle slot,True,32x40,power; aerial,Decode; rescue calls; relay locations,Repair aerial; decode short signal; relay chart location,keeper_phone,keeper_clip,0,Reusable task pose,on,4@6fps,phone,"floor (16,40); neck (16,11); shoulders (10,15)/(22,15); hips (13,25)/(19,25)",shared keeper_phone,not repairable,P2,planned,32x40 aligned frames; hand-drawn angles and integer translation; no arbitrary raster rotation.
radio_room,Radio room,standard,saved random middle slot,True,32x40,power; aerial,Decode; rescue calls; relay locations,Repair aerial; decode short signal; relay chart location,keeper_reach_use,keeper_clip,0,Reusable task pose,on,5@10fps,reach_use,"floor (16,40); neck (16,11); shoulders (10,15)/(22,15); hips (13,25)/(19,25)",shared keeper_reach_use,not repairable,P2,planned,32x40 aligned frames; hand-drawn angles and integer translation; no arbitrary raster rotation.
radio_room,Radio room,standard,saved random middle slot,True,32x40,power; aerial,Decode; rescue calls; relay locations,Repair aerial; decode short signal; relay chart location,keeper_shrug,keeper_clip,0,Reusable task pose,on,4@8fps,shrug,"floor (16,40); neck (16,11); shoulders (10,15)/(22,15); hips (13,25)/(19,25)",shared keeper_shrug,not repairable,P2,planned,32x40 aligned frames; hand-drawn angles and integer translation; no arbitrary raster rotation.
radio_room,Radio room,standard,saved random middle slot,True,32x40,power; aerial,Decode; rescue calls; relay locations,Repair aerial; decode short signal; relay chart location,keeper_walk,keeper_clip,0,Reusable task pose,on,8@10fps,walk,"floor (16,40); neck (16,11); shoulders (10,15)/(22,15); hips (13,25)/(19,25)",shared keeper_walk,not repairable,P2,delivered-review,32x40 aligned frames; hand-drawn angles and integer translation; no arbitrary raster rotation.
radio_room,Radio room,standard,saved random middle slot,True,12x16,power; aerial,Decode; rescue calls; relay locations,Repair aerial; decode short signal; relay chart location,fx_broken_smoke,shared_effect,0,Reusable fault/reveal feedback,on,8@8fps,none,"[6, 16]",fx_broken_smoke,overlay; does not move anchors,P2,delivered-review,FX shared; casing/body motion is separately integer-safe.
radio_room,Radio room,standard,saved random middle slot,True,12x12,power; aerial,Decode; rescue calls; relay locations,Repair aerial; decode short signal; relay chart location,fx_broken_sparks,shared_effect,0,Reusable fault/reveal feedback,on,6@12fps,none,"[6, 6]",fx_broken_sparks,overlay; does not move anchors,P2,delivered-review,FX shared; casing/body motion is separately integer-safe.
radio_room,Radio room,standard,saved random middle slot,True,64x64,power; aerial,Decode; rescue calls; relay locations,Repair aerial; decode short signal; relay chart location,fx_floor_arrival_smoke,shared_effect,0,Reusable fault/reveal feedback,on,8@12fps,none,"[32, 64]",fx_floor_arrival_smoke,overlay; does not move anchors,P2,planned,FX shared; casing/body motion is separately integer-safe.
radio_room,Radio room,standard,saved random middle slot,True,16x16,power; aerial,Decode; rescue calls; relay locations,Repair aerial; decode short signal; relay chart location,fx_shine,shared_effect,0,Reusable fault/reveal feedback,on,4@8fps,none,"[8, 16]",fx_shine,overlay; does not move anchors,P2,planned,FX shared; casing/body motion is separately integer-safe.
map_room,Map and chart room,standard,saved random middle slot,True,105x35,sightings; boat for routes,Plot routes; discover islands; chart rocks,Orient recovered fragments; plot one safe route,room_map_room,room_plate,0,Separate structure; enables activities below,standard,1,none,"top-left (0,0); floor y=35",room timber/stone/tile palette; no furniture,structure faults use separate interactive components,P2,planned,Chart table centre; map archive left; route pins right; approved idea; source: docs/EXPANSION_DESIGN.md
map_room,Map and chart room,standard,saved random middle slot,True,5x35,sightings; boat for routes,Plot routes; discover islands; chart rocks,Orient recovered fragments; plot one safe route,seam_standard,structural_kit,0,Connect without resizing furniture,standard,1,none,integer parent seam; walking-plane y=0,shared wall/beam/pipe segments,none; parent component controls faults,P2,planned,Core remains 110x35; 105x35 plate; world-Y stripes. Extensions consume no standard slot.
map_room,Map and chart room,standard,saved random middle slot,True,22x20,sightings; boat for routes,Plot routes; discover islands; chart rocks,Orient recovered fragments; plot one safe route,obj_charttable,interactive_item,1,"PROPOSED, not coded: 1 route with 3 waypoints",standard;on;broken,standard 1; on 4@8fps; broken 1 + shared FX,read,"bottom-centre (11,20); keeper floor anchor (16,40)",obj_charttable; shared route chassis/pose,"shared wobble(1px), smoke, intermittent sparks + stuck plotting arm",P2,planned,"Basic charttable. Basic: simple manual mechanism and few visible controls. ON: 4-frame route highlight. Proposed location (15,0), logical frame 22x20; stable usePoint(-8,0), effectOrigin(0,-20), bubbleOrigin(0,-28), z40. New tier mechanics and names require review; existing names preserved."
map_room,Map and chart room,standard,saved random middle slot,True,22x20,sightings; boat for routes,Plot routes; discover islands; chart rocks,Orient recovered fragments; plot one safe route,obj_charttable_t2,interactive_item,2,"PROPOSED, not coded: 2 saved routes with 5 waypoints",standard;on;broken,standard 1; on 4@8fps; broken 1 + shared FX,read,"bottom-centre (11,20); keeper floor anchor (16,40)",obj_charttable; shared route chassis/pose,"shared wobble(1px), smoke, intermittent sparks + stuck plotting arm",P2,planned,"Mid-tier charttable. Mid: sturdier housing; second visible functional control and clear status indicator. ON: 4-frame route highlight. Proposed location (15,0), logical frame 22x20; stable usePoint(-8,0), effectOrigin(0,-20), bubbleOrigin(0,-28), z40. New tier mechanics and names require review; existing names preserved."
map_room,Map and chart room,standard,saved random middle slot,True,22x20,sightings; boat for routes,Plot routes; discover islands; chart rocks,Orient recovered fragments; plot one safe route,obj_charttable_t3,interactive_item,3,"PROPOSED, not coded: 3 saved routes with 7 waypoints",standard;on;broken,standard 1; on 4@8fps; broken 1 + shared FX,read,"bottom-centre (11,20); keeper floor anchor (16,40)",obj_charttable; shared route chassis/pose,"shared wobble(1px), smoke, intermittent sparks + stuck plotting arm",P2,planned,"Top-tier charttable. Top: automatic mechanism; readable capacity/output gauge; same anchor and frame bounds. ON: 4-frame route highlight. Proposed location (15,0), logical frame 22x20; stable usePoint(-8,0), effectOrigin(0,-20), bubbleOrigin(0,-28), z40. New tier mechanics and names require review; existing names preserved."
map_room,Map and chart room,standard,saved random middle slot,True,22x20,sightings; boat for routes,Plot routes; discover islands; chart rocks,Orient recovered fragments; plot one safe route,obj_maparchive,interactive_item,1,"PROPOSED, not coded: 1 clue per 20 game min",standard;on;broken,standard 1; on 4@8fps; broken 1 + shared FX,read,"bottom-centre (11,20); keeper floor anchor (16,40)",obj_maparchive; shared research chassis/pose,"shared wobble(1px), smoke, intermittent sparks + stuck page or screen",P2,planned,"Basic maparchive. Manual book, board or simple computer. ON: 4-frame page or display change. Proposed location (41,0), logical frame 22x20; stable usePoint(-8,0), effectOrigin(0,-20), bubbleOrigin(0,-28), z40. New tier mechanics and names require review; existing names preserved."
map_room,Map and chart room,standard,saved random middle slot,True,22x20,sightings; boat for routes,Plot routes; discover islands; chart rocks,Orient recovered fragments; plot one safe route,obj_maparchive_t2,interactive_item,2,"PROPOSED, not coded: 2 clues per 17 game min",standard;on;broken,standard 1; on 4@8fps; broken 1 + shared FX,read,"bottom-centre (11,20); keeper floor anchor (16,40)",obj_maparchive; shared research chassis/pose,"shared wobble(1px), smoke, intermittent sparks + stuck page or screen",P2,planned,"Mid-tier maparchive. Indexed storage or improved terminal. ON: 4-frame page or display change. Proposed location (41,0), logical frame 22x20; stable usePoint(-8,0), effectOrigin(0,-20), bubbleOrigin(0,-28), z40. New tier mechanics and names require review; existing names preserved."
map_room,Map and chart room,standard,saved random middle slot,True,22x20,sightings; boat for routes,Plot routes; discover islands; chart rocks,Orient recovered fragments; plot one safe route,obj_maparchive_t3,interactive_item,3,"PROPOSED, not coded: 3 clues per 14 game min",standard;on;broken,standard 1; on 4@8fps; broken 1 + shared FX,read,"bottom-centre (11,20); keeper floor anchor (16,40)",obj_maparchive; shared research chassis/pose,"shared wobble(1px), smoke, intermittent sparks + stuck page or screen",P2,planned,"Top-tier maparchive. Search interface or clue display; no live internet. ON: 4-frame page or display change. Proposed location (41,0), logical frame 22x20; stable usePoint(-8,0), effectOrigin(0,-20), bubbleOrigin(0,-28), z40. New tier mechanics and names require review; existing names preserved."
map_room,Map and chart room,standard,saved random middle slot,True,12x12,sightings; boat for routes,Plot routes; discover islands; chart rocks,Orient recovered fragments; plot one safe route,prop_compass_prop,dressing_or_activity_prop,1,Supports Plot routes; discover islands; chart rocks; single tier,standard,1,reach_use,bottom-centre; water surface top-left,shared prop_compass_prop,not independently interactive; no repair tier,P2,planned,Separate prop; do not bake interactive furniture into plates. Exact final appearance proposal.
map_room,Map and chart room,standard,saved random middle slot,True,12x12,sightings; boat for routes,Plot routes; discover islands; chart rocks,Orient recovered fragments; plot one safe route,prop_map_fragments,dressing_or_activity_prop,1,Supports Plot routes; discover islands; chart rocks; single tier,standard,1,reach_use,bottom-centre; water surface top-left,shared prop_map_fragments,not independently interactive; no repair tier,P2,planned,Separate prop; do not bake interactive furniture into plates. Exact final appearance proposal.
map_room,Map and chart room,standard,saved random middle slot,True,32x40,sightings; boat for routes,Plot routes; discover islands; chart rocks,Orient recovered fragments; plot one safe route,keeper_greet,keeper_clip,0,Reusable task pose,on,5@8fps,greet,"floor (16,40); neck (16,11); shoulders (10,15)/(22,15); hips (13,25)/(19,25)",shared keeper_greet,not repairable,P2,planned,32x40 aligned frames; hand-drawn angles and integer translation; no arbitrary raster rotation.
map_room,Map and chart room,standard,saved random middle slot,True,32x40,sightings; boat for routes,Plot routes; discover islands; chart rocks,Orient recovered fragments; plot one safe route,keeper_idle,keeper_clip,0,Reusable task pose,on,4@6fps,idle,"floor (16,40); neck (16,11); shoulders (10,15)/(22,15); hips (13,25)/(19,25)",shared keeper_idle,not repairable,P2,delivered-review,32x40 aligned frames; hand-drawn angles and integer translation; no arbitrary raster rotation.
map_room,Map and chart room,standard,saved random middle slot,True,32x40,sightings; boat for routes,Plot routes; discover islands; chart rocks,Orient recovered fragments; plot one safe route,keeper_reach_use,keeper_clip,0,Reusable task pose,on,5@10fps,reach_use,"floor (16,40); neck (16,11); shoulders (10,15)/(22,15); hips (13,25)/(19,25)",shared keeper_reach_use,not repairable,P2,planned,32x40 aligned frames; hand-drawn angles and integer translation; no arbitrary raster rotation.
map_room,Map and chart room,standard,saved random middle slot,True,32x40,sightings; boat for routes,Plot routes; discover islands; chart rocks,Orient recovered fragments; plot one safe route,keeper_read,keeper_clip,0,Reusable task pose,on,4@5fps,read,"floor (16,40); neck (16,11); shoulders (10,15)/(22,15); hips (13,25)/(19,25)",shared keeper_read,not repairable,P2,planned,32x40 aligned frames; hand-drawn angles and integer translation; no arbitrary raster rotation.
map_room,Map and chart room,standard,saved random middle slot,True,32x40,sightings; boat for routes,Plot routes; discover islands; chart rocks,Orient recovered fragments; plot one safe route,keeper_shrug,keeper_clip,0,Reusable task pose,on,4@8fps,shrug,"floor (16,40); neck (16,11); shoulders (10,15)/(22,15); hips (13,25)/(19,25)",shared keeper_shrug,not repairable,P2,planned,32x40 aligned frames; hand-drawn angles and integer translation; no arbitrary raster rotation.
map_room,Map and chart room,standard,saved random middle slot,True,32x40,sightings; boat for routes,Plot routes; discover islands; chart rocks,Orient recovered fragments; plot one safe route,keeper_walk,keeper_clip,0,Reusable task pose,on,8@10fps,walk,"floor (16,40); neck (16,11); shoulders (10,15)/(22,15); hips (13,25)/(19,25)",shared keeper_walk,not repairable,P2,delivered-review,32x40 aligned frames; hand-drawn angles and integer translation; no arbitrary raster rotation.
map_room,Map and chart room,standard,saved random middle slot,True,12x16,sightings; boat for routes,Plot routes; discover islands; chart rocks,Orient recovered fragments; plot one safe route,fx_broken_smoke,shared_effect,0,Reusable fault/reveal feedback,on,8@8fps,none,"[6, 16]",fx_broken_smoke,overlay; does not move anchors,P2,delivered-review,FX shared; casing/body motion is separately integer-safe.
map_room,Map and chart room,standard,saved random middle slot,True,12x12,sightings; boat for routes,Plot routes; discover islands; chart rocks,Orient recovered fragments; plot one safe route,fx_broken_sparks,shared_effect,0,Reusable fault/reveal feedback,on,6@12fps,none,"[6, 6]",fx_broken_sparks,overlay; does not move anchors,P2,delivered-review,FX shared; casing/body motion is separately integer-safe.
map_room,Map and chart room,standard,saved random middle slot,True,64x64,sightings; boat for routes,Plot routes; discover islands; chart rocks,Orient recovered fragments; plot one safe route,fx_floor_arrival_smoke,shared_effect,0,Reusable fault/reveal feedback,on,8@12fps,none,"[32, 64]",fx_floor_arrival_smoke,overlay; does not move anchors,P2,planned,FX shared; casing/body motion is separately integer-safe.
map_room,Map and chart room,standard,saved random middle slot,True,16x16,sightings; boat for routes,Plot routes; discover islands; chart rocks,Orient recovered fragments; plot one safe route,fx_shine,shared_effect,0,Reusable fault/reveal feedback,on,4@8fps,none,"[8, 16]",fx_shine,overlay; does not move anchors,P2,planned,FX shared; casing/body motion is separately integer-safe.
observatory,Observatory,standard,saved random middle slot,True,105x35,night sky; power optional,Stars; moon phases; direction puzzles,Identify constellations; use North Star to find a bearing,room_observatory,room_plate,0,Separate structure; enables activities below,standard,1,none,"top-left (0,0); floor y=35",room timber/stone/tile palette; no furniture,structure faults use separate interactive components,P2,planned,Scope left; star chart centre; moon dial right; approved idea; no fixed height; source: docs/EXPANSION_DESIGN.md
observatory,Observatory,standard,saved random middle slot,True,5x35,night sky; power optional,Stars; moon phases; direction puzzles,Identify constellations; use North Star to find a bearing,seam_standard,structural_kit,0,Connect without resizing furniture,standard,1,none,integer parent seam; walking-plane y=0,shared wall/beam/pipe segments,none; parent component controls faults,P2,planned,Core remains 110x35; 105x35 plate; world-Y stripes. Extensions consume no standard slot.
observatory,Observatory,standard,saved random middle slot,True,23x23,night sky; power optional,Stars; moon phases; direction puzzles,Identify constellations; use North Star to find a bearing,obj_telescope,interactive_item,1,Runtime: Look through the telescope; 20 game min; fun +16 (need caps apply); proposed specialist perk: 3 common spotting targets,standard;on;broken,standard 1; on 4@8fps; broken 1 + shared FX,telescope,"bottom-centre (11,23); keeper floor anchor (16,40)",obj_telescope; shared spot chassis/pose,"shared wobble(1px), smoke, intermittent sparks + jammed bearing",P2,planned,"Brass telescope. Short brass telescope. ON: 4-frame scan. Proposed location (15,0), logical frame 23x23; stable usePoint(-8,0), effectOrigin(0,-23), bubbleOrigin(0,-31), z40. New tier mechanics and names require review; existing names preserved."
observatory,Observatory,standard,saved random middle slot,True,23x23,night sky; power optional,Stars; moon phases; direction puzzles,Identify constellations; use North Star to find a bearing,obj_telescope_t2,interactive_item,2,Runtime: Look through the telescope; 17 game min; fun +20 (need caps apply); proposed specialist perk: 6 targets with 1 extra zoom step,standard;on;broken,standard 1; on 4@8fps; broken 1 + shared FX,telescope,"bottom-centre (11,23); keeper floor anchor (16,40)",obj_telescope; shared spot chassis/pose,"shared wobble(1px), smoke, intermittent sparks + jammed bearing",P2,planned,"Big spyglass on a stand. Longer optic on same tripod. ON: 4-frame scan. Proposed location (15,0), logical frame 23x23; stable usePoint(-8,0), effectOrigin(0,-23), bubbleOrigin(0,-31), z40. New tier mechanics and names require review; existing names preserved."
observatory,Observatory,standard,saved random middle slot,True,23x23,night sky; power optional,Stars; moon phases; direction puzzles,Identify constellations; use North Star to find a bearing,obj_telescope_t3,interactive_item,3,Runtime: Look through the telescope; 14 game min; fun +24 (need caps apply); proposed specialist perk: 9 targets including whale and distant ship,standard;on;broken,standard 1; on 4@8fps; broken 1 + shared FX,telescope,"bottom-centre (11,23); keeper floor anchor (16,40)",obj_telescope; shared spot chassis/pose,"shared wobble(1px), smoke, intermittent sparks + jammed bearing",P2,planned,"Observatory telescope. Larger lens and spotting finder; stable tripod feet. ON: 4-frame scan. Proposed location (15,0), logical frame 23x23; stable usePoint(-8,0), effectOrigin(0,-23), bubbleOrigin(0,-31), z40. New tier mechanics and names require review; existing names preserved."
observatory,Observatory,standard,saved random middle slot,True,22x20,night sky; power optional,Stars; moon phases; direction puzzles,Identify constellations; use North Star to find a bearing,obj_stardial,interactive_item,1,"PROPOSED, not coded: one moon/sky bearing reading / 10 min",standard;on;broken,standard 1; on 4@8fps; broken 1 + shared FX,reach_use,"bottom-centre (11,20); keeper floor anchor (16,40)",obj_stardial; shared measure chassis/pose,"shared wobble(1px), smoke, intermittent sparks + frozen dial",P2,planned,"Basic stardial. Basic: simple manual mechanism and few visible controls. ON: 4-frame reading. Proposed location (42,0), logical frame 22x20; stable usePoint(-8,0), effectOrigin(0,-20), bubbleOrigin(0,-28), z40. New tier mechanics and names require review; existing names preserved."
observatory,Observatory,standard,saved random middle slot,True,12x12,night sky; power optional,Stars; moon phases; direction puzzles,Identify constellations; use North Star to find a bearing,prop_star_chart,dressing_or_activity_prop,1,Supports Stars; moon phases; direction puzzles; single tier,standard,1,reach_use,bottom-centre; water surface top-left,shared prop_star_chart,not independently interactive; no repair tier,P2,planned,Separate prop; do not bake interactive furniture into plates. Exact final appearance proposal.
observatory,Observatory,standard,saved random middle slot,True,12x12,night sky; power optional,Stars; moon phases; direction puzzles,Identify constellations; use North Star to find a bearing,prop_moon_phase_tiles,dressing_or_activity_prop,1,Supports Stars; moon phases; direction puzzles; single tier,standard,1,reach_use,bottom-centre; water surface top-left,shared prop_moon_phase_tiles,not independently interactive; no repair tier,P2,planned,Separate prop; do not bake interactive furniture into plates. Exact final appearance proposal.
observatory,Observatory,standard,saved random middle slot,True,32x40,night sky; power optional,Stars; moon phases; direction puzzles,Identify constellations; use North Star to find a bearing,keeper_greet,keeper_clip,0,Reusable task pose,on,5@8fps,greet,"floor (16,40); neck (16,11); shoulders (10,15)/(22,15); hips (13,25)/(19,25)",shared keeper_greet,not repairable,P2,planned,32x40 aligned frames; hand-drawn angles and integer translation; no arbitrary raster rotation.
observatory,Observatory,standard,saved random middle slot,True,32x40,night sky; power optional,Stars; moon phases; direction puzzles,Identify constellations; use North Star to find a bearing,keeper_idle,keeper_clip,0,Reusable task pose,on,4@6fps,idle,"floor (16,40); neck (16,11); shoulders (10,15)/(22,15); hips (13,25)/(19,25)",shared keeper_idle,not repairable,P2,delivered-review,32x40 aligned frames; hand-drawn angles and integer translation; no arbitrary raster rotation.
observatory,Observatory,standard,saved random middle slot,True,32x40,night sky; power optional,Stars; moon phases; direction puzzles,Identify constellations; use North Star to find a bearing,keeper_reach_use,keeper_clip,0,Reusable task pose,on,5@10fps,reach_use,"floor (16,40); neck (16,11); shoulders (10,15)/(22,15); hips (13,25)/(19,25)",shared keeper_reach_use,not repairable,P2,planned,32x40 aligned frames; hand-drawn angles and integer translation; no arbitrary raster rotation.
observatory,Observatory,standard,saved random middle slot,True,32x40,night sky; power optional,Stars; moon phases; direction puzzles,Identify constellations; use North Star to find a bearing,keeper_shrug,keeper_clip,0,Reusable task pose,on,4@8fps,shrug,"floor (16,40); neck (16,11); shoulders (10,15)/(22,15); hips (13,25)/(19,25)",shared keeper_shrug,not repairable,P2,planned,32x40 aligned frames; hand-drawn angles and integer translation; no arbitrary raster rotation.
observatory,Observatory,standard,saved random middle slot,True,32x40,night sky; power optional,Stars; moon phases; direction puzzles,Identify constellations; use North Star to find a bearing,keeper_telescope,keeper_clip,0,Reusable task pose,on,4@6fps,telescope,"floor (16,40); neck (16,11); shoulders (10,15)/(22,15); hips (13,25)/(19,25)",shared keeper_telescope,not repairable,P2,planned,32x40 aligned frames; hand-drawn angles and integer translation; no arbitrary raster rotation.
observatory,Observatory,standard,saved random middle slot,True,32x40,night sky; power optional,Stars; moon phases; direction puzzles,Identify constellations; use North Star to find a bearing,keeper_walk,keeper_clip,0,Reusable task pose,on,8@10fps,walk,"floor (16,40); neck (16,11); shoulders (10,15)/(22,15); hips (13,25)/(19,25)",shared keeper_walk,not repairable,P2,delivered-review,32x40 aligned frames; hand-drawn angles and integer translation; no arbitrary raster rotation.
observatory,Observatory,standard,saved random middle slot,True,12x16,night sky; power optional,Stars; moon phases; direction puzzles,Identify constellations; use North Star to find a bearing,fx_broken_smoke,shared_effect,0,Reusable fault/reveal feedback,on,8@8fps,none,"[6, 16]",fx_broken_smoke,overlay; does not move anchors,P2,delivered-review,FX shared; casing/body motion is separately integer-safe.
observatory,Observatory,standard,saved random middle slot,True,12x12,night sky; power optional,Stars; moon phases; direction puzzles,Identify constellations; use North Star to find a bearing,fx_broken_sparks,shared_effect,0,Reusable fault/reveal feedback,on,6@12fps,none,"[6, 6]",fx_broken_sparks,overlay; does not move anchors,P2,delivered-review,FX shared; casing/body motion is separately integer-safe.
observatory,Observatory,standard,saved random middle slot,True,64x64,night sky; power optional,Stars; moon phases; direction puzzles,Identify constellations; use North Star to find a bearing,fx_floor_arrival_smoke,shared_effect,0,Reusable fault/reveal feedback,on,8@12fps,none,"[32, 64]",fx_floor_arrival_smoke,overlay; does not move anchors,P2,planned,FX shared; casing/body motion is separately integer-safe.
observatory,Observatory,standard,saved random middle slot,True,16x16,night sky; power optional,Stars; moon phases; direction puzzles,Identify constellations; use North Star to find a bearing,fx_shine,shared_effect,0,Reusable fault/reveal feedback,on,4@8fps,none,"[8, 16]",fx_shine,overlay; does not move anchors,P2,planned,FX shared; casing/body motion is separately integer-safe.
library,Library,standard,saved random middle slot,True,105x35,bookshelf migration,Stories; lighthouse history; practical research,Recover and sort books; solve a repair using a passage,room_library,room_plate,0,Separate structure; enables activities below,standard,1,none,"top-left (0,0); floor y=35",room timber/stone/tile palette; no furniture,structure faults use separate interactive components,P2,planned,Migrated shelf left; reading desk centre; clue cabinet right; approved idea; source: docs/EXPANSION_DESIGN.md
library,Library,standard,saved random middle slot,True,5x35,bookshelf migration,Stories; lighthouse history; practical research,Recover and sort books; solve a repair using a passage,seam_standard,structural_kit,0,Connect without resizing furniture,standard,1,none,integer parent seam; walking-plane y=0,shared wall/beam/pipe segments,none; parent component controls faults,P2,planned,Core remains 110x35; 105x35 plate; world-Y stripes. Extensions consume no standard slot.
library,Library,standard,saved random middle slot,True,20x28,bookshelf migration,Stories; lighthouse history; practical research,Recover and sort books; solve a repair using a passage,obj_bookshelf,interactive_item,1,"Runtime: Read a book; 40 game min; fun +26, energy +3 (need caps apply); proposed specialist perk: 1 clue per 20 game min",standard;on;broken,standard 1; on 4@8fps; broken 1 + shared FX,read,"bottom-centre (10,28); keeper floor anchor (16,40)",obj_bookshelf; shared research chassis/pose,"shared wobble(1px), smoke, intermittent sparks + stuck page or screen",P2,planned,"Wobbly shelf. Manual book, board or simple computer. ON: 4-frame page or display change. Proposed location (14,0), logical frame 20x28; stable usePoint(-8,0), effectOrigin(0,-28), bubbleOrigin(0,-36), z40. New tier mechanics and names require review; existing names preserved."
library,Library,standard,saved random middle slot,True,20x28,bookshelf migration,Stories; lighthouse history; practical research,Recover and sort books; solve a repair using a passage,obj_bookshelf_t2,interactive_item,2,"Runtime: Read a book; 34 game min; fun +33, energy +4 (need caps apply); proposed specialist perk: 2 clues per 17 game min",standard;on;broken,standard 1; on 4@8fps; broken 1 + shared FX,read,"bottom-centre (10,28); keeper floor anchor (16,40)",obj_bookshelf; shared research chassis/pose,"shared wobble(1px), smoke, intermittent sparks + stuck page or screen",P2,planned,"Proper bookcase. Indexed storage or improved terminal. ON: 4-frame page or display change. Proposed location (14,0), logical frame 20x28; stable usePoint(-8,0), effectOrigin(0,-28), bubbleOrigin(0,-36), z40. New tier mechanics and names require review; existing names preserved."
library,Library,standard,saved random middle slot,True,20x28,bookshelf migration,Stories; lighthouse history; practical research,Recover and sort books; solve a repair using a passage,obj_bookshelf_t3,interactive_item,3,"Runtime: Read a book; 28 game min; fun +39, energy +5 (need caps apply); proposed specialist perk: 3 clues per 14 game min",standard;on;broken,standard 1; on 4@8fps; broken 1 + shared FX,read,"bottom-centre (10,28); keeper floor anchor (16,40)",obj_bookshelf; shared research chassis/pose,"shared wobble(1px), smoke, intermittent sparks + stuck page or screen",P2,planned,"Library wall with a ladder. Search interface or clue display; no live internet. ON: 4-frame page or display change. Proposed location (14,0), logical frame 20x28; stable usePoint(-8,0), effectOrigin(0,-28), bubbleOrigin(0,-36), z40. New tier mechanics and names require review; existing names preserved."
library,Library,standard,saved random middle slot,True,22x20,bookshelf migration,Stories; lighthouse history; practical research,Recover and sort books; solve a repair using a passage,obj_readingdesk,interactive_item,1,"PROPOSED, not coded: 1 clue per 20 game min",standard;on;broken,standard 1; on 4@8fps; broken 1 + shared FX,read,"bottom-centre (11,20); keeper floor anchor (16,40)",obj_readingdesk; shared research chassis/pose,"shared wobble(1px), smoke, intermittent sparks + stuck page or screen",P2,planned,"Basic readingdesk. Manual book, board or simple computer. ON: 4-frame page or display change. Proposed location (39,0), logical frame 22x20; stable usePoint(-8,0), effectOrigin(0,-20), bubbleOrigin(0,-28), z40. New tier mechanics and names require review; existing names preserved."
library,Library,standard,saved random middle slot,True,22x20,bookshelf migration,Stories; lighthouse history; practical research,Recover and sort books; solve a repair using a passage,obj_readingdesk_t2,interactive_item,2,"PROPOSED, not coded: 2 clues per 17 game min",standard;on;broken,standard 1; on 4@8fps; broken 1 + shared FX,read,"bottom-centre (11,20); keeper floor anchor (16,40)",obj_readingdesk; shared research chassis/pose,"shared wobble(1px), smoke, intermittent sparks + stuck page or screen",P2,planned,"Mid-tier readingdesk. Indexed storage or improved terminal. ON: 4-frame page or display change. Proposed location (39,0), logical frame 22x20; stable usePoint(-8,0), effectOrigin(0,-20), bubbleOrigin(0,-28), z40. New tier mechanics and names require review; existing names preserved."
library,Library,standard,saved random middle slot,True,22x20,bookshelf migration,Stories; lighthouse history; practical research,Recover and sort books; solve a repair using a passage,obj_readingdesk_t3,interactive_item,3,"PROPOSED, not coded: 3 clues per 14 game min",standard;on;broken,standard 1; on 4@8fps; broken 1 + shared FX,read,"bottom-centre (11,20); keeper floor anchor (16,40)",obj_readingdesk; shared research chassis/pose,"shared wobble(1px), smoke, intermittent sparks + stuck page or screen",P2,planned,"Top-tier readingdesk. Search interface or clue display; no live internet. ON: 4-frame page or display change. Proposed location (39,0), logical frame 22x20; stable usePoint(-8,0), effectOrigin(0,-20), bubbleOrigin(0,-28), z40. New tier mechanics and names require review; existing names preserved."
library,Library,standard,saved random middle slot,True,12x12,bookshelf migration,Stories; lighthouse history; practical research,Recover and sort books; solve a repair using a passage,prop_reading_chair,dressing_or_activity_prop,1,Supports Stories; lighthouse history; practical research; single tier,standard,1,reach_use,bottom-centre; water surface top-left,shared prop_reading_chair,not independently interactive; no repair tier,P2,planned,Separate prop; do not bake interactive furniture into plates. Exact final appearance proposal.
library,Library,standard,saved random middle slot,True,12x12,bookshelf migration,Stories; lighthouse history; practical research,Recover and sort books; solve a repair using a passage,prop_book_props,dressing_or_activity_prop,1,Supports Stories; lighthouse history; practical research; single tier,standard,1,reach_use,bottom-centre; water surface top-left,shared prop_book_props,not independently interactive; no repair tier,P2,planned,Separate prop; do not bake interactive furniture into plates. Exact final appearance proposal.
library,Library,standard,saved random middle slot,True,32x40,bookshelf migration,Stories; lighthouse history; practical research,Recover and sort books; solve a repair using a passage,keeper_greet,keeper_clip,0,Reusable task pose,on,5@8fps,greet,"floor (16,40); neck (16,11); shoulders (10,15)/(22,15); hips (13,25)/(19,25)",shared keeper_greet,not repairable,P2,planned,32x40 aligned frames; hand-drawn angles and integer translation; no arbitrary raster rotation.
library,Library,standard,saved random middle slot,True,32x40,bookshelf migration,Stories; lighthouse history; practical research,Recover and sort books; solve a repair using a passage,keeper_idle,keeper_clip,0,Reusable task pose,on,4@6fps,idle,"floor (16,40); neck (16,11); shoulders (10,15)/(22,15); hips (13,25)/(19,25)",shared keeper_idle,not repairable,P2,delivered-review,32x40 aligned frames; hand-drawn angles and integer translation; no arbitrary raster rotation.
library,Library,standard,saved random middle slot,True,32x40,bookshelf migration,Stories; lighthouse history; practical research,Recover and sort books; solve a repair using a passage,keeper_reach_use,keeper_clip,0,Reusable task pose,on,5@10fps,reach_use,"floor (16,40); neck (16,11); shoulders (10,15)/(22,15); hips (13,25)/(19,25)",shared keeper_reach_use,not repairable,P2,planned,32x40 aligned frames; hand-drawn angles and integer translation; no arbitrary raster rotation.
library,Library,standard,saved random middle slot,True,32x40,bookshelf migration,Stories; lighthouse history; practical research,Recover and sort books; solve a repair using a passage,keeper_read,keeper_clip,0,Reusable task pose,on,4@5fps,read,"floor (16,40); neck (16,11); shoulders (10,15)/(22,15); hips (13,25)/(19,25)",shared keeper_read,not repairable,P2,planned,32x40 aligned frames; hand-drawn angles and integer translation; no arbitrary raster rotation.
library,Library,standard,saved random middle slot,True,32x40,bookshelf migration,Stories; lighthouse history; practical research,Recover and sort books; solve a repair using a passage,keeper_shrug,keeper_clip,0,Reusable task pose,on,4@8fps,shrug,"floor (16,40); neck (16,11); shoulders (10,15)/(22,15); hips (13,25)/(19,25)",shared keeper_shrug,not repairable,P2,planned,32x40 aligned frames; hand-drawn angles and integer translation; no arbitrary raster rotation.
library,Library,standard,saved random middle slot,True,32x40,bookshelf migration,Stories; lighthouse history; practical research,Recover and sort books; solve a repair using a passage,keeper_walk,keeper_clip,0,Reusable task pose,on,8@10fps,walk,"floor (16,40); neck (16,11); shoulders (10,15)/(22,15); hips (13,25)/(19,25)",shared keeper_walk,not repairable,P2,delivered-review,32x40 aligned frames; hand-drawn angles and integer translation; no arbitrary raster rotation.
library,Library,standard,saved random middle slot,True,12x16,bookshelf migration,Stories; lighthouse history; practical research,Recover and sort books; solve a repair using a passage,fx_broken_smoke,shared_effect,0,Reusable fault/reveal feedback,on,8@8fps,none,"[6, 16]",fx_broken_smoke,overlay; does not move anchors,P2,delivered-review,FX shared; casing/body motion is separately integer-safe.
library,Library,standard,saved random middle slot,True,12x12,bookshelf migration,Stories; lighthouse history; practical research,Recover and sort books; solve a repair using a passage,fx_broken_sparks,shared_effect,0,Reusable fault/reveal feedback,on,6@12fps,none,"[6, 6]",fx_broken_sparks,overlay; does not move anchors,P2,delivered-review,FX shared; casing/body motion is separately integer-safe.
library,Library,standard,saved random middle slot,True,64x64,bookshelf migration,Stories; lighthouse history; practical research,Recover and sort books; solve a repair using a passage,fx_floor_arrival_smoke,shared_effect,0,Reusable fault/reveal feedback,on,8@12fps,none,"[32, 64]",fx_floor_arrival_smoke,overlay; does not move anchors,P2,planned,FX shared; casing/body motion is separately integer-safe.
library,Library,standard,saved random middle slot,True,16x16,bookshelf migration,Stories; lighthouse history; practical research,Recover and sort books; solve a repair using a passage,fx_shine,shared_effect,0,Reusable fault/reveal feedback,on,4@8fps,none,"[8, 16]",fx_shine,overlay; does not move anchors,P2,planned,FX shared; casing/body motion is separately integer-safe.
music,Music room,standard,saved random middle slot,True,105x35,piano migration,Melodies; rhythm; visitor concert,Copy melody; identify sounds; perform for visitor,room_music,room_plate,0,Separate structure; enables activities below,standard,1,none,"top-left (0,0); floor y=35",room timber/stone/tile palette; no furniture,structure faults use separate interactive components,P2,planned,Piano left; percussion centre; accordion and record player right; approved idea; source: docs/EXPANSION_DESIGN.md
music,Music room,standard,saved random middle slot,True,5x35,piano migration,Melodies; rhythm; visitor concert,Copy melody; identify sounds; perform for visitor,seam_standard,structural_kit,0,Connect without resizing furniture,standard,1,none,integer parent seam; walking-plane y=0,shared wall/beam/pipe segments,none; parent component controls faults,P2,planned,Core remains 110x35; 105x35 plate; world-Y stripes. Extensions consume no standard slot.
music,Music room,standard,saved random middle slot,True,25x18,piano migration,Melodies; rhythm; visitor concert,Copy melody; identify sounds; perform for visitor,obj_piano,interactive_item,1,"Runtime: Play the piano; 30 game min; fun +30, social +4 (need caps apply); proposed specialist perk: 30 fun and 4 social / 30 min",standard;on;broken,standard 1; on 4@8fps; broken 1 + shared FX,piano,"bottom-centre (12,18); keeper floor anchor (16,40)",obj_piano; shared music chassis/pose,"shared wobble(1px), smoke, intermittent sparks + stuck key",P2,planned,"Old upright piano. Basic upright or small instrument casing. ON: 4-frame keys or bellows. Proposed location (16,0), logical frame 25x18; stable usePoint(-8,0), effectOrigin(0,-18), bubbleOrigin(0,-26), z40. New tier mechanics and names require review; existing names preserved."
music,Music room,standard,saved random middle slot,True,25x18,piano migration,Melodies; rhythm; visitor concert,Copy melody; identify sounds; perform for visitor,obj_piano_t2,interactive_item,2,"Runtime: Play the piano; 26 game min; fun +38, social +5 (need caps apply); proposed specialist perk: 38 fun and 5 social / 26 min",standard;on;broken,standard 1; on 4@8fps; broken 1 + shared FX,piano,"bottom-centre (12,18); keeper floor anchor (16,40)",obj_piano; shared music chassis/pose,"shared wobble(1px), smoke, intermittent sparks + stuck key",P2,planned,"Shiny upright piano. Improved keyboard/bellows and sound indicator. ON: 4-frame keys or bellows. Proposed location (16,0), logical frame 25x18; stable usePoint(-8,0), effectOrigin(0,-18), bubbleOrigin(0,-26), z40. New tier mechanics and names require review; existing names preserved."
music,Music room,standard,saved random middle slot,True,25x18,piano migration,Melodies; rhythm; visitor concert,Copy melody; identify sounds; perform for visitor,obj_piano_t3,interactive_item,3,"Runtime: Play the piano; 21 game min; fun +45, social +6 (need caps apply); proposed specialist perk: 45 fun and 6 social / 21 min",standard;on;broken,standard 1; on 4@8fps; broken 1 + shared FX,piano,"bottom-centre (12,18); keeper floor anchor (16,40)",obj_piano; shared music chassis/pose,"shared wobble(1px), smoke, intermittent sparks + stuck key",P2,planned,"Grand piano. Performance-ready casing and concert cue; keep frame bounds. ON: 4-frame keys or bellows. Proposed location (16,0), logical frame 25x18; stable usePoint(-8,0), effectOrigin(0,-18), bubbleOrigin(0,-26), z40. New tier mechanics and names require review; existing names preserved."
music,Music room,standard,saved random middle slot,True,20x18,piano migration,Melodies; rhythm; visitor concert,Copy melody; identify sounds; perform for visitor,obj_drums,interactive_item,1,"PROPOSED, not coded: 30 fun and 4 social / 30 min",standard;on;broken,standard 1; on 4@8fps; broken 1 + shared FX,piano,"bottom-centre (10,18); keeper floor anchor (16,40)",obj_drums; shared music chassis/pose,"shared wobble(1px), smoke, intermittent sparks + stuck key",P2,planned,"Basic drums. Basic upright or small instrument casing. ON: 4-frame keys or bellows. Proposed location (43,0), logical frame 20x18; stable usePoint(-8,0), effectOrigin(0,-18), bubbleOrigin(0,-26), z40. New tier mechanics and names require review; existing names preserved."
music,Music room,standard,saved random middle slot,True,20x18,piano migration,Melodies; rhythm; visitor concert,Copy melody; identify sounds; perform for visitor,obj_drums_t2,interactive_item,2,"PROPOSED, not coded: 38 fun and 5 social / 26 min",standard;on;broken,standard 1; on 4@8fps; broken 1 + shared FX,piano,"bottom-centre (10,18); keeper floor anchor (16,40)",obj_drums; shared music chassis/pose,"shared wobble(1px), smoke, intermittent sparks + stuck key",P2,planned,"Mid-tier drums. Improved keyboard/bellows and sound indicator. ON: 4-frame keys or bellows. Proposed location (43,0), logical frame 20x18; stable usePoint(-8,0), effectOrigin(0,-18), bubbleOrigin(0,-26), z40. New tier mechanics and names require review; existing names preserved."
music,Music room,standard,saved random middle slot,True,20x18,piano migration,Melodies; rhythm; visitor concert,Copy melody; identify sounds; perform for visitor,obj_drums_t3,interactive_item,3,"PROPOSED, not coded: 45 fun and 6 social / 21 min",standard;on;broken,standard 1; on 4@8fps; broken 1 + shared FX,piano,"bottom-centre (10,18); keeper floor anchor (16,40)",obj_drums; shared music chassis/pose,"shared wobble(1px), smoke, intermittent sparks + stuck key",P2,planned,"Top-tier drums. Performance-ready casing and concert cue; keep frame bounds. ON: 4-frame keys or bellows. Proposed location (43,0), logical frame 20x18; stable usePoint(-8,0), effectOrigin(0,-18), bubbleOrigin(0,-26), z40. New tier mechanics and names require review; existing names preserved."
music,Music room,standard,saved random middle slot,True,18x20,piano migration,Melodies; rhythm; visitor concert,Copy melody; identify sounds; perform for visitor,obj_accordion,interactive_item,1,"PROPOSED, not coded: 30 fun and 4 social / 30 min",standard;on;broken,standard 1; on 4@8fps; broken 1 + shared FX,piano,"bottom-centre (9,20); keeper floor anchor (16,40)",obj_accordion; shared music chassis/pose,"shared wobble(1px), smoke, intermittent sparks + stuck key",P2,planned,"Basic accordion. Basic upright or small instrument casing. ON: 4-frame keys or bellows. Proposed location (66,0), logical frame 18x20; stable usePoint(-8,0), effectOrigin(0,-20), bubbleOrigin(0,-28), z40. New tier mechanics and names require review; existing names preserved."
music,Music room,standard,saved random middle slot,True,18x20,piano migration,Melodies; rhythm; visitor concert,Copy melody; identify sounds; perform for visitor,obj_accordion_t2,interactive_item,2,"PROPOSED, not coded: 38 fun and 5 social / 26 min",standard;on;broken,standard 1; on 4@8fps; broken 1 + shared FX,piano,"bottom-centre (9,20); keeper floor anchor (16,40)",obj_accordion; shared music chassis/pose,"shared wobble(1px), smoke, intermittent sparks + stuck key",P2,planned,"Mid-tier accordion. Improved keyboard/bellows and sound indicator. ON: 4-frame keys or bellows. Proposed location (66,0), logical frame 18x20; stable usePoint(-8,0), effectOrigin(0,-20), bubbleOrigin(0,-28), z40. New tier mechanics and names require review; existing names preserved."
music,Music room,standard,saved random middle slot,True,18x20,piano migration,Melodies; rhythm; visitor concert,Copy melody; identify sounds; perform for visitor,obj_accordion_t3,interactive_item,3,"PROPOSED, not coded: 45 fun and 6 social / 21 min",standard;on;broken,standard 1; on 4@8fps; broken 1 + shared FX,piano,"bottom-centre (9,20); keeper floor anchor (16,40)",obj_accordion; shared music chassis/pose,"shared wobble(1px), smoke, intermittent sparks + stuck key",P2,planned,"Top-tier accordion. Performance-ready casing and concert cue; keep frame bounds. ON: 4-frame keys or bellows. Proposed location (66,0), logical frame 18x20; stable usePoint(-8,0), effectOrigin(0,-20), bubbleOrigin(0,-28), z40. New tier mechanics and names require review; existing names preserved."
music,Music room,standard,saved random middle slot,True,16x20,piano migration,Melodies; rhythm; visitor concert,Copy melody; identify sounds; perform for visitor,obj_gramophone,interactive_item,1,"PROPOSED, not coded: 30 fun and 4 social / 30 min",standard;on;broken,standard 1; on 4@8fps; broken 1 + shared FX,piano,"bottom-centre (8,20); keeper floor anchor (16,40)",obj_gramophone; shared music chassis/pose,"shared wobble(1px), smoke, intermittent sparks + stuck key",P2,planned,"Basic gramophone. Basic upright or small instrument casing. ON: 4-frame keys or bellows. Proposed location (87,0), logical frame 16x20; stable usePoint(-8,0), effectOrigin(0,-20), bubbleOrigin(0,-28), z40. New tier mechanics and names require review; existing names preserved."
music,Music room,standard,saved random middle slot,True,16x20,piano migration,Melodies; rhythm; visitor concert,Copy melody; identify sounds; perform for visitor,obj_gramophone_t2,interactive_item,2,"PROPOSED, not coded: 38 fun and 5 social / 26 min",standard;on;broken,standard 1; on 4@8fps; broken 1 + shared FX,piano,"bottom-centre (8,20); keeper floor anchor (16,40)",obj_gramophone; shared music chassis/pose,"shared wobble(1px), smoke, intermittent sparks + stuck key",P2,planned,"Mid-tier gramophone. Improved keyboard/bellows and sound indicator. ON: 4-frame keys or bellows. Proposed location (87,0), logical frame 16x20; stable usePoint(-8,0), effectOrigin(0,-20), bubbleOrigin(0,-28), z40. New tier mechanics and names require review; existing names preserved."
music,Music room,standard,saved random middle slot,True,16x20,piano migration,Melodies; rhythm; visitor concert,Copy melody; identify sounds; perform for visitor,obj_gramophone_t3,interactive_item,3,"PROPOSED, not coded: 45 fun and 6 social / 21 min",standard;on;broken,standard 1; on 4@8fps; broken 1 + shared FX,piano,"bottom-centre (8,20); keeper floor anchor (16,40)",obj_gramophone; shared music chassis/pose,"shared wobble(1px), smoke, intermittent sparks + stuck key",P2,planned,"Top-tier gramophone. Performance-ready casing and concert cue; keep frame bounds. ON: 4-frame keys or bellows. Proposed location (87,0), logical frame 16x20; stable usePoint(-8,0), effectOrigin(0,-20), bubbleOrigin(0,-28), z40. New tier mechanics and names require review; existing names preserved."
music,Music room,standard,saved random middle slot,True,12x12,piano migration,Melodies; rhythm; visitor concert,Copy melody; identify sounds; perform for visitor,prop_music_stand,dressing_or_activity_prop,1,Supports Melodies; rhythm; visitor concert; single tier,standard,1,reach_use,bottom-centre; water surface top-left,shared prop_music_stand,not independently interactive; no repair tier,P2,planned,Separate prop; do not bake interactive furniture into plates. Exact final appearance proposal.
music,Music room,standard,saved random middle slot,True,12x12,piano migration,Melodies; rhythm; visitor concert,Copy melody; identify sounds; perform for visitor,prop_score_props,dressing_or_activity_prop,1,Supports Melodies; rhythm; visitor concert; single tier,standard,1,reach_use,bottom-centre; water surface top-left,shared prop_score_props,not independently interactive; no repair tier,P2,planned,Separate prop; do not bake interactive furniture into plates. Exact final appearance proposal.
music,Music room,standard,saved random middle slot,True,32x40,piano migration,Melodies; rhythm; visitor concert,Copy melody; identify sounds; perform for visitor,keeper_greet,keeper_clip,0,Reusable task pose,on,5@8fps,greet,"floor (16,40); neck (16,11); shoulders (10,15)/(22,15); hips (13,25)/(19,25)",shared keeper_greet,not repairable,P2,planned,32x40 aligned frames; hand-drawn angles and integer translation; no arbitrary raster rotation.
music,Music room,standard,saved random middle slot,True,32x40,piano migration,Melodies; rhythm; visitor concert,Copy melody; identify sounds; perform for visitor,keeper_idle,keeper_clip,0,Reusable task pose,on,4@6fps,idle,"floor (16,40); neck (16,11); shoulders (10,15)/(22,15); hips (13,25)/(19,25)",shared keeper_idle,not repairable,P2,delivered-review,32x40 aligned frames; hand-drawn angles and integer translation; no arbitrary raster rotation.
music,Music room,standard,saved random middle slot,True,32x40,piano migration,Melodies; rhythm; visitor concert,Copy melody; identify sounds; perform for visitor,keeper_piano,keeper_clip,0,Reusable task pose,on,8@10fps,piano,"floor (16,40); neck (16,11); shoulders (10,15)/(22,15); hips (13,25)/(19,25)",shared keeper_piano,not repairable,P2,delivered-review,32x40 aligned frames; hand-drawn angles and integer translation; no arbitrary raster rotation.
music,Music room,standard,saved random middle slot,True,32x40,piano migration,Melodies; rhythm; visitor concert,Copy melody; identify sounds; perform for visitor,keeper_reach_use,keeper_clip,0,Reusable task pose,on,5@10fps,reach_use,"floor (16,40); neck (16,11); shoulders (10,15)/(22,15); hips (13,25)/(19,25)",shared keeper_reach_use,not repairable,P2,planned,32x40 aligned frames; hand-drawn angles and integer translation; no arbitrary raster rotation.
music,Music room,standard,saved random middle slot,True,32x40,piano migration,Melodies; rhythm; visitor concert,Copy melody; identify sounds; perform for visitor,keeper_shrug,keeper_clip,0,Reusable task pose,on,4@8fps,shrug,"floor (16,40); neck (16,11); shoulders (10,15)/(22,15); hips (13,25)/(19,25)",shared keeper_shrug,not repairable,P2,planned,32x40 aligned frames; hand-drawn angles and integer translation; no arbitrary raster rotation.
music,Music room,standard,saved random middle slot,True,32x40,piano migration,Melodies; rhythm; visitor concert,Copy melody; identify sounds; perform for visitor,keeper_walk,keeper_clip,0,Reusable task pose,on,8@10fps,walk,"floor (16,40); neck (16,11); shoulders (10,15)/(22,15); hips (13,25)/(19,25)",shared keeper_walk,not repairable,P2,delivered-review,32x40 aligned frames; hand-drawn angles and integer translation; no arbitrary raster rotation.
music,Music room,standard,saved random middle slot,True,12x16,piano migration,Melodies; rhythm; visitor concert,Copy melody; identify sounds; perform for visitor,fx_broken_smoke,shared_effect,0,Reusable fault/reveal feedback,on,8@8fps,none,"[6, 16]",fx_broken_smoke,overlay; does not move anchors,P2,delivered-review,FX shared; casing/body motion is separately integer-safe.
music,Music room,standard,saved random middle slot,True,12x12,piano migration,Melodies; rhythm; visitor concert,Copy melody; identify sounds; perform for visitor,fx_broken_sparks,shared_effect,0,Reusable fault/reveal feedback,on,6@12fps,none,"[6, 6]",fx_broken_sparks,overlay; does not move anchors,P2,delivered-review,FX shared; casing/body motion is separately integer-safe.
music,Music room,standard,saved random middle slot,True,64x64,piano migration,Melodies; rhythm; visitor concert,Copy melody; identify sounds; perform for visitor,fx_floor_arrival_smoke,shared_effect,0,Reusable fault/reveal feedback,on,8@12fps,none,"[32, 64]",fx_floor_arrival_smoke,overlay; does not move anchors,P2,planned,FX shared; casing/body motion is separately integer-safe.
music,Music room,standard,saved random middle slot,True,16x16,piano migration,Melodies; rhythm; visitor concert,Copy melody; identify sounds; perform for visitor,fx_shine,shared_effect,0,Reusable fault/reveal feedback,on,4@8fps,none,"[8, 16]",fx_shine,overlay; does not move anchors,P2,planned,FX shared; casing/body motion is separately integer-safe.
artist,Artist studio,standard,saved random middle slot,True,105x35,world colour discoveries,Paint; mix colours; pottery; decorate rooms,Mix two colours; make visitor picture; fire clay safely,room_artist,room_plate,0,Separate structure; enables activities below,standard,1,none,"top-left (0,0); floor y=35",room timber/stone/tile palette; no furniture,structure faults use separate interactive components,P2,planned,Easel left; mixing table centre; pottery wheel right; approved idea; kiln powered; source: docs/EXPANSION_DESIGN.md
artist,Artist studio,standard,saved random middle slot,True,5x35,world colour discoveries,Paint; mix colours; pottery; decorate rooms,Mix two colours; make visitor picture; fire clay safely,seam_standard,structural_kit,0,Connect without resizing furniture,standard,1,none,integer parent seam; walking-plane y=0,shared wall/beam/pipe segments,none; parent component controls faults,P2,planned,Core remains 110x35; 105x35 plate; world-Y stripes. Extensions consume no standard slot.
artist,Artist studio,standard,saved random middle slot,True,22x20,world colour discoveries,Paint; mix colours; pottery; decorate rooms,Mix two colours; make visitor picture; fire clay safely,obj_easel,interactive_item,1,"PROPOSED, not coded: 1 completed batch / 30 min",standard;on;broken,standard 1; on 4@8fps; broken 1 + shared FX,cook_back,"bottom-centre (11,20); keeper floor anchor (16,40)",obj_easel; shared craft chassis/pose,"shared wobble(1px), smoke, intermittent sparks + blocked spindle",P2,planned,"Basic easel. Manual wheel, printer or assembly bench. ON: 4-frame tool movement. Proposed location (15,0), logical frame 22x20; stable usePoint(-8,0), effectOrigin(0,-20), bubbleOrigin(0,-28), z40. New tier mechanics and names require review; existing names preserved."
artist,Artist studio,standard,saved random middle slot,True,22x20,world colour discoveries,Paint; mix colours; pottery; decorate rooms,Mix two colours; make visitor picture; fire clay safely,obj_easel_t2,interactive_item,2,"PROPOSED, not coded: 2 batches / 26 min",standard;on;broken,standard 1; on 4@8fps; broken 1 + shared FX,cook_back,"bottom-centre (11,20); keeper floor anchor (16,40)",obj_easel; shared craft chassis/pose,"shared wobble(1px), smoke, intermittent sparks + blocked spindle",P2,planned,"Mid-tier easel. Two-batch fixture or feed tray. ON: 4-frame tool movement. Proposed location (15,0), logical frame 22x20; stable usePoint(-8,0), effectOrigin(0,-20), bubbleOrigin(0,-28), z40. New tier mechanics and names require review; existing names preserved."
artist,Artist studio,standard,saved random middle slot,True,22x20,world colour discoveries,Paint; mix colours; pottery; decorate rooms,Mix two colours; make visitor picture; fire clay safely,obj_easel_t3,interactive_item,3,"PROPOSED, not coded: 3 batches / 21 min",standard;on;broken,standard 1; on 4@8fps; broken 1 + shared FX,cook_back,"bottom-centre (11,20); keeper floor anchor (16,40)",obj_easel; shared craft chassis/pose,"shared wobble(1px), smoke, intermittent sparks + blocked spindle",P2,planned,"Top-tier easel. Three-batch automated fixture; same anchor. ON: 4-frame tool movement. Proposed location (15,0), logical frame 22x20; stable usePoint(-8,0), effectOrigin(0,-20), bubbleOrigin(0,-28), z40. New tier mechanics and names require review; existing names preserved."
artist,Artist studio,standard,saved random middle slot,True,22x20,world colour discoveries,Paint; mix colours; pottery; decorate rooms,Mix two colours; make visitor picture; fire clay safely,obj_potterywheel,interactive_item,1,"PROPOSED, not coded: 1 completed batch / 30 min",standard;on;broken,standard 1; on 4@8fps; broken 1 + shared FX,cook_back,"bottom-centre (11,20); keeper floor anchor (16,40)",obj_potterywheel; shared craft chassis/pose,"shared wobble(1px), smoke, intermittent sparks + blocked spindle",P2,planned,"Basic potterywheel. Manual wheel, printer or assembly bench. ON: 4-frame tool movement. Proposed location (41,0), logical frame 22x20; stable usePoint(-8,0), effectOrigin(0,-20), bubbleOrigin(0,-28), z40. New tier mechanics and names require review; existing names preserved."
artist,Artist studio,standard,saved random middle slot,True,22x20,world colour discoveries,Paint; mix colours; pottery; decorate rooms,Mix two colours; make visitor picture; fire clay safely,obj_potterywheel_t2,interactive_item,2,"PROPOSED, not coded: 2 batches / 26 min",standard;on;broken,standard 1; on 4@8fps; broken 1 + shared FX,cook_back,"bottom-centre (11,20); keeper floor anchor (16,40)",obj_potterywheel; shared craft chassis/pose,"shared wobble(1px), smoke, intermittent sparks + blocked spindle",P2,planned,"Mid-tier potterywheel. Two-batch fixture or feed tray. ON: 4-frame tool movement. Proposed location (41,0), logical frame 22x20; stable usePoint(-8,0), effectOrigin(0,-20), bubbleOrigin(0,-28), z40. New tier mechanics and names require review; existing names preserved."
artist,Artist studio,standard,saved random middle slot,True,22x20,world colour discoveries,Paint; mix colours; pottery; decorate rooms,Mix two colours; make visitor picture; fire clay safely,obj_potterywheel_t3,interactive_item,3,"PROPOSED, not coded: 3 batches / 21 min",standard;on;broken,standard 1; on 4@8fps; broken 1 + shared FX,cook_back,"bottom-centre (11,20); keeper floor anchor (16,40)",obj_potterywheel; shared craft chassis/pose,"shared wobble(1px), smoke, intermittent sparks + blocked spindle",P2,planned,"Top-tier potterywheel. Three-batch automated fixture; same anchor. ON: 4-frame tool movement. Proposed location (41,0), logical frame 22x20; stable usePoint(-8,0), effectOrigin(0,-20), bubbleOrigin(0,-28), z40. New tier mechanics and names require review; existing names preserved."
artist,Artist studio,standard,saved random middle slot,True,22x20,world colour discoveries,Paint; mix colours; pottery; decorate rooms,Mix two colours; make visitor picture; fire clay safely,obj_kiln,interactive_item,1,"PROPOSED, not coded: 1 completed batch / 30 min",standard;on;broken,standard 1; on 4@8fps; broken 1 + shared FX,cook_back,"bottom-centre (11,20); keeper floor anchor (16,40)",obj_kiln; shared craft chassis/pose,"shared wobble(1px), smoke, intermittent sparks + blocked spindle",P2,planned,"Basic kiln. Manual wheel, printer or assembly bench. ON: 4-frame tool movement. Proposed location (67,0), logical frame 22x20; stable usePoint(-8,0), effectOrigin(0,-20), bubbleOrigin(0,-28), z40. New tier mechanics and names require review; existing names preserved."
artist,Artist studio,standard,saved random middle slot,True,22x20,world colour discoveries,Paint; mix colours; pottery; decorate rooms,Mix two colours; make visitor picture; fire clay safely,obj_kiln_t2,interactive_item,2,"PROPOSED, not coded: 2 batches / 26 min",standard;on;broken,standard 1; on 4@8fps; broken 1 + shared FX,cook_back,"bottom-centre (11,20); keeper floor anchor (16,40)",obj_kiln; shared craft chassis/pose,"shared wobble(1px), smoke, intermittent sparks + blocked spindle",P2,planned,"Mid-tier kiln. Two-batch fixture or feed tray. ON: 4-frame tool movement. Proposed location (67,0), logical frame 22x20; stable usePoint(-8,0), effectOrigin(0,-20), bubbleOrigin(0,-28), z40. New tier mechanics and names require review; existing names preserved."
artist,Artist studio,standard,saved random middle slot,True,22x20,world colour discoveries,Paint; mix colours; pottery; decorate rooms,Mix two colours; make visitor picture; fire clay safely,obj_kiln_t3,interactive_item,3,"PROPOSED, not coded: 3 batches / 21 min",standard;on;broken,standard 1; on 4@8fps; broken 1 + shared FX,cook_back,"bottom-centre (11,20); keeper floor anchor (16,40)",obj_kiln; shared craft chassis/pose,"shared wobble(1px), smoke, intermittent sparks + blocked spindle",P2,planned,"Top-tier kiln. Three-batch automated fixture; same anchor. ON: 4-frame tool movement. Proposed location (67,0), logical frame 22x20; stable usePoint(-8,0), effectOrigin(0,-20), bubbleOrigin(0,-28), z40. New tier mechanics and names require review; existing names preserved."
artist,Artist studio,standard,saved random middle slot,True,12x12,world colour discoveries,Paint; mix colours; pottery; decorate rooms,Mix two colours; make visitor picture; fire clay safely,prop_paint_palette,dressing_or_activity_prop,1,Supports Paint; mix colours; pottery; decorate rooms; single tier,standard,1,reach_use,bottom-centre; water surface top-left,shared prop_paint_palette,not independently interactive; no repair tier,P2,planned,Separate prop; do not bake interactive furniture into plates. Exact final appearance proposal.
artist,Artist studio,standard,saved random middle slot,True,12x12,world colour discoveries,Paint; mix colours; pottery; decorate rooms,Mix two colours; make visitor picture; fire clay safely,prop_clay_props,dressing_or_activity_prop,1,Supports Paint; mix colours; pottery; decorate rooms; single tier,standard,1,reach_use,bottom-centre; water surface top-left,shared prop_clay_props,not independently interactive; no repair tier,P2,planned,Separate prop; do not bake interactive furniture into plates. Exact final appearance proposal.
artist,Artist studio,standard,saved random middle slot,True,12x12,world colour discoveries,Paint; mix colours; pottery; decorate rooms,Mix two colours; make visitor picture; fire clay safely,prop_picture_frames,dressing_or_activity_prop,1,Supports Paint; mix colours; pottery; decorate rooms; single tier,standard,1,reach_use,bottom-centre; water surface top-left,shared prop_picture_frames,not independently interactive; no repair tier,P2,planned,Separate prop; do not bake interactive furniture into plates. Exact final appearance proposal.
artist,Artist studio,standard,saved random middle slot,True,32x40,world colour discoveries,Paint; mix colours; pottery; decorate rooms,Mix two colours; make visitor picture; fire clay safely,keeper_cook_back,keeper_clip,0,Reusable task pose,on,8@8fps,cook_back,"floor (16,40); neck (16,11); shoulders (10,15)/(22,15); hips (13,25)/(19,25)",shared keeper_cook_back,not repairable,P2,delivered-review,32x40 aligned frames; hand-drawn angles and integer translation; no arbitrary raster rotation.
artist,Artist studio,standard,saved random middle slot,True,32x40,world colour discoveries,Paint; mix colours; pottery; decorate rooms,Mix two colours; make visitor picture; fire clay safely,keeper_greet,keeper_clip,0,Reusable task pose,on,5@8fps,greet,"floor (16,40); neck (16,11); shoulders (10,15)/(22,15); hips (13,25)/(19,25)",shared keeper_greet,not repairable,P2,planned,32x40 aligned frames; hand-drawn angles and integer translation; no arbitrary raster rotation.
artist,Artist studio,standard,saved random middle slot,True,32x40,world colour discoveries,Paint; mix colours; pottery; decorate rooms,Mix two colours; make visitor picture; fire clay safely,keeper_idle,keeper_clip,0,Reusable task pose,on,4@6fps,idle,"floor (16,40); neck (16,11); shoulders (10,15)/(22,15); hips (13,25)/(19,25)",shared keeper_idle,not repairable,P2,delivered-review,32x40 aligned frames; hand-drawn angles and integer translation; no arbitrary raster rotation.
artist,Artist studio,standard,saved random middle slot,True,32x40,world colour discoveries,Paint; mix colours; pottery; decorate rooms,Mix two colours; make visitor picture; fire clay safely,keeper_reach_use,keeper_clip,0,Reusable task pose,on,5@10fps,reach_use,"floor (16,40); neck (16,11); shoulders (10,15)/(22,15); hips (13,25)/(19,25)",shared keeper_reach_use,not repairable,P2,planned,32x40 aligned frames; hand-drawn angles and integer translation; no arbitrary raster rotation.
artist,Artist studio,standard,saved random middle slot,True,32x40,world colour discoveries,Paint; mix colours; pottery; decorate rooms,Mix two colours; make visitor picture; fire clay safely,keeper_shrug,keeper_clip,0,Reusable task pose,on,4@8fps,shrug,"floor (16,40); neck (16,11); shoulders (10,15)/(22,15); hips (13,25)/(19,25)",shared keeper_shrug,not repairable,P2,planned,32x40 aligned frames; hand-drawn angles and integer translation; no arbitrary raster rotation.
artist,Artist studio,standard,saved random middle slot,True,32x40,world colour discoveries,Paint; mix colours; pottery; decorate rooms,Mix two colours; make visitor picture; fire clay safely,keeper_walk,keeper_clip,0,Reusable task pose,on,8@10fps,walk,"floor (16,40); neck (16,11); shoulders (10,15)/(22,15); hips (13,25)/(19,25)",shared keeper_walk,not repairable,P2,delivered-review,32x40 aligned frames; hand-drawn angles and integer translation; no arbitrary raster rotation.
artist,Artist studio,standard,saved random middle slot,True,12x16,world colour discoveries,Paint; mix colours; pottery; decorate rooms,Mix two colours; make visitor picture; fire clay safely,fx_broken_smoke,shared_effect,0,Reusable fault/reveal feedback,on,8@8fps,none,"[6, 16]",fx_broken_smoke,overlay; does not move anchors,P2,delivered-review,FX shared; casing/body motion is separately integer-safe.
artist,Artist studio,standard,saved random middle slot,True,12x12,world colour discoveries,Paint; mix colours; pottery; decorate rooms,Mix two colours; make visitor picture; fire clay safely,fx_broken_sparks,shared_effect,0,Reusable fault/reveal feedback,on,6@12fps,none,"[6, 6]",fx_broken_sparks,overlay; does not move anchors,P2,delivered-review,FX shared; casing/body motion is separately integer-safe.
artist,Artist studio,standard,saved random middle slot,True,64x64,world colour discoveries,Paint; mix colours; pottery; decorate rooms,Mix two colours; make visitor picture; fire clay safely,fx_floor_arrival_smoke,shared_effect,0,Reusable fault/reveal feedback,on,8@12fps,none,"[32, 64]",fx_floor_arrival_smoke,overlay; does not move anchors,P2,planned,FX shared; casing/body motion is separately integer-safe.
artist,Artist studio,standard,saved random middle slot,True,16x16,world colour discoveries,Paint; mix colours; pottery; decorate rooms,Mix two colours; make visitor picture; fire clay safely,fx_shine,shared_effect,0,Reusable fault/reveal feedback,on,4@8fps,none,"[8, 16]",fx_shine,overlay; does not move anchors,P2,planned,FX shared; casing/body motion is separately integer-safe.
computer,Curated computer room,standard,saved random middle slot,True,105x35,power; desk migration,Fictional mail; newspaper; forecasts; research; games,Order a reply; interpret a headline; research a practical task,room_computer,room_plate,0,Separate structure; enables activities below,standard,1,none,"top-left (0,0); floor y=35",room timber/stone/tile palette; no furniture,structure faults use separate interactive components,P2,planned,Computer and migrated desk centre; message slots left; printer right; locked curated content; no live internet; source: docs/EXPANSION_DESIGN.md
computer,Curated computer room,standard,saved random middle slot,True,5x35,power; desk migration,Fictional mail; newspaper; forecasts; research; games,Order a reply; interpret a headline; research a practical task,seam_standard,structural_kit,0,Connect without resizing furniture,standard,1,none,integer parent seam; walking-plane y=0,shared wall/beam/pipe segments,none; parent component controls faults,P2,planned,Core remains 110x35; 105x35 plate; world-Y stripes. Extensions consume no standard slot.
computer,Curated computer room,standard,saved random middle slot,True,22x20,power; desk migration,Fictional mail; newspaper; forecasts; research; games,Order a reply; interpret a headline; research a practical task,obj_computer,interactive_item,1,"PROPOSED, not coded: 1 clue per 20 game min",standard;on;broken,standard 1; on 4@8fps; broken 1 + shared FX,read,"bottom-centre (11,20); keeper floor anchor (16,40)",obj_computer; shared research chassis/pose,"shared wobble(1px), smoke, intermittent sparks + stuck page or screen",P2,planned,"Basic computer. Manual book, board or simple computer. ON: 4-frame page or display change. Proposed location (15,0), logical frame 22x20; stable usePoint(-8,0), effectOrigin(0,-20), bubbleOrigin(0,-28), z40. New tier mechanics and names require review; existing names preserved."
computer,Curated computer room,standard,saved random middle slot,True,22x20,power; desk migration,Fictional mail; newspaper; forecasts; research; games,Order a reply; interpret a headline; research a practical task,obj_computer_t2,interactive_item,2,"PROPOSED, not coded: 2 clues per 17 game min",standard;on;broken,standard 1; on 4@8fps; broken 1 + shared FX,read,"bottom-centre (11,20); keeper floor anchor (16,40)",obj_computer; shared research chassis/pose,"shared wobble(1px), smoke, intermittent sparks + stuck page or screen",P2,planned,"Mid-tier computer. Indexed storage or improved terminal. ON: 4-frame page or display change. Proposed location (15,0), logical frame 22x20; stable usePoint(-8,0), effectOrigin(0,-20), bubbleOrigin(0,-28), z40. New tier mechanics and names require review; existing names preserved."
computer,Curated computer room,standard,saved random middle slot,True,22x20,power; desk migration,Fictional mail; newspaper; forecasts; research; games,Order a reply; interpret a headline; research a practical task,obj_computer_t3,interactive_item,3,"PROPOSED, not coded: 3 clues per 14 game min",standard;on;broken,standard 1; on 4@8fps; broken 1 + shared FX,read,"bottom-centre (11,20); keeper floor anchor (16,40)",obj_computer; shared research chassis/pose,"shared wobble(1px), smoke, intermittent sparks + stuck page or screen",P2,planned,"Top-tier computer. Search interface or clue display; no live internet. ON: 4-frame page or display change. Proposed location (15,0), logical frame 22x20; stable usePoint(-8,0), effectOrigin(0,-20), bubbleOrigin(0,-28), z40. New tier mechanics and names require review; existing names preserved."
computer,Curated computer room,standard,saved random middle slot,True,25x20,power; desk migration,Fictional mail; newspaper; forecasts; research; games,Order a reply; interpret a headline; research a practical task,obj_desk,interactive_item,1,"Runtime: Write in his diary; 20 game min; fun +10, social +6 (need caps apply); proposed specialist perk: 1 clue per 20 game min",standard;on;broken,standard 1; on 4@8fps; broken 1 + shared FX,read,"bottom-centre (12,20); keeper floor anchor (16,40)",obj_desk; shared research chassis/pose,"shared wobble(1px), smoke, intermittent sparks + stuck page or screen",P2,planned,"Little desk. Manual book, board or simple computer. ON: 4-frame page or display change. Proposed location (42,0), logical frame 25x20; stable usePoint(-8,0), effectOrigin(0,-20), bubbleOrigin(0,-28), z40. New tier mechanics and names require review; existing names preserved."
computer,Curated computer room,standard,saved random middle slot,True,25x20,power; desk migration,Fictional mail; newspaper; forecasts; research; games,Order a reply; interpret a headline; research a practical task,obj_desk_t2,interactive_item,2,"Runtime: Write in his diary; 17 game min; fun +13, social +8 (need caps apply); proposed specialist perk: 2 clues per 17 game min",standard;on;broken,standard 1; on 4@8fps; broken 1 + shared FX,read,"bottom-centre (12,20); keeper floor anchor (16,40)",obj_desk; shared research chassis/pose,"shared wobble(1px), smoke, intermittent sparks + stuck page or screen",P2,planned,"Writing bureau. Indexed storage or improved terminal. ON: 4-frame page or display change. Proposed location (42,0), logical frame 25x20; stable usePoint(-8,0), effectOrigin(0,-20), bubbleOrigin(0,-28), z40. New tier mechanics and names require review; existing names preserved."
computer,Curated computer room,standard,saved random middle slot,True,25x20,power; desk migration,Fictional mail; newspaper; forecasts; research; games,Order a reply; interpret a headline; research a practical task,obj_desk_t3,interactive_item,3,"Runtime: Write in his diary; 14 game min; fun +15, social +9 (need caps apply); proposed specialist perk: 3 clues per 14 game min",standard;on;broken,standard 1; on 4@8fps; broken 1 + shared FX,read,"bottom-centre (12,20); keeper floor anchor (16,40)",obj_desk; shared research chassis/pose,"shared wobble(1px), smoke, intermittent sparks + stuck page or screen",P2,planned,"Inventor's desk. Search interface or clue display; no live internet. ON: 4-frame page or display change. Proposed location (42,0), logical frame 25x20; stable usePoint(-8,0), effectOrigin(0,-20), bubbleOrigin(0,-28), z40. New tier mechanics and names require review; existing names preserved."
computer,Curated computer room,standard,saved random middle slot,True,22x20,power; desk migration,Fictional mail; newspaper; forecasts; research; games,Order a reply; interpret a headline; research a practical task,obj_printer,interactive_item,1,"PROPOSED, not coded: 1 completed batch / 30 min",standard;on;broken,standard 1; on 4@8fps; broken 1 + shared FX,cook_back,"bottom-centre (11,20); keeper floor anchor (16,40)",obj_printer; shared craft chassis/pose,"shared wobble(1px), smoke, intermittent sparks + blocked spindle",P2,planned,"Basic printer. Manual wheel, printer or assembly bench. ON: 4-frame tool movement. Proposed location (70,0), logical frame 22x20; stable usePoint(-8,0), effectOrigin(0,-20), bubbleOrigin(0,-28), z40. New tier mechanics and names require review; existing names preserved."
computer,Curated computer room,standard,saved random middle slot,True,22x20,power; desk migration,Fictional mail; newspaper; forecasts; research; games,Order a reply; interpret a headline; research a practical task,obj_printer_t2,interactive_item,2,"PROPOSED, not coded: 2 batches / 26 min",standard;on;broken,standard 1; on 4@8fps; broken 1 + shared FX,cook_back,"bottom-centre (11,20); keeper floor anchor (16,40)",obj_printer; shared craft chassis/pose,"shared wobble(1px), smoke, intermittent sparks + blocked spindle",P2,planned,"Mid-tier printer. Two-batch fixture or feed tray. ON: 4-frame tool movement. Proposed location (70,0), logical frame 22x20; stable usePoint(-8,0), effectOrigin(0,-20), bubbleOrigin(0,-28), z40. New tier mechanics and names require review; existing names preserved."
computer,Curated computer room,standard,saved random middle slot,True,22x20,power; desk migration,Fictional mail; newspaper; forecasts; research; games,Order a reply; interpret a headline; research a practical task,obj_printer_t3,interactive_item,3,"PROPOSED, not coded: 3 batches / 21 min",standard;on;broken,standard 1; on 4@8fps; broken 1 + shared FX,cook_back,"bottom-centre (11,20); keeper floor anchor (16,40)",obj_printer; shared craft chassis/pose,"shared wobble(1px), smoke, intermittent sparks + blocked spindle",P2,planned,"Top-tier printer. Three-batch automated fixture; same anchor. ON: 4-frame tool movement. Proposed location (70,0), logical frame 22x20; stable usePoint(-8,0), effectOrigin(0,-20), bubbleOrigin(0,-28), z40. New tier mechanics and names require review; existing names preserved."
computer,Curated computer room,standard,saved random middle slot,True,12x12,power; desk migration,Fictional mail; newspaper; forecasts; research; games,Order a reply; interpret a headline; research a practical task,prop_mail_cards,dressing_or_activity_prop,1,Supports Fictional mail; newspaper; forecasts; research; games; single tier,standard,1,reach_use,bottom-centre; water surface top-left,shared prop_mail_cards,not independently interactive; no repair tier,P2,planned,Separate prop; do not bake interactive furniture into plates. Exact final appearance proposal.
computer,Curated computer room,standard,saved random middle slot,True,12x12,power; desk migration,Fictional mail; newspaper; forecasts; research; games,Order a reply; interpret a headline; research a practical task,prop_newspaper_tiles,dressing_or_activity_prop,1,Supports Fictional mail; newspaper; forecasts; research; games; single tier,standard,1,reach_use,bottom-centre; water surface top-left,shared prop_newspaper_tiles,not independently interactive; no repair tier,P2,planned,Separate prop; do not bake interactive furniture into plates. Exact final appearance proposal.
computer,Curated computer room,standard,saved random middle slot,True,32x40,power; desk migration,Fictional mail; newspaper; forecasts; research; games,Order a reply; interpret a headline; research a practical task,keeper_cook_back,keeper_clip,0,Reusable task pose,on,8@8fps,cook_back,"floor (16,40); neck (16,11); shoulders (10,15)/(22,15); hips (13,25)/(19,25)",shared keeper_cook_back,not repairable,P2,delivered-review,32x40 aligned frames; hand-drawn angles and integer translation; no arbitrary raster rotation.
computer,Curated computer room,standard,saved random middle slot,True,32x40,power; desk migration,Fictional mail; newspaper; forecasts; research; games,Order a reply; interpret a headline; research a practical task,keeper_greet,keeper_clip,0,Reusable task pose,on,5@8fps,greet,"floor (16,40); neck (16,11); shoulders (10,15)/(22,15); hips (13,25)/(19,25)",shared keeper_greet,not repairable,P2,planned,32x40 aligned frames; hand-drawn angles and integer translation; no arbitrary raster rotation.
computer,Curated computer room,standard,saved random middle slot,True,32x40,power; desk migration,Fictional mail; newspaper; forecasts; research; games,Order a reply; interpret a headline; research a practical task,keeper_idle,keeper_clip,0,Reusable task pose,on,4@6fps,idle,"floor (16,40); neck (16,11); shoulders (10,15)/(22,15); hips (13,25)/(19,25)",shared keeper_idle,not repairable,P2,delivered-review,32x40 aligned frames; hand-drawn angles and integer translation; no arbitrary raster rotation.
computer,Curated computer room,standard,saved random middle slot,True,32x40,power; desk migration,Fictional mail; newspaper; forecasts; research; games,Order a reply; interpret a headline; research a practical task,keeper_reach_use,keeper_clip,0,Reusable task pose,on,5@10fps,reach_use,"floor (16,40); neck (16,11); shoulders (10,15)/(22,15); hips (13,25)/(19,25)",shared keeper_reach_use,not repairable,P2,planned,32x40 aligned frames; hand-drawn angles and integer translation; no arbitrary raster rotation.
computer,Curated computer room,standard,saved random middle slot,True,32x40,power; desk migration,Fictional mail; newspaper; forecasts; research; games,Order a reply; interpret a headline; research a practical task,keeper_read,keeper_clip,0,Reusable task pose,on,4@5fps,read,"floor (16,40); neck (16,11); shoulders (10,15)/(22,15); hips (13,25)/(19,25)",shared keeper_read,not repairable,P2,planned,32x40 aligned frames; hand-drawn angles and integer translation; no arbitrary raster rotation.
computer,Curated computer room,standard,saved random middle slot,True,32x40,power; desk migration,Fictional mail; newspaper; forecasts; research; games,Order a reply; interpret a headline; research a practical task,keeper_shrug,keeper_clip,0,Reusable task pose,on,4@8fps,shrug,"floor (16,40); neck (16,11); shoulders (10,15)/(22,15); hips (13,25)/(19,25)",shared keeper_shrug,not repairable,P2,planned,32x40 aligned frames; hand-drawn angles and integer translation; no arbitrary raster rotation.
computer,Curated computer room,standard,saved random middle slot,True,32x40,power; desk migration,Fictional mail; newspaper; forecasts; research; games,Order a reply; interpret a headline; research a practical task,keeper_walk,keeper_clip,0,Reusable task pose,on,8@10fps,walk,"floor (16,40); neck (16,11); shoulders (10,15)/(22,15); hips (13,25)/(19,25)",shared keeper_walk,not repairable,P2,delivered-review,32x40 aligned frames; hand-drawn angles and integer translation; no arbitrary raster rotation.
computer,Curated computer room,standard,saved random middle slot,True,12x16,power; desk migration,Fictional mail; newspaper; forecasts; research; games,Order a reply; interpret a headline; research a practical task,fx_broken_smoke,shared_effect,0,Reusable fault/reveal feedback,on,8@8fps,none,"[6, 16]",fx_broken_smoke,overlay; does not move anchors,P2,delivered-review,FX shared; casing/body motion is separately integer-safe.
computer,Curated computer room,standard,saved random middle slot,True,12x12,power; desk migration,Fictional mail; newspaper; forecasts; research; games,Order a reply; interpret a headline; research a practical task,fx_broken_sparks,shared_effect,0,Reusable fault/reveal feedback,on,6@12fps,none,"[6, 6]",fx_broken_sparks,overlay; does not move anchors,P2,delivered-review,FX shared; casing/body motion is separately integer-safe.
computer,Curated computer room,standard,saved random middle slot,True,64x64,power; desk migration,Fictional mail; newspaper; forecasts; research; games,Order a reply; interpret a headline; research a practical task,fx_floor_arrival_smoke,shared_effect,0,Reusable fault/reveal feedback,on,8@12fps,none,"[32, 64]",fx_floor_arrival_smoke,overlay; does not move anchors,P2,planned,FX shared; casing/body motion is separately integer-safe.
computer,Curated computer room,standard,saved random middle slot,True,16x16,power; desk migration,Fictional mail; newspaper; forecasts; research; games,Order a reply; interpret a headline; research a practical task,fx_shine,shared_effect,0,Reusable fault/reveal feedback,on,4@8fps,none,"[8, 16]",fx_shine,overlay; does not move anchors,P2,planned,FX shared; casing/body motion is separately integer-safe.
storage,Storage / box room (attic fantasy),standard,saved random middle slot,True,105x35,none,Inspect clutter; search; move and stack boxes,Memorize a box field; recover requested part; stack safely,room_storage,room_plate,0,Separate structure; enables activities below,standard,1,none,"top-left (0,0); floor y=35",room timber/stone/tile palette; no furniture,structure faults use separate interactive components,P2,planned,Three clear shelving zones; movable boxes foreground; approved idea; never forced above bedroom; source: docs/EXPANSION_DESIGN.md
storage,Storage / box room (attic fantasy),standard,saved random middle slot,True,5x35,none,Inspect clutter; search; move and stack boxes,Memorize a box field; recover requested part; stack safely,seam_standard,structural_kit,0,Connect without resizing furniture,standard,1,none,integer parent seam; walking-plane y=0,shared wall/beam/pipe segments,none; parent component controls faults,P2,planned,Core remains 110x35; 105x35 plate; world-Y stripes. Extensions consume no standard slot.
storage,Storage / box room (attic fantasy),standard,saved random middle slot,True,22x20,none,Inspect clutter; search; move and stack boxes,Memorize a box field; recover requested part; stack safely,obj_boxrack,interactive_item,1,"PROPOSED, not coded: 4 item slots",standard;on;broken,standard 1; on 4@8fps; broken 1 + shared FX,reach_use,"bottom-centre (11,20); keeper floor anchor (16,40)",obj_boxrack; shared storage chassis/pose,"shared wobble(1px), smoke, intermittent sparks + jammed hinge; contents never destroyed",P2,planned,"Basic boxrack. Small four-slot shelves or single chest. ON: 4-frame opening. Proposed location (15,0), logical frame 22x20; stable usePoint(-8,0), effectOrigin(0,-20), bubbleOrigin(0,-28), z40. New tier mechanics and names require review; existing names preserved."
storage,Storage / box room (attic fantasy),standard,saved random middle slot,True,22x20,none,Inspect clutter; search; move and stack boxes,Memorize a box field; recover requested part; stack safely,obj_boxrack_t2,interactive_item,2,"PROPOSED, not coded: 8 item slots",standard;on;broken,standard 1; on 4@8fps; broken 1 + shared FX,reach_use,"bottom-centre (11,20); keeper floor anchor (16,40)",obj_boxrack; shared storage chassis/pose,"shared wobble(1px), smoke, intermittent sparks + jammed hinge; contents never destroyed",P2,planned,"Mid-tier boxrack. Divided eight-slot cabinet with double doors. ON: 4-frame opening. Proposed location (15,0), logical frame 22x20; stable usePoint(-8,0), effectOrigin(0,-20), bubbleOrigin(0,-28), z40. New tier mechanics and names require review; existing names preserved."
storage,Storage / box room (attic fantasy),standard,saved random middle slot,True,22x20,none,Inspect clutter; search; move and stack boxes,Memorize a box field; recover requested part; stack safely,obj_boxrack_t3,interactive_item,3,"PROPOSED, not coded: 12 item slots",standard;on;broken,standard 1; on 4@8fps; broken 1 + shared FX,reach_use,"bottom-centre (11,20); keeper floor anchor (16,40)",obj_boxrack; shared storage chassis/pose,"shared wobble(1px), smoke, intermittent sparks + jammed hinge; contents never destroyed",P2,planned,"Top-tier boxrack. Twelve-slot cabinet with labelled bays; same footprint. ON: 4-frame opening. Proposed location (15,0), logical frame 22x20; stable usePoint(-8,0), effectOrigin(0,-20), bubbleOrigin(0,-28), z40. New tier mechanics and names require review; existing names preserved."
storage,Storage / box room (attic fantasy),standard,saved random middle slot,True,22x20,none,Inspect clutter; search; move and stack boxes,Memorize a box field; recover requested part; stack safely,obj_searchchest,interactive_item,1,"PROPOSED, not coded: 1 searchable compartment / 15 min",standard;on;broken,standard 1; on 4@8fps; broken 1 + shared FX,reach_use,"bottom-centre (11,20); keeper floor anchor (16,40)",obj_searchchest; shared search chassis/pose,"shared wobble(1px), smoke, intermittent sparks + stuck drawer",P2,planned,"Basic searchchest. Basic: simple manual mechanism and few visible controls. ON: 4-frame searching. Proposed location (41,0), logical frame 22x20; stable usePoint(-8,0), effectOrigin(0,-20), bubbleOrigin(0,-28), z40. New tier mechanics and names require review; existing names preserved."
storage,Storage / box room (attic fantasy),standard,saved random middle slot,True,22x20,none,Inspect clutter; search; move and stack boxes,Memorize a box field; recover requested part; stack safely,obj_searchchest_t2,interactive_item,2,"PROPOSED, not coded: 2 compartments / 13 min",standard;on;broken,standard 1; on 4@8fps; broken 1 + shared FX,reach_use,"bottom-centre (11,20); keeper floor anchor (16,40)",obj_searchchest; shared search chassis/pose,"shared wobble(1px), smoke, intermittent sparks + stuck drawer",P2,planned,"Mid-tier searchchest. Mid: sturdier housing; second visible functional control and clear status indicator. ON: 4-frame searching. Proposed location (41,0), logical frame 22x20; stable usePoint(-8,0), effectOrigin(0,-20), bubbleOrigin(0,-28), z40. New tier mechanics and names require review; existing names preserved."
storage,Storage / box room (attic fantasy),standard,saved random middle slot,True,22x20,none,Inspect clutter; search; move and stack boxes,Memorize a box field; recover requested part; stack safely,obj_searchchest_t3,interactive_item,3,"PROPOSED, not coded: 3 compartments / 11 min",standard;on;broken,standard 1; on 4@8fps; broken 1 + shared FX,reach_use,"bottom-centre (11,20); keeper floor anchor (16,40)",obj_searchchest; shared search chassis/pose,"shared wobble(1px), smoke, intermittent sparks + stuck drawer",P2,planned,"Top-tier searchchest. Top: automatic mechanism; readable capacity/output gauge; same anchor and frame bounds. ON: 4-frame searching. Proposed location (41,0), logical frame 22x20; stable usePoint(-8,0), effectOrigin(0,-20), bubbleOrigin(0,-28), z40. New tier mechanics and names require review; existing names preserved."
storage,Storage / box room (attic fantasy),standard,saved random middle slot,True,12x12,none,Inspect clutter; search; move and stack boxes,Memorize a box field; recover requested part; stack safely,prop_box_variants,dressing_or_activity_prop,1,Supports Inspect clutter; search; move and stack boxes; single tier,standard,1,reach_use,bottom-centre; water surface top-left,shared prop_box_variants,not independently interactive; no repair tier,P2,planned,Separate prop; do not bake interactive furniture into plates. Exact final appearance proposal.
storage,Storage / box room (attic fantasy),standard,saved random middle slot,True,12x12,none,Inspect clutter; search; move and stack boxes,Memorize a box field; recover requested part; stack safely,prop_lost_parts,dressing_or_activity_prop,1,Supports Inspect clutter; search; move and stack boxes; single tier,standard,1,reach_use,bottom-centre; water surface top-left,shared prop_lost_parts,not independently interactive; no repair tier,P2,planned,Separate prop; do not bake interactive furniture into plates. Exact final appearance proposal.
storage,Storage / box room (attic fantasy),standard,saved random middle slot,True,32x40,none,Inspect clutter; search; move and stack boxes,Memorize a box field; recover requested part; stack safely,keeper_greet,keeper_clip,0,Reusable task pose,on,5@8fps,greet,"floor (16,40); neck (16,11); shoulders (10,15)/(22,15); hips (13,25)/(19,25)",shared keeper_greet,not repairable,P2,planned,32x40 aligned frames; hand-drawn angles and integer translation; no arbitrary raster rotation.
storage,Storage / box room (attic fantasy),standard,saved random middle slot,True,32x40,none,Inspect clutter; search; move and stack boxes,Memorize a box field; recover requested part; stack safely,keeper_idle,keeper_clip,0,Reusable task pose,on,4@6fps,idle,"floor (16,40); neck (16,11); shoulders (10,15)/(22,15); hips (13,25)/(19,25)",shared keeper_idle,not repairable,P2,delivered-review,32x40 aligned frames; hand-drawn angles and integer translation; no arbitrary raster rotation.
storage,Storage / box room (attic fantasy),standard,saved random middle slot,True,32x40,none,Inspect clutter; search; move and stack boxes,Memorize a box field; recover requested part; stack safely,keeper_reach_use,keeper_clip,0,Reusable task pose,on,5@10fps,reach_use,"floor (16,40); neck (16,11); shoulders (10,15)/(22,15); hips (13,25)/(19,25)",shared keeper_reach_use,not repairable,P2,planned,32x40 aligned frames; hand-drawn angles and integer translation; no arbitrary raster rotation.
storage,Storage / box room (attic fantasy),standard,saved random middle slot,True,32x40,none,Inspect clutter; search; move and stack boxes,Memorize a box field; recover requested part; stack safely,keeper_shrug,keeper_clip,0,Reusable task pose,on,4@8fps,shrug,"floor (16,40); neck (16,11); shoulders (10,15)/(22,15); hips (13,25)/(19,25)",shared keeper_shrug,not repairable,P2,planned,32x40 aligned frames; hand-drawn angles and integer translation; no arbitrary raster rotation.
storage,Storage / box room (attic fantasy),standard,saved random middle slot,True,32x40,none,Inspect clutter; search; move and stack boxes,Memorize a box field; recover requested part; stack safely,keeper_walk,keeper_clip,0,Reusable task pose,on,8@10fps,walk,"floor (16,40); neck (16,11); shoulders (10,15)/(22,15); hips (13,25)/(19,25)",shared keeper_walk,not repairable,P2,delivered-review,32x40 aligned frames; hand-drawn angles and integer translation; no arbitrary raster rotation.
storage,Storage / box room (attic fantasy),standard,saved random middle slot,True,12x16,none,Inspect clutter; search; move and stack boxes,Memorize a box field; recover requested part; stack safely,fx_broken_smoke,shared_effect,0,Reusable fault/reveal feedback,on,8@8fps,none,"[6, 16]",fx_broken_smoke,overlay; does not move anchors,P2,delivered-review,FX shared; casing/body motion is separately integer-safe.
storage,Storage / box room (attic fantasy),standard,saved random middle slot,True,12x12,none,Inspect clutter; search; move and stack boxes,Memorize a box field; recover requested part; stack safely,fx_broken_sparks,shared_effect,0,Reusable fault/reveal feedback,on,6@12fps,none,"[6, 6]",fx_broken_sparks,overlay; does not move anchors,P2,delivered-review,FX shared; casing/body motion is separately integer-safe.
storage,Storage / box room (attic fantasy),standard,saved random middle slot,True,64x64,none,Inspect clutter; search; move and stack boxes,Memorize a box field; recover requested part; stack safely,fx_floor_arrival_smoke,shared_effect,0,Reusable fault/reveal feedback,on,8@12fps,none,"[32, 64]",fx_floor_arrival_smoke,overlay; does not move anchors,P2,planned,FX shared; casing/body motion is separately integer-safe.
storage,Storage / box room (attic fantasy),standard,saved random middle slot,True,16x16,none,Inspect clutter; search; move and stack boxes,Memorize a box field; recover requested part; stack safely,fx_shine,shared_effect,0,Reusable fault/reveal feedback,on,4@8fps,none,"[8, 16]",fx_shine,overlay; does not move anchors,P2,planned,FX shared; casing/body motion is separately integer-safe.
food_store,Food store / larder,standard,saved random middle slot,True,105x35,kitchen; supplies,Store ingredients; plan meals; preserve surplus,Sort food by storage need; prepare varied meal basket,room_food_store,room_plate,0,Separate structure; enables activities below,standard,1,none,"top-left (0,0); floor y=35",room timber/stone/tile palette; no furniture,structure faults use separate interactive components,P2,planned,Dry shelves left; cool cabinet centre; basket station right; discussed system link; room form review; source: docs/EXPANSION_DESIGN.md
food_store,Food store / larder,standard,saved random middle slot,True,5x35,kitchen; supplies,Store ingredients; plan meals; preserve surplus,Sort food by storage need; prepare varied meal basket,seam_standard,structural_kit,0,Connect without resizing furniture,standard,1,none,integer parent seam; walking-plane y=0,shared wall/beam/pipe segments,none; parent component controls faults,P2,planned,Core remains 110x35; 105x35 plate; world-Y stripes. Extensions consume no standard slot.
food_store,Food store / larder,standard,saved random middle slot,True,22x20,kitchen; supplies,Store ingredients; plan meals; preserve surplus,Sort food by storage need; prepare varied meal basket,obj_lardershelf,interactive_item,1,"PROPOSED, not coded: 4 item slots",standard;on;broken,standard 1; on 4@8fps; broken 1 + shared FX,reach_use,"bottom-centre (11,20); keeper floor anchor (16,40)",obj_lardershelf; shared storage chassis/pose,"shared wobble(1px), smoke, intermittent sparks + jammed hinge; contents never destroyed",P2,planned,"Basic lardershelf. Small four-slot shelves or single chest. ON: 4-frame opening. Proposed location (15,0), logical frame 22x20; stable usePoint(-8,0), effectOrigin(0,-20), bubbleOrigin(0,-28), z40. New tier mechanics and names require review; existing names preserved."
food_store,Food store / larder,standard,saved random middle slot,True,22x20,kitchen; supplies,Store ingredients; plan meals; preserve surplus,Sort food by storage need; prepare varied meal basket,obj_lardershelf_t2,interactive_item,2,"PROPOSED, not coded: 8 item slots",standard;on;broken,standard 1; on 4@8fps; broken 1 + shared FX,reach_use,"bottom-centre (11,20); keeper floor anchor (16,40)",obj_lardershelf; shared storage chassis/pose,"shared wobble(1px), smoke, intermittent sparks + jammed hinge; contents never destroyed",P2,planned,"Mid-tier lardershelf. Divided eight-slot cabinet with double doors. ON: 4-frame opening. Proposed location (15,0), logical frame 22x20; stable usePoint(-8,0), effectOrigin(0,-20), bubbleOrigin(0,-28), z40. New tier mechanics and names require review; existing names preserved."
food_store,Food store / larder,standard,saved random middle slot,True,22x20,kitchen; supplies,Store ingredients; plan meals; preserve surplus,Sort food by storage need; prepare varied meal basket,obj_lardershelf_t3,interactive_item,3,"PROPOSED, not coded: 12 item slots",standard;on;broken,standard 1; on 4@8fps; broken 1 + shared FX,reach_use,"bottom-centre (11,20); keeper floor anchor (16,40)",obj_lardershelf; shared storage chassis/pose,"shared wobble(1px), smoke, intermittent sparks + jammed hinge; contents never destroyed",P2,planned,"Top-tier lardershelf. Twelve-slot cabinet with labelled bays; same footprint. ON: 4-frame opening. Proposed location (15,0), logical frame 22x20; stable usePoint(-8,0), effectOrigin(0,-20), bubbleOrigin(0,-28), z40. New tier mechanics and names require review; existing names preserved."
food_store,Food store / larder,standard,saved random middle slot,True,22x20,kitchen; supplies,Store ingredients; plan meals; preserve surplus,Sort food by storage need; prepare varied meal basket,obj_preserver,interactive_item,1,"PROPOSED, not coded: 4 item slots",standard;on;broken,standard 1; on 4@8fps; broken 1 + shared FX,reach_use,"bottom-centre (11,20); keeper floor anchor (16,40)",obj_preserver; shared storage chassis/pose,"shared wobble(1px), smoke, intermittent sparks + jammed hinge; contents never destroyed",P2,planned,"Basic preserver. Small four-slot shelves or single chest. ON: 4-frame opening. Proposed location (41,0), logical frame 22x20; stable usePoint(-8,0), effectOrigin(0,-20), bubbleOrigin(0,-28), z40. New tier mechanics and names require review; existing names preserved."
food_store,Food store / larder,standard,saved random middle slot,True,22x20,kitchen; supplies,Store ingredients; plan meals; preserve surplus,Sort food by storage need; prepare varied meal basket,obj_preserver_t2,interactive_item,2,"PROPOSED, not coded: 8 item slots",standard;on;broken,standard 1; on 4@8fps; broken 1 + shared FX,reach_use,"bottom-centre (11,20); keeper floor anchor (16,40)",obj_preserver; shared storage chassis/pose,"shared wobble(1px), smoke, intermittent sparks + jammed hinge; contents never destroyed",P2,planned,"Mid-tier preserver. Divided eight-slot cabinet with double doors. ON: 4-frame opening. Proposed location (41,0), logical frame 22x20; stable usePoint(-8,0), effectOrigin(0,-20), bubbleOrigin(0,-28), z40. New tier mechanics and names require review; existing names preserved."
food_store,Food store / larder,standard,saved random middle slot,True,22x20,kitchen; supplies,Store ingredients; plan meals; preserve surplus,Sort food by storage need; prepare varied meal basket,obj_preserver_t3,interactive_item,3,"PROPOSED, not coded: 12 item slots",standard;on;broken,standard 1; on 4@8fps; broken 1 + shared FX,reach_use,"bottom-centre (11,20); keeper floor anchor (16,40)",obj_preserver; shared storage chassis/pose,"shared wobble(1px), smoke, intermittent sparks + jammed hinge; contents never destroyed",P2,planned,"Top-tier preserver. Twelve-slot cabinet with labelled bays; same footprint. ON: 4-frame opening. Proposed location (41,0), logical frame 22x20; stable usePoint(-8,0), effectOrigin(0,-20), bubbleOrigin(0,-28), z40. New tier mechanics and names require review; existing names preserved."
food_store,Food store / larder,standard,saved random middle slot,True,12x12,kitchen; supplies,Store ingredients; plan meals; preserve surplus,Sort food by storage need; prepare varied meal basket,prop_food_jars,dressing_or_activity_prop,1,Supports Store ingredients; plan meals; preserve surplus; single tier,standard,1,reach_use,bottom-centre; water surface top-left,shared prop_food_jars,not independently interactive; no repair tier,P2,planned,Separate prop; do not bake interactive furniture into plates. Exact final appearance proposal.
food_store,Food store / larder,standard,saved random middle slot,True,12x12,kitchen; supplies,Store ingredients; plan meals; preserve surplus,Sort food by storage need; prepare varied meal basket,prop_ingredient_crates,dressing_or_activity_prop,1,Supports Store ingredients; plan meals; preserve surplus; single tier,standard,1,reach_use,bottom-centre; water surface top-left,shared prop_ingredient_crates,not independently interactive; no repair tier,P2,planned,Separate prop; do not bake interactive furniture into plates. Exact final appearance proposal.
food_store,Food store / larder,standard,saved random middle slot,True,32x40,kitchen; supplies,Store ingredients; plan meals; preserve surplus,Sort food by storage need; prepare varied meal basket,keeper_greet,keeper_clip,0,Reusable task pose,on,5@8fps,greet,"floor (16,40); neck (16,11); shoulders (10,15)/(22,15); hips (13,25)/(19,25)",shared keeper_greet,not repairable,P2,planned,32x40 aligned frames; hand-drawn angles and integer translation; no arbitrary raster rotation.
food_store,Food store / larder,standard,saved random middle slot,True,32x40,kitchen; supplies,Store ingredients; plan meals; preserve surplus,Sort food by storage need; prepare varied meal basket,keeper_idle,keeper_clip,0,Reusable task pose,on,4@6fps,idle,"floor (16,40); neck (16,11); shoulders (10,15)/(22,15); hips (13,25)/(19,25)",shared keeper_idle,not repairable,P2,delivered-review,32x40 aligned frames; hand-drawn angles and integer translation; no arbitrary raster rotation.
food_store,Food store / larder,standard,saved random middle slot,True,32x40,kitchen; supplies,Store ingredients; plan meals; preserve surplus,Sort food by storage need; prepare varied meal basket,keeper_reach_use,keeper_clip,0,Reusable task pose,on,5@10fps,reach_use,"floor (16,40); neck (16,11); shoulders (10,15)/(22,15); hips (13,25)/(19,25)",shared keeper_reach_use,not repairable,P2,planned,32x40 aligned frames; hand-drawn angles and integer translation; no arbitrary raster rotation.
food_store,Food store / larder,standard,saved random middle slot,True,32x40,kitchen; supplies,Store ingredients; plan meals; preserve surplus,Sort food by storage need; prepare varied meal basket,keeper_shrug,keeper_clip,0,Reusable task pose,on,4@8fps,shrug,"floor (16,40); neck (16,11); shoulders (10,15)/(22,15); hips (13,25)/(19,25)",shared keeper_shrug,not repairable,P2,planned,32x40 aligned frames; hand-drawn angles and integer translation; no arbitrary raster rotation.
food_store,Food store / larder,standard,saved random middle slot,True,32x40,kitchen; supplies,Store ingredients; plan meals; preserve surplus,Sort food by storage need; prepare varied meal basket,keeper_walk,keeper_clip,0,Reusable task pose,on,8@10fps,walk,"floor (16,40); neck (16,11); shoulders (10,15)/(22,15); hips (13,25)/(19,25)",shared keeper_walk,not repairable,P2,delivered-review,32x40 aligned frames; hand-drawn angles and integer translation; no arbitrary raster rotation.
food_store,Food store / larder,standard,saved random middle slot,True,12x16,kitchen; supplies,Store ingredients; plan meals; preserve surplus,Sort food by storage need; prepare varied meal basket,fx_broken_smoke,shared_effect,0,Reusable fault/reveal feedback,on,8@8fps,none,"[6, 16]",fx_broken_smoke,overlay; does not move anchors,P2,delivered-review,FX shared; casing/body motion is separately integer-safe.
food_store,Food store / larder,standard,saved random middle slot,True,12x12,kitchen; supplies,Store ingredients; plan meals; preserve surplus,Sort food by storage need; prepare varied meal basket,fx_broken_sparks,shared_effect,0,Reusable fault/reveal feedback,on,6@12fps,none,"[6, 6]",fx_broken_sparks,overlay; does not move anchors,P2,delivered-review,FX shared; casing/body motion is separately integer-safe.
food_store,Food store / larder,standard,saved random middle slot,True,64x64,kitchen; supplies,Store ingredients; plan meals; preserve surplus,Sort food by storage need; prepare varied meal basket,fx_floor_arrival_smoke,shared_effect,0,Reusable fault/reveal feedback,on,8@12fps,none,"[32, 64]",fx_floor_arrival_smoke,overlay; does not move anchors,P2,planned,FX shared; casing/body motion is separately integer-safe.
food_store,Food store / larder,standard,saved random middle slot,True,16x16,kitchen; supplies,Store ingredients; plan meals; preserve surplus,Sort food by storage need; prepare varied meal basket,fx_shine,shared_effect,0,Reusable fault/reveal feedback,on,4@8fps,none,"[8, 16]",fx_shine,overlay; does not move anchors,P2,planned,FX shared; casing/body motion is separately integer-safe.
dining,Dining room,standard,saved random middle slot,True,105x35,kitchen; visitors; table migration,Meals; table setting; celebrations,Set correct places; serve varied meal; welcome visitor,room_dining,room_plate,0,Separate structure; enables activities below,standard,1,none,"top-left (0,0); floor y=35",room timber/stone/tile palette; no furniture,structure faults use separate interactive components,P2,planned,Table centre; serving hatch left; dishes right; approved idea; source: docs/EXPANSION_DESIGN.md
dining,Dining room,standard,saved random middle slot,True,5x35,kitchen; visitors; table migration,Meals; table setting; celebrations,Set correct places; serve varied meal; welcome visitor,seam_standard,structural_kit,0,Connect without resizing furniture,standard,1,none,integer parent seam; walking-plane y=0,shared wall/beam/pipe segments,none; parent component controls faults,P2,planned,Core remains 110x35; 105x35 plate; world-Y stripes. Extensions consume no standard slot.
dining,Dining room,standard,saved random middle slot,True,22x20,kitchen; visitors; table migration,Meals; table setting; celebrations,Set correct places; serve varied meal; welcome visitor,obj_diningtable,interactive_item,1,"PROPOSED, not coded: 12 social / 20 min",standard;on;broken,standard 1; on 4@8fps; broken 1 + shared FX,phone,"bottom-centre (11,20); keeper floor anchor (16,40)",obj_diningtable; shared social chassis/pose,"shared wobble(1px), smoke, intermittent sparks + jam or dead signal",P2,planned,"Basic diningtable. Manual handset or small serving counter. ON: 4-frame serving or ring. Proposed location (15,0), logical frame 22x20; stable usePoint(-8,0), effectOrigin(0,-20), bubbleOrigin(0,-28), z40. New tier mechanics and names require review; existing names preserved."
dining,Dining room,standard,saved random middle slot,True,22x20,kitchen; visitors; table migration,Meals; table setting; celebrations,Set correct places; serve varied meal; welcome visitor,obj_diningtable_t2,interactive_item,2,"PROPOSED, not coded: 15 social / 17 min",standard;on;broken,standard 1; on 4@8fps; broken 1 + shared FX,phone,"bottom-centre (11,20); keeper floor anchor (16,40)",obj_diningtable; shared social chassis/pose,"shared wobble(1px), smoke, intermittent sparks + jam or dead signal",P2,planned,"Mid-tier diningtable. Cordless/expanded service with readiness light. ON: 4-frame serving or ring. Proposed location (15,0), logical frame 22x20; stable usePoint(-8,0), effectOrigin(0,-20), bubbleOrigin(0,-28), z40. New tier mechanics and names require review; existing names preserved."
dining,Dining room,standard,saved random middle slot,True,22x20,kitchen; visitors; table migration,Meals; table setting; celebrations,Set correct places; serve varied meal; welcome visitor,obj_diningtable_t3,interactive_item,3,"PROPOSED, not coded: 18 social / 14 min",standard;on;broken,standard 1; on 4@8fps; broken 1 + shared FX,phone,"bottom-centre (11,20); keeper floor anchor (16,40)",obj_diningtable; shared social chassis/pose,"shared wobble(1px), smoke, intermittent sparks + jam or dead signal",P2,planned,"Top-tier diningtable. Video or group-service screen and visitor cue. ON: 4-frame serving or ring. Proposed location (15,0), logical frame 22x20; stable usePoint(-8,0), effectOrigin(0,-20), bubbleOrigin(0,-28), z40. New tier mechanics and names require review; existing names preserved."
dining,Dining room,standard,saved random middle slot,True,22x20,kitchen; visitors; table migration,Meals; table setting; celebrations,Set correct places; serve varied meal; welcome visitor,obj_servinghatch,interactive_item,1,"PROPOSED, not coded: 1 recipe serving / 35 min",standard;on;broken,standard 1; on 4@8fps; broken 1 + shared FX,cook_back,"bottom-centre (11,20); keeper floor anchor (16,40)",obj_servinghatch; shared cook chassis/pose,"shared wobble(1px), smoke, intermittent sparks + sputtering burner",P2,planned,"Basic servinghatch. Manual single burner/range. ON: 4-frame flame or service motion. Proposed location (41,0), logical frame 22x20; stable usePoint(-8,0), effectOrigin(0,-20), bubbleOrigin(0,-28), z40. New tier mechanics and names require review; existing names preserved."
dining,Dining room,standard,saved random middle slot,True,22x20,kitchen; visitors; table migration,Meals; table setting; celebrations,Set correct places; serve varied meal; welcome visitor,obj_servinghatch_t2,interactive_item,2,"PROPOSED, not coded: 2 servings / 30 min",standard;on;broken,standard 1; on 4@8fps; broken 1 + shared FX,cook_back,"bottom-centre (11,20); keeper floor anchor (16,40)",obj_servinghatch; shared cook chassis/pose,"shared wobble(1px), smoke, intermittent sparks + sputtering burner",P2,planned,"Mid-tier servinghatch. Two clearly marked burner controls. ON: 4-frame flame or service motion. Proposed location (41,0), logical frame 22x20; stable usePoint(-8,0), effectOrigin(0,-20), bubbleOrigin(0,-28), z40. New tier mechanics and names require review; existing names preserved."
dining,Dining room,standard,saved random middle slot,True,22x20,kitchen; visitors; table migration,Meals; table setting; celebrations,Set correct places; serve varied meal; welcome visitor,obj_servinghatch_t3,interactive_item,3,"PROPOSED, not coded: 3 servings / 25 min",standard;on;broken,standard 1; on 4@8fps; broken 1 + shared FX,cook_back,"bottom-centre (11,20); keeper floor anchor (16,40)",obj_servinghatch; shared cook chassis/pose,"shared wobble(1px), smoke, intermittent sparks + sputtering burner",P2,planned,"Top-tier servinghatch. Three marked cooking slots and recipe display. ON: 4-frame flame or service motion. Proposed location (41,0), logical frame 22x20; stable usePoint(-8,0), effectOrigin(0,-20), bubbleOrigin(0,-28), z40. New tier mechanics and names require review; existing names preserved."
dining,Dining room,standard,saved random middle slot,True,12x12,kitchen; visitors; table migration,Meals; table setting; celebrations,Set correct places; serve varied meal; welcome visitor,prop_chairs,dressing_or_activity_prop,1,Supports Meals; table setting; celebrations; single tier,standard,1,reach_use,bottom-centre; water surface top-left,shared prop_chairs,not independently interactive; no repair tier,P2,planned,Separate prop; do not bake interactive furniture into plates. Exact final appearance proposal.
dining,Dining room,standard,saved random middle slot,True,12x12,kitchen; visitors; table migration,Meals; table setting; celebrations,Set correct places; serve varied meal; welcome visitor,prop_cutlery,dressing_or_activity_prop,1,Supports Meals; table setting; celebrations; single tier,standard,1,reach_use,bottom-centre; water surface top-left,shared prop_cutlery,not independently interactive; no repair tier,P2,planned,Separate prop; do not bake interactive furniture into plates. Exact final appearance proposal.
dining,Dining room,standard,saved random middle slot,True,12x12,kitchen; visitors; table migration,Meals; table setting; celebrations,Set correct places; serve varied meal; welcome visitor,prop_celebration_bunting,dressing_or_activity_prop,1,Supports Meals; table setting; celebrations; single tier,standard,1,reach_use,bottom-centre; water surface top-left,shared prop_celebration_bunting,not independently interactive; no repair tier,P2,planned,Separate prop; do not bake interactive furniture into plates. Exact final appearance proposal.
dining,Dining room,standard,saved random middle slot,True,32x40,kitchen; visitors; table migration,Meals; table setting; celebrations,Set correct places; serve varied meal; welcome visitor,keeper_cook_back,keeper_clip,0,Reusable task pose,on,8@8fps,cook_back,"floor (16,40); neck (16,11); shoulders (10,15)/(22,15); hips (13,25)/(19,25)",shared keeper_cook_back,not repairable,P2,delivered-review,32x40 aligned frames; hand-drawn angles and integer translation; no arbitrary raster rotation.
dining,Dining room,standard,saved random middle slot,True,32x40,kitchen; visitors; table migration,Meals; table setting; celebrations,Set correct places; serve varied meal; welcome visitor,keeper_greet,keeper_clip,0,Reusable task pose,on,5@8fps,greet,"floor (16,40); neck (16,11); shoulders (10,15)/(22,15); hips (13,25)/(19,25)",shared keeper_greet,not repairable,P2,planned,32x40 aligned frames; hand-drawn angles and integer translation; no arbitrary raster rotation.
dining,Dining room,standard,saved random middle slot,True,32x40,kitchen; visitors; table migration,Meals; table setting; celebrations,Set correct places; serve varied meal; welcome visitor,keeper_idle,keeper_clip,0,Reusable task pose,on,4@6fps,idle,"floor (16,40); neck (16,11); shoulders (10,15)/(22,15); hips (13,25)/(19,25)",shared keeper_idle,not repairable,P2,delivered-review,32x40 aligned frames; hand-drawn angles and integer translation; no arbitrary raster rotation.
dining,Dining room,standard,saved random middle slot,True,32x40,kitchen; visitors; table migration,Meals; table setting; celebrations,Set correct places; serve varied meal; welcome visitor,keeper_phone,keeper_clip,0,Reusable task pose,on,4@6fps,phone,"floor (16,40); neck (16,11); shoulders (10,15)/(22,15); hips (13,25)/(19,25)",shared keeper_phone,not repairable,P2,planned,32x40 aligned frames; hand-drawn angles and integer translation; no arbitrary raster rotation.
dining,Dining room,standard,saved random middle slot,True,32x40,kitchen; visitors; table migration,Meals; table setting; celebrations,Set correct places; serve varied meal; welcome visitor,keeper_reach_use,keeper_clip,0,Reusable task pose,on,5@10fps,reach_use,"floor (16,40); neck (16,11); shoulders (10,15)/(22,15); hips (13,25)/(19,25)",shared keeper_reach_use,not repairable,P2,planned,32x40 aligned frames; hand-drawn angles and integer translation; no arbitrary raster rotation.
dining,Dining room,standard,saved random middle slot,True,32x40,kitchen; visitors; table migration,Meals; table setting; celebrations,Set correct places; serve varied meal; welcome visitor,keeper_shrug,keeper_clip,0,Reusable task pose,on,4@8fps,shrug,"floor (16,40); neck (16,11); shoulders (10,15)/(22,15); hips (13,25)/(19,25)",shared keeper_shrug,not repairable,P2,planned,32x40 aligned frames; hand-drawn angles and integer translation; no arbitrary raster rotation.
dining,Dining room,standard,saved random middle slot,True,32x40,kitchen; visitors; table migration,Meals; table setting; celebrations,Set correct places; serve varied meal; welcome visitor,keeper_walk,keeper_clip,0,Reusable task pose,on,8@10fps,walk,"floor (16,40); neck (16,11); shoulders (10,15)/(22,15); hips (13,25)/(19,25)",shared keeper_walk,not repairable,P2,delivered-review,32x40 aligned frames; hand-drawn angles and integer translation; no arbitrary raster rotation.
dining,Dining room,standard,saved random middle slot,True,12x16,kitchen; visitors; table migration,Meals; table setting; celebrations,Set correct places; serve varied meal; welcome visitor,fx_broken_smoke,shared_effect,0,Reusable fault/reveal feedback,on,8@8fps,none,"[6, 16]",fx_broken_smoke,overlay; does not move anchors,P2,delivered-review,FX shared; casing/body motion is separately integer-safe.
dining,Dining room,standard,saved random middle slot,True,12x12,kitchen; visitors; table migration,Meals; table setting; celebrations,Set correct places; serve varied meal; welcome visitor,fx_broken_sparks,shared_effect,0,Reusable fault/reveal feedback,on,6@12fps,none,"[6, 6]",fx_broken_sparks,overlay; does not move anchors,P2,delivered-review,FX shared; casing/body motion is separately integer-safe.
dining,Dining room,standard,saved random middle slot,True,64x64,kitchen; visitors; table migration,Meals; table setting; celebrations,Set correct places; serve varied meal; welcome visitor,fx_floor_arrival_smoke,shared_effect,0,Reusable fault/reveal feedback,on,8@12fps,none,"[32, 64]",fx_floor_arrival_smoke,overlay; does not move anchors,P2,planned,FX shared; casing/body motion is separately integer-safe.
dining,Dining room,standard,saved random middle slot,True,16x16,kitchen; visitors; table migration,Meals; table setting; celebrations,Set correct places; serve varied meal; welcome visitor,fx_shine,shared_effect,0,Reusable fault/reveal feedback,on,4@8fps,none,"[8, 16]",fx_shine,overlay; does not move anchors,P2,planned,FX shared; casing/body motion is separately integer-safe.
bank,Bank / savings room,standard,saved random middle slot,True,105x35,allowance; persistent savings,Count coins; deposit; withdraw; plan upgrade,Keep some allowance across days; verify counted receipt,room_bank,room_plate,0,Separate structure; enables activities below,standard,1,none,"top-left (0,0); floor y=35",room timber/stone/tile palette; no furniture,structure faults use separate interactive components,P2,planned,Counter left; tube centre; safe right; readable account display; review: capped interest amount and interval; balances never break; source: docs/EXPANSION_DESIGN.md
bank,Bank / savings room,standard,saved random middle slot,True,5x35,allowance; persistent savings,Count coins; deposit; withdraw; plan upgrade,Keep some allowance across days; verify counted receipt,seam_standard,structural_kit,0,Connect without resizing furniture,standard,1,none,integer parent seam; walking-plane y=0,shared wall/beam/pipe segments,none; parent component controls faults,P2,planned,Core remains 110x35; 105x35 plate; world-Y stripes. Extensions consume no standard slot.
bank,Bank / savings room,standard,saved random middle slot,True,22x20,allowance; persistent savings,Count coins; deposit; withdraw; plan upgrade,Keep some allowance across days; verify counted receipt,obj_deposittube,interactive_item,1,"PROPOSED, not coded: 1 deposit processed / 10 min",standard;on;broken,standard 1; on 4@8fps; broken 1 + shared FX,reach_use,"bottom-centre (11,20); keeper floor anchor (16,40)",obj_deposittube; shared bank chassis/pose,"shared wobble(1px), smoke, intermittent sparks + tube jam; saved balance untouched",P2,planned,"Basic deposittube. Manual coin tube and receipt slot. ON: 4-frame coin transfer. Proposed location (15,0), logical frame 22x20; stable usePoint(-8,0), effectOrigin(0,-20), bubbleOrigin(0,-28), z40. New tier mechanics and names require review; existing names preserved."
bank,Bank / savings room,standard,saved random middle slot,True,22x20,allowance; persistent savings,Count coins; deposit; withdraw; plan upgrade,Keep some allowance across days; verify counted receipt,obj_deposittube_t2,interactive_item,2,"PROPOSED, not coded: 2 deposits / 8 min",standard;on;broken,standard 1; on 4@8fps; broken 1 + shared FX,reach_use,"bottom-centre (11,20); keeper floor anchor (16,40)",obj_deposittube; shared bank chassis/pose,"shared wobble(1px), smoke, intermittent sparks + tube jam; saved balance untouched",P2,planned,"Mid-tier deposittube. Twin-batch deposit mechanism. ON: 4-frame coin transfer. Proposed location (15,0), logical frame 22x20; stable usePoint(-8,0), effectOrigin(0,-20), bubbleOrigin(0,-28), z40. New tier mechanics and names require review; existing names preserved."
bank,Bank / savings room,standard,saved random middle slot,True,22x20,allowance; persistent savings,Count coins; deposit; withdraw; plan upgrade,Keep some allowance across days; verify counted receipt,obj_deposittube_t3,interactive_item,3,"PROPOSED, not coded: 3 deposits / 6 min",standard;on;broken,standard 1; on 4@8fps; broken 1 + shared FX,reach_use,"bottom-centre (11,20); keeper floor anchor (16,40)",obj_deposittube; shared bank chassis/pose,"shared wobble(1px), smoke, intermittent sparks + tube jam; saved balance untouched",P2,planned,"Top-tier deposittube. Triple-batch counter and balance display; no savings loss. ON: 4-frame coin transfer. Proposed location (15,0), logical frame 22x20; stable usePoint(-8,0), effectOrigin(0,-20), bubbleOrigin(0,-28), z40. New tier mechanics and names require review; existing names preserved."
bank,Bank / savings room,standard,saved random middle slot,True,22x20,allowance; persistent savings,Count coins; deposit; withdraw; plan upgrade,Keep some allowance across days; verify counted receipt,obj_safe,interactive_item,1,"PROPOSED, not coded: 4 stored crates; money balance unlimited and unaffected",standard;on;broken,standard 1; on 4@8fps; broken 1 + shared FX,reach_use,"bottom-centre (11,20); keeper floor anchor (16,40)",obj_safe; shared storage chassis/pose,"shared wobble(1px), smoke, intermittent sparks + jammed hinge; contents never destroyed",P2,planned,"Basic safe. Small four-slot shelves or single chest. ON: 4-frame opening. Proposed location (41,0), logical frame 22x20; stable usePoint(-8,0), effectOrigin(0,-20), bubbleOrigin(0,-28), z40. New tier mechanics and names require review; existing names preserved."
bank,Bank / savings room,standard,saved random middle slot,True,22x20,allowance; persistent savings,Count coins; deposit; withdraw; plan upgrade,Keep some allowance across days; verify counted receipt,obj_safe_t2,interactive_item,2,"PROPOSED, not coded: 8 crates; money unaffected",standard;on;broken,standard 1; on 4@8fps; broken 1 + shared FX,reach_use,"bottom-centre (11,20); keeper floor anchor (16,40)",obj_safe; shared storage chassis/pose,"shared wobble(1px), smoke, intermittent sparks + jammed hinge; contents never destroyed",P2,planned,"Mid-tier safe. Divided eight-slot cabinet with double doors. ON: 4-frame opening. Proposed location (41,0), logical frame 22x20; stable usePoint(-8,0), effectOrigin(0,-20), bubbleOrigin(0,-28), z40. New tier mechanics and names require review; existing names preserved."
bank,Bank / savings room,standard,saved random middle slot,True,22x20,allowance; persistent savings,Count coins; deposit; withdraw; plan upgrade,Keep some allowance across days; verify counted receipt,obj_safe_t3,interactive_item,3,"PROPOSED, not coded: 12 crates; money unaffected",standard;on;broken,standard 1; on 4@8fps; broken 1 + shared FX,reach_use,"bottom-centre (11,20); keeper floor anchor (16,40)",obj_safe; shared storage chassis/pose,"shared wobble(1px), smoke, intermittent sparks + jammed hinge; contents never destroyed",P2,planned,"Top-tier safe. Twelve-slot cabinet with labelled bays; same footprint. ON: 4-frame opening. Proposed location (41,0), logical frame 22x20; stable usePoint(-8,0), effectOrigin(0,-20), bubbleOrigin(0,-28), z40. New tier mechanics and names require review; existing names preserved."
bank,Bank / savings room,standard,saved random middle slot,True,22x20,allowance; persistent savings,Count coins; deposit; withdraw; plan upgrade,Keep some allowance across days; verify counted receipt,obj_coinscales,interactive_item,1,"PROPOSED, not coded: weigh one coin batch / 10 min",standard;on;broken,standard 1; on 4@8fps; broken 1 + shared FX,reach_use,"bottom-centre (11,20); keeper floor anchor (16,40)",obj_coinscales; shared measure chassis/pose,"shared wobble(1px), smoke, intermittent sparks + frozen dial",P2,planned,"Basic coinscales. Basic: simple manual mechanism and few visible controls. ON: 4-frame reading. Proposed location (67,0), logical frame 22x20; stable usePoint(-8,0), effectOrigin(0,-20), bubbleOrigin(0,-28), z40. New tier mechanics and names require review; existing names preserved."
bank,Bank / savings room,standard,saved random middle slot,True,12x12,allowance; persistent savings,Count coins; deposit; withdraw; plan upgrade,Keep some allowance across days; verify counted receipt,prop_savings_book,dressing_or_activity_prop,1,Supports Count coins; deposit; withdraw; plan upgrade; single tier,standard,1,reach_use,bottom-centre; water surface top-left,shared prop_savings_book,not independently interactive; no repair tier,P2,planned,Separate prop; do not bake interactive furniture into plates. Exact final appearance proposal.
bank,Bank / savings room,standard,saved random middle slot,True,12x12,allowance; persistent savings,Count coins; deposit; withdraw; plan upgrade,Keep some allowance across days; verify counted receipt,prop_receipt_props,dressing_or_activity_prop,1,Supports Count coins; deposit; withdraw; plan upgrade; single tier,standard,1,reach_use,bottom-centre; water surface top-left,shared prop_receipt_props,not independently interactive; no repair tier,P2,planned,Separate prop; do not bake interactive furniture into plates. Exact final appearance proposal.
bank,Bank / savings room,standard,saved random middle slot,True,32x40,allowance; persistent savings,Count coins; deposit; withdraw; plan upgrade,Keep some allowance across days; verify counted receipt,keeper_greet,keeper_clip,0,Reusable task pose,on,5@8fps,greet,"floor (16,40); neck (16,11); shoulders (10,15)/(22,15); hips (13,25)/(19,25)",shared keeper_greet,not repairable,P2,planned,32x40 aligned frames; hand-drawn angles and integer translation; no arbitrary raster rotation.
bank,Bank / savings room,standard,saved random middle slot,True,32x40,allowance; persistent savings,Count coins; deposit; withdraw; plan upgrade,Keep some allowance across days; verify counted receipt,keeper_idle,keeper_clip,0,Reusable task pose,on,4@6fps,idle,"floor (16,40); neck (16,11); shoulders (10,15)/(22,15); hips (13,25)/(19,25)",shared keeper_idle,not repairable,P2,delivered-review,32x40 aligned frames; hand-drawn angles and integer translation; no arbitrary raster rotation.
bank,Bank / savings room,standard,saved random middle slot,True,32x40,allowance; persistent savings,Count coins; deposit; withdraw; plan upgrade,Keep some allowance across days; verify counted receipt,keeper_reach_use,keeper_clip,0,Reusable task pose,on,5@10fps,reach_use,"floor (16,40); neck (16,11); shoulders (10,15)/(22,15); hips (13,25)/(19,25)",shared keeper_reach_use,not repairable,P2,planned,32x40 aligned frames; hand-drawn angles and integer translation; no arbitrary raster rotation.
bank,Bank / savings room,standard,saved random middle slot,True,32x40,allowance; persistent savings,Count coins; deposit; withdraw; plan upgrade,Keep some allowance across days; verify counted receipt,keeper_shrug,keeper_clip,0,Reusable task pose,on,4@8fps,shrug,"floor (16,40); neck (16,11); shoulders (10,15)/(22,15); hips (13,25)/(19,25)",shared keeper_shrug,not repairable,P2,planned,32x40 aligned frames; hand-drawn angles and integer translation; no arbitrary raster rotation.
bank,Bank / savings room,standard,saved random middle slot,True,32x40,allowance; persistent savings,Count coins; deposit; withdraw; plan upgrade,Keep some allowance across days; verify counted receipt,keeper_walk,keeper_clip,0,Reusable task pose,on,8@10fps,walk,"floor (16,40); neck (16,11); shoulders (10,15)/(22,15); hips (13,25)/(19,25)",shared keeper_walk,not repairable,P2,delivered-review,32x40 aligned frames; hand-drawn angles and integer translation; no arbitrary raster rotation.
bank,Bank / savings room,standard,saved random middle slot,True,12x16,allowance; persistent savings,Count coins; deposit; withdraw; plan upgrade,Keep some allowance across days; verify counted receipt,fx_broken_smoke,shared_effect,0,Reusable fault/reveal feedback,on,8@8fps,none,"[6, 16]",fx_broken_smoke,overlay; does not move anchors,P2,delivered-review,FX shared; casing/body motion is separately integer-safe.
bank,Bank / savings room,standard,saved random middle slot,True,12x12,allowance; persistent savings,Count coins; deposit; withdraw; plan upgrade,Keep some allowance across days; verify counted receipt,fx_broken_sparks,shared_effect,0,Reusable fault/reveal feedback,on,6@12fps,none,"[6, 6]",fx_broken_sparks,overlay; does not move anchors,P2,delivered-review,FX shared; casing/body motion is separately integer-safe.
bank,Bank / savings room,standard,saved random middle slot,True,64x64,allowance; persistent savings,Count coins; deposit; withdraw; plan upgrade,Keep some allowance across days; verify counted receipt,fx_floor_arrival_smoke,shared_effect,0,Reusable fault/reveal feedback,on,8@12fps,none,"[32, 64]",fx_floor_arrival_smoke,overlay; does not move anchors,P2,planned,FX shared; casing/body motion is separately integer-safe.
bank,Bank / savings room,standard,saved random middle slot,True,16x16,allowance; persistent savings,Count coins; deposit; withdraw; plan upgrade,Keep some allowance across days; verify counted receipt,fx_shine,shared_effect,0,Reusable fault/reveal feedback,on,4@8fps,none,"[8, 16]",fx_shine,overlay; does not move anchors,P2,planned,FX shared; casing/body motion is separately integer-safe.
cinema,Cinema,standard,saved random middle slot,True,105x35,power; visitors,Fictional films; scene sequencing; adventure replays,Restore projector; order scenes; host screening,room_cinema,room_plate,0,Separate structure; enables activities below,standard,1,none,"top-left (0,0); floor y=35",room timber/stone/tile palette; no furniture,structure faults use separate interactive components,P2,planned,Screen left; benches centre; projector right; approved idea; source: docs/EXPANSION_DESIGN.md
cinema,Cinema,standard,saved random middle slot,True,5x35,power; visitors,Fictional films; scene sequencing; adventure replays,Restore projector; order scenes; host screening,seam_standard,structural_kit,0,Connect without resizing furniture,standard,1,none,integer parent seam; walking-plane y=0,shared wall/beam/pipe segments,none; parent component controls faults,P2,planned,Core remains 110x35; 105x35 plate; world-Y stripes. Extensions consume no standard slot.
cinema,Cinema,standard,saved random middle slot,True,22x20,power; visitors,Fictional films; scene sequencing; adventure replays,Restore projector; order scenes; host screening,obj_projector,interactive_item,1,"PROPOSED, not coded: 30 fun / 40 min screening",standard;on;broken,standard 1; on 4@8fps; broken 1 + shared FX,watch_tv,"bottom-centre (11,20); keeper floor anchor (16,40)",obj_projector; shared fun chassis/pose,"shared wobble(1px), smoke, intermittent sparks + cracked screen",P2,planned,"Basic projector. Charcoal CRT and wooden stand. ON: 4-frame channel flicker. Proposed location (15,0), logical frame 22x20; stable usePoint(-8,0), effectOrigin(0,-20), bubbleOrigin(0,-28), z40. New tier mechanics and names require review; existing names preserved."
cinema,Cinema,standard,saved random middle slot,True,22x20,power; visitors,Fictional films; scene sequencing; adventure replays,Restore projector; order scenes; host screening,obj_projector_t2,interactive_item,2,"PROPOSED, not coded: 38 fun / 34 min",standard;on;broken,standard 1; on 4@8fps; broken 1 + shared FX,watch_tv,"bottom-centre (11,20); keeper floor anchor (16,40)",obj_projector; shared fun chassis/pose,"shared wobble(1px), smoke, intermittent sparks + cracked screen",P2,planned,"Mid-tier projector. Flat-screen with same stable stand and larger viewing area. ON: 4-frame channel flicker. Proposed location (15,0), logical frame 22x20; stable usePoint(-8,0), effectOrigin(0,-20), bubbleOrigin(0,-28), z40. New tier mechanics and names require review; existing names preserved."
cinema,Cinema,standard,saved random middle slot,True,22x20,power; visitors,Fictional films; scene sequencing; adventure replays,Restore projector; order scenes; host screening,obj_projector_t3,interactive_item,3,"PROPOSED, not coded: 45 fun / 28 min",standard;on;broken,standard 1; on 4@8fps; broken 1 + shared FX,watch_tv,"bottom-centre (11,20); keeper floor anchor (16,40)",obj_projector; shared fun chassis/pose,"shared wobble(1px), smoke, intermittent sparks + cracked screen",P2,planned,"Top-tier projector. Cinema-style screen and two compact speakers within fixed bounds. ON: 4-frame channel flicker. Proposed location (15,0), logical frame 22x20; stable usePoint(-8,0), effectOrigin(0,-20), bubbleOrigin(0,-28), z40. New tier mechanics and names require review; existing names preserved."
cinema,Cinema,standard,saved random middle slot,True,22x20,power; visitors,Fictional films; scene sequencing; adventure replays,Restore projector; order scenes; host screening,obj_filmarchive,interactive_item,1,"PROPOSED, not coded: 1 clue per 20 game min",standard;on;broken,standard 1; on 4@8fps; broken 1 + shared FX,read,"bottom-centre (11,20); keeper floor anchor (16,40)",obj_filmarchive; shared research chassis/pose,"shared wobble(1px), smoke, intermittent sparks + stuck page or screen",P2,planned,"Basic filmarchive. Manual book, board or simple computer. ON: 4-frame page or display change. Proposed location (41,0), logical frame 22x20; stable usePoint(-8,0), effectOrigin(0,-20), bubbleOrigin(0,-28), z40. New tier mechanics and names require review; existing names preserved."
cinema,Cinema,standard,saved random middle slot,True,22x20,power; visitors,Fictional films; scene sequencing; adventure replays,Restore projector; order scenes; host screening,obj_filmarchive_t2,interactive_item,2,"PROPOSED, not coded: 2 clues per 17 game min",standard;on;broken,standard 1; on 4@8fps; broken 1 + shared FX,read,"bottom-centre (11,20); keeper floor anchor (16,40)",obj_filmarchive; shared research chassis/pose,"shared wobble(1px), smoke, intermittent sparks + stuck page or screen",P2,planned,"Mid-tier filmarchive. Indexed storage or improved terminal. ON: 4-frame page or display change. Proposed location (41,0), logical frame 22x20; stable usePoint(-8,0), effectOrigin(0,-20), bubbleOrigin(0,-28), z40. New tier mechanics and names require review; existing names preserved."
cinema,Cinema,standard,saved random middle slot,True,22x20,power; visitors,Fictional films; scene sequencing; adventure replays,Restore projector; order scenes; host screening,obj_filmarchive_t3,interactive_item,3,"PROPOSED, not coded: 3 clues per 14 game min",standard;on;broken,standard 1; on 4@8fps; broken 1 + shared FX,read,"bottom-centre (11,20); keeper floor anchor (16,40)",obj_filmarchive; shared research chassis/pose,"shared wobble(1px), smoke, intermittent sparks + stuck page or screen",P2,planned,"Top-tier filmarchive. Search interface or clue display; no live internet. ON: 4-frame page or display change. Proposed location (41,0), logical frame 22x20; stable usePoint(-8,0), effectOrigin(0,-20), bubbleOrigin(0,-28), z40. New tier mechanics and names require review; existing names preserved."
cinema,Cinema,standard,saved random middle slot,True,12x12,power; visitors,Fictional films; scene sequencing; adventure replays,Restore projector; order scenes; host screening,prop_screen,dressing_or_activity_prop,1,Supports Fictional films; scene sequencing; adventure replays; single tier,standard,1,reach_use,bottom-centre; water surface top-left,shared prop_screen,not independently interactive; no repair tier,P2,planned,Separate prop; do not bake interactive furniture into plates. Exact final appearance proposal.
cinema,Cinema,standard,saved random middle slot,True,12x12,power; visitors,Fictional films; scene sequencing; adventure replays,Restore projector; order scenes; host screening,prop_benches,dressing_or_activity_prop,1,Supports Fictional films; scene sequencing; adventure replays; single tier,standard,1,reach_use,bottom-centre; water surface top-left,shared prop_benches,not independently interactive; no repair tier,P2,planned,Separate prop; do not bake interactive furniture into plates. Exact final appearance proposal.
cinema,Cinema,standard,saved random middle slot,True,12x12,power; visitors,Fictional films; scene sequencing; adventure replays,Restore projector; order scenes; host screening,prop_film_reels,dressing_or_activity_prop,1,Supports Fictional films; scene sequencing; adventure replays; single tier,standard,1,reach_use,bottom-centre; water surface top-left,shared prop_film_reels,not independently interactive; no repair tier,P2,planned,Separate prop; do not bake interactive furniture into plates. Exact final appearance proposal.
cinema,Cinema,standard,saved random middle slot,True,32x40,power; visitors,Fictional films; scene sequencing; adventure replays,Restore projector; order scenes; host screening,keeper_greet,keeper_clip,0,Reusable task pose,on,5@8fps,greet,"floor (16,40); neck (16,11); shoulders (10,15)/(22,15); hips (13,25)/(19,25)",shared keeper_greet,not repairable,P2,planned,32x40 aligned frames; hand-drawn angles and integer translation; no arbitrary raster rotation.
cinema,Cinema,standard,saved random middle slot,True,32x40,power; visitors,Fictional films; scene sequencing; adventure replays,Restore projector; order scenes; host screening,keeper_idle,keeper_clip,0,Reusable task pose,on,4@6fps,idle,"floor (16,40); neck (16,11); shoulders (10,15)/(22,15); hips (13,25)/(19,25)",shared keeper_idle,not repairable,P2,delivered-review,32x40 aligned frames; hand-drawn angles and integer translation; no arbitrary raster rotation.
cinema,Cinema,standard,saved random middle slot,True,32x40,power; visitors,Fictional films; scene sequencing; adventure replays,Restore projector; order scenes; host screening,keeper_reach_use,keeper_clip,0,Reusable task pose,on,5@10fps,reach_use,"floor (16,40); neck (16,11); shoulders (10,15)/(22,15); hips (13,25)/(19,25)",shared keeper_reach_use,not repairable,P2,planned,32x40 aligned frames; hand-drawn angles and integer translation; no arbitrary raster rotation.
cinema,Cinema,standard,saved random middle slot,True,32x40,power; visitors,Fictional films; scene sequencing; adventure replays,Restore projector; order scenes; host screening,keeper_read,keeper_clip,0,Reusable task pose,on,4@5fps,read,"floor (16,40); neck (16,11); shoulders (10,15)/(22,15); hips (13,25)/(19,25)",shared keeper_read,not repairable,P2,planned,32x40 aligned frames; hand-drawn angles and integer translation; no arbitrary raster rotation.
cinema,Cinema,standard,saved random middle slot,True,32x40,power; visitors,Fictional films; scene sequencing; adventure replays,Restore projector; order scenes; host screening,keeper_shrug,keeper_clip,0,Reusable task pose,on,4@8fps,shrug,"floor (16,40); neck (16,11); shoulders (10,15)/(22,15); hips (13,25)/(19,25)",shared keeper_shrug,not repairable,P2,planned,32x40 aligned frames; hand-drawn angles and integer translation; no arbitrary raster rotation.
cinema,Cinema,standard,saved random middle slot,True,32x40,power; visitors,Fictional films; scene sequencing; adventure replays,Restore projector; order scenes; host screening,keeper_walk,keeper_clip,0,Reusable task pose,on,8@10fps,walk,"floor (16,40); neck (16,11); shoulders (10,15)/(22,15); hips (13,25)/(19,25)",shared keeper_walk,not repairable,P2,delivered-review,32x40 aligned frames; hand-drawn angles and integer translation; no arbitrary raster rotation.
cinema,Cinema,standard,saved random middle slot,True,32x40,power; visitors,Fictional films; scene sequencing; adventure replays,Restore projector; order scenes; host screening,keeper_watch_tv,keeper_clip,0,Reusable task pose,on,8@6fps,watch_tv,"floor (16,40); neck (16,11); shoulders (10,15)/(22,15); hips (13,25)/(19,25)",shared keeper_watch_tv,not repairable,P2,delivered-review,32x40 aligned frames; hand-drawn angles and integer translation; no arbitrary raster rotation.
cinema,Cinema,standard,saved random middle slot,True,12x16,power; visitors,Fictional films; scene sequencing; adventure replays,Restore projector; order scenes; host screening,fx_broken_smoke,shared_effect,0,Reusable fault/reveal feedback,on,8@8fps,none,"[6, 16]",fx_broken_smoke,overlay; does not move anchors,P2,delivered-review,FX shared; casing/body motion is separately integer-safe.
cinema,Cinema,standard,saved random middle slot,True,12x12,power; visitors,Fictional films; scene sequencing; adventure replays,Restore projector; order scenes; host screening,fx_broken_sparks,shared_effect,0,Reusable fault/reveal feedback,on,6@12fps,none,"[6, 6]",fx_broken_sparks,overlay; does not move anchors,P2,delivered-review,FX shared; casing/body motion is separately integer-safe.
cinema,Cinema,standard,saved random middle slot,True,64x64,power; visitors,Fictional films; scene sequencing; adventure replays,Restore projector; order scenes; host screening,fx_floor_arrival_smoke,shared_effect,0,Reusable fault/reveal feedback,on,8@12fps,none,"[32, 64]",fx_floor_arrival_smoke,overlay; does not move anchors,P2,planned,FX shared; casing/body motion is separately integer-safe.
cinema,Cinema,standard,saved random middle slot,True,16x16,power; visitors,Fictional films; scene sequencing; adventure replays,Restore projector; order scenes; host screening,fx_shine,shared_effect,0,Reusable fault/reveal feedback,on,4@8fps,none,"[8, 16]",fx_shine,overlay; does not move anchors,P2,planned,FX shared; casing/body motion is separately integer-safe.
games,Games hall,standard,saved random middle slot,True,105x35,games cabinet migration,Snooker; table tennis; darts; table football; board games,"Complete aiming, timing and arithmetic rounds",room_games,room_plate,0,Separate structure; enables activities below,standard,1,none,"top-left (0,0); floor y=35",room timber/stone/tile palette; no furniture,structure faults use separate interactive components,P2,planned,One folding central table; replaceable game surface; wall darts; review: rotate game stations; cannot display all at once; source: docs/EXPANSION_DESIGN.md
games,Games hall,standard,saved random middle slot,True,5x35,games cabinet migration,Snooker; table tennis; darts; table football; board games,"Complete aiming, timing and arithmetic rounds",seam_standard,structural_kit,0,Connect without resizing furniture,standard,1,none,integer parent seam; walking-plane y=0,shared wall/beam/pipe segments,none; parent component controls faults,P2,planned,Core remains 110x35; 105x35 plate; world-Y stripes. Extensions consume no standard slot.
games,Games hall,standard,saved random middle slot,True,22x20,games cabinet migration,Snooker; table tennis; darts; table football; board games,"Complete aiming, timing and arithmetic rounds",obj_snooker,interactive_item,1,"PROPOSED, not coded: 10 fun per successful round / 12 min",standard;on;broken,standard 1; on 4@8fps; broken 1 + shared FX,reach_use,"bottom-centre (11,20); keeper floor anchor (16,40)",obj_snooker; shared game chassis/pose,"shared wobble(1px), smoke, intermittent sparks + loose or jammed mechanism",P2,planned,"Basic snooker. Manual game surface and basic score display. ON: 4-frame game motion. Proposed location (55,0), logical frame 22x20; stable usePoint(-8,0), effectOrigin(0,-20), bubbleOrigin(0,-28), z40. New tier mechanics and names require review; existing names preserved. This station replaces the central activity bay when selected; never draw all stations simultaneously."
games,Games hall,standard,saved random middle slot,True,22x20,games cabinet migration,Snooker; table tennis; darts; table football; board games,"Complete aiming, timing and arithmetic rounds",obj_snooker_t2,interactive_item,2,"PROPOSED, not coded: 13 fun / 10 min",standard;on;broken,standard 1; on 4@8fps; broken 1 + shared FX,reach_use,"bottom-centre (11,20); keeper floor anchor (16,40)",obj_snooker; shared game chassis/pose,"shared wobble(1px), smoke, intermittent sparks + loose or jammed mechanism",P2,planned,"Mid-tier snooker. Timing/score assistance with visible control. ON: 4-frame game motion. Proposed location (55,0), logical frame 22x20; stable usePoint(-8,0), effectOrigin(0,-20), bubbleOrigin(0,-28), z40. New tier mechanics and names require review; existing names preserved. This station replaces the central activity bay when selected; never draw all stations simultaneously."
games,Games hall,standard,saved random middle slot,True,22x20,games cabinet migration,Snooker; table tennis; darts; table football; board games,"Complete aiming, timing and arithmetic rounds",obj_snooker_t3,interactive_item,3,"PROPOSED, not coded: 15 fun / 8 min",standard;on;broken,standard 1; on 4@8fps; broken 1 + shared FX,reach_use,"bottom-centre (11,20); keeper floor anchor (16,40)",obj_snooker; shared game chassis/pose,"shared wobble(1px), smoke, intermittent sparks + loose or jammed mechanism",P2,planned,"Top-tier snooker. Helpful practice/aiming display; skill still required. ON: 4-frame game motion. Proposed location (55,0), logical frame 22x20; stable usePoint(-8,0), effectOrigin(0,-20), bubbleOrigin(0,-28), z40. New tier mechanics and names require review; existing names preserved. This station replaces the central activity bay when selected; never draw all stations simultaneously."
games,Games hall,standard,saved random middle slot,True,22x20,games cabinet migration,Snooker; table tennis; darts; table football; board games,"Complete aiming, timing and arithmetic rounds",obj_tabletennis,interactive_item,1,"PROPOSED, not coded: 10 fun per successful round / 12 min",standard;on;broken,standard 1; on 4@8fps; broken 1 + shared FX,reach_use,"bottom-centre (11,20); keeper floor anchor (16,40)",obj_tabletennis; shared game chassis/pose,"shared wobble(1px), smoke, intermittent sparks + loose or jammed mechanism",P2,planned,"Basic tabletennis. Manual game surface and basic score display. ON: 4-frame game motion. Proposed location (55,0), logical frame 22x20; stable usePoint(-8,0), effectOrigin(0,-20), bubbleOrigin(0,-28), z40. New tier mechanics and names require review; existing names preserved. This station replaces the central activity bay when selected; never draw all stations simultaneously."
games,Games hall,standard,saved random middle slot,True,22x20,games cabinet migration,Snooker; table tennis; darts; table football; board games,"Complete aiming, timing and arithmetic rounds",obj_tabletennis_t2,interactive_item,2,"PROPOSED, not coded: 13 fun / 10 min",standard;on;broken,standard 1; on 4@8fps; broken 1 + shared FX,reach_use,"bottom-centre (11,20); keeper floor anchor (16,40)",obj_tabletennis; shared game chassis/pose,"shared wobble(1px), smoke, intermittent sparks + loose or jammed mechanism",P2,planned,"Mid-tier tabletennis. Timing/score assistance with visible control. ON: 4-frame game motion. Proposed location (55,0), logical frame 22x20; stable usePoint(-8,0), effectOrigin(0,-20), bubbleOrigin(0,-28), z40. New tier mechanics and names require review; existing names preserved. This station replaces the central activity bay when selected; never draw all stations simultaneously."
games,Games hall,standard,saved random middle slot,True,22x20,games cabinet migration,Snooker; table tennis; darts; table football; board games,"Complete aiming, timing and arithmetic rounds",obj_tabletennis_t3,interactive_item,3,"PROPOSED, not coded: 15 fun / 8 min",standard;on;broken,standard 1; on 4@8fps; broken 1 + shared FX,reach_use,"bottom-centre (11,20); keeper floor anchor (16,40)",obj_tabletennis; shared game chassis/pose,"shared wobble(1px), smoke, intermittent sparks + loose or jammed mechanism",P2,planned,"Top-tier tabletennis. Helpful practice/aiming display; skill still required. ON: 4-frame game motion. Proposed location (55,0), logical frame 22x20; stable usePoint(-8,0), effectOrigin(0,-20), bubbleOrigin(0,-28), z40. New tier mechanics and names require review; existing names preserved. This station replaces the central activity bay when selected; never draw all stations simultaneously."
games,Games hall,standard,saved random middle slot,True,22x20,games cabinet migration,Snooker; table tennis; darts; table football; board games,"Complete aiming, timing and arithmetic rounds",obj_darts,interactive_item,1,"PROPOSED, not coded: 10 fun per successful round / 12 min",standard;on;broken,standard 1; on 4@8fps; broken 1 + shared FX,reach_use,"bottom-centre (11,20); keeper floor anchor (16,40)",obj_darts; shared game chassis/pose,"shared wobble(1px), smoke, intermittent sparks + loose or jammed mechanism",P2,planned,"Basic darts. Manual game surface and basic score display. ON: 4-frame game motion. Proposed location (55,0), logical frame 22x20; stable usePoint(-8,0), effectOrigin(0,-20), bubbleOrigin(0,-28), z40. New tier mechanics and names require review; existing names preserved. This station replaces the central activity bay when selected; never draw all stations simultaneously."
games,Games hall,standard,saved random middle slot,True,22x20,games cabinet migration,Snooker; table tennis; darts; table football; board games,"Complete aiming, timing and arithmetic rounds",obj_darts_t2,interactive_item,2,"PROPOSED, not coded: 13 fun / 10 min",standard;on;broken,standard 1; on 4@8fps; broken 1 + shared FX,reach_use,"bottom-centre (11,20); keeper floor anchor (16,40)",obj_darts; shared game chassis/pose,"shared wobble(1px), smoke, intermittent sparks + loose or jammed mechanism",P2,planned,"Mid-tier darts. Timing/score assistance with visible control. ON: 4-frame game motion. Proposed location (55,0), logical frame 22x20; stable usePoint(-8,0), effectOrigin(0,-20), bubbleOrigin(0,-28), z40. New tier mechanics and names require review; existing names preserved. This station replaces the central activity bay when selected; never draw all stations simultaneously."
games,Games hall,standard,saved random middle slot,True,22x20,games cabinet migration,Snooker; table tennis; darts; table football; board games,"Complete aiming, timing and arithmetic rounds",obj_darts_t3,interactive_item,3,"PROPOSED, not coded: 15 fun / 8 min",standard;on;broken,standard 1; on 4@8fps; broken 1 + shared FX,reach_use,"bottom-centre (11,20); keeper floor anchor (16,40)",obj_darts; shared game chassis/pose,"shared wobble(1px), smoke, intermittent sparks + loose or jammed mechanism",P2,planned,"Top-tier darts. Helpful practice/aiming display; skill still required. ON: 4-frame game motion. Proposed location (55,0), logical frame 22x20; stable usePoint(-8,0), effectOrigin(0,-20), bubbleOrigin(0,-28), z40. New tier mechanics and names require review; existing names preserved. This station replaces the central activity bay when selected; never draw all stations simultaneously."
games,Games hall,standard,saved random middle slot,True,22x20,games cabinet migration,Snooker; table tennis; darts; table football; board games,"Complete aiming, timing and arithmetic rounds",obj_tablefootball,interactive_item,1,"PROPOSED, not coded: 10 fun per successful round / 12 min",standard;on;broken,standard 1; on 4@8fps; broken 1 + shared FX,reach_use,"bottom-centre (11,20); keeper floor anchor (16,40)",obj_tablefootball; shared game chassis/pose,"shared wobble(1px), smoke, intermittent sparks + loose or jammed mechanism",P2,planned,"Basic tablefootball. Manual game surface and basic score display. ON: 4-frame game motion. Proposed location (55,0), logical frame 22x20; stable usePoint(-8,0), effectOrigin(0,-20), bubbleOrigin(0,-28), z40. New tier mechanics and names require review; existing names preserved. This station replaces the central activity bay when selected; never draw all stations simultaneously."
games,Games hall,standard,saved random middle slot,True,22x20,games cabinet migration,Snooker; table tennis; darts; table football; board games,"Complete aiming, timing and arithmetic rounds",obj_tablefootball_t2,interactive_item,2,"PROPOSED, not coded: 13 fun / 10 min",standard;on;broken,standard 1; on 4@8fps; broken 1 + shared FX,reach_use,"bottom-centre (11,20); keeper floor anchor (16,40)",obj_tablefootball; shared game chassis/pose,"shared wobble(1px), smoke, intermittent sparks + loose or jammed mechanism",P2,planned,"Mid-tier tablefootball. Timing/score assistance with visible control. ON: 4-frame game motion. Proposed location (55,0), logical frame 22x20; stable usePoint(-8,0), effectOrigin(0,-20), bubbleOrigin(0,-28), z40. New tier mechanics and names require review; existing names preserved. This station replaces the central activity bay when selected; never draw all stations simultaneously."
games,Games hall,standard,saved random middle slot,True,22x20,games cabinet migration,Snooker; table tennis; darts; table football; board games,"Complete aiming, timing and arithmetic rounds",obj_tablefootball_t3,interactive_item,3,"PROPOSED, not coded: 15 fun / 8 min",standard;on;broken,standard 1; on 4@8fps; broken 1 + shared FX,reach_use,"bottom-centre (11,20); keeper floor anchor (16,40)",obj_tablefootball; shared game chassis/pose,"shared wobble(1px), smoke, intermittent sparks + loose or jammed mechanism",P2,planned,"Top-tier tablefootball. Helpful practice/aiming display; skill still required. ON: 4-frame game motion. Proposed location (55,0), logical frame 22x20; stable usePoint(-8,0), effectOrigin(0,-20), bubbleOrigin(0,-28), z40. New tier mechanics and names require review; existing names preserved. This station replaces the central activity bay when selected; never draw all stations simultaneously."
games,Games hall,standard,saved random middle slot,True,22x20,games cabinet migration,Snooker; table tennis; darts; table football; board games,"Complete aiming, timing and arithmetic rounds",obj_boardgames,interactive_item,1,"PROPOSED, not coded: 10 fun per successful round / 12 min",standard;on;broken,standard 1; on 4@8fps; broken 1 + shared FX,reach_use,"bottom-centre (11,20); keeper floor anchor (16,40)",obj_boardgames; shared game chassis/pose,"shared wobble(1px), smoke, intermittent sparks + loose or jammed mechanism",P2,planned,"Basic boardgames. Manual game surface and basic score display. ON: 4-frame game motion. Proposed location (55,0), logical frame 22x20; stable usePoint(-8,0), effectOrigin(0,-20), bubbleOrigin(0,-28), z40. New tier mechanics and names require review; existing names preserved. This station replaces the central activity bay when selected; never draw all stations simultaneously."
games,Games hall,standard,saved random middle slot,True,22x20,games cabinet migration,Snooker; table tennis; darts; table football; board games,"Complete aiming, timing and arithmetic rounds",obj_boardgames_t2,interactive_item,2,"PROPOSED, not coded: 13 fun / 10 min",standard;on;broken,standard 1; on 4@8fps; broken 1 + shared FX,reach_use,"bottom-centre (11,20); keeper floor anchor (16,40)",obj_boardgames; shared game chassis/pose,"shared wobble(1px), smoke, intermittent sparks + loose or jammed mechanism",P2,planned,"Mid-tier boardgames. Timing/score assistance with visible control. ON: 4-frame game motion. Proposed location (55,0), logical frame 22x20; stable usePoint(-8,0), effectOrigin(0,-20), bubbleOrigin(0,-28), z40. New tier mechanics and names require review; existing names preserved. This station replaces the central activity bay when selected; never draw all stations simultaneously."
games,Games hall,standard,saved random middle slot,True,22x20,games cabinet migration,Snooker; table tennis; darts; table football; board games,"Complete aiming, timing and arithmetic rounds",obj_boardgames_t3,interactive_item,3,"PROPOSED, not coded: 15 fun / 8 min",standard;on;broken,standard 1; on 4@8fps; broken 1 + shared FX,reach_use,"bottom-centre (11,20); keeper floor anchor (16,40)",obj_boardgames; shared game chassis/pose,"shared wobble(1px), smoke, intermittent sparks + loose or jammed mechanism",P2,planned,"Top-tier boardgames. Helpful practice/aiming display; skill still required. ON: 4-frame game motion. Proposed location (55,0), logical frame 22x20; stable usePoint(-8,0), effectOrigin(0,-20), bubbleOrigin(0,-28), z40. New tier mechanics and names require review; existing names preserved. This station replaces the central activity bay when selected; never draw all stations simultaneously."
games,Games hall,standard,saved random middle slot,True,12x12,games cabinet migration,Snooker; table tennis; darts; table football; board games,"Complete aiming, timing and arithmetic rounds",prop_cues,dressing_or_activity_prop,1,Supports Snooker; table tennis; darts; table football; board games; single tier,standard,1,reach_use,bottom-centre; water surface top-left,shared prop_cues,not independently interactive; no repair tier,P2,planned,Separate prop; do not bake interactive furniture into plates. Exact final appearance proposal.
games,Games hall,standard,saved random middle slot,True,12x12,games cabinet migration,Snooker; table tennis; darts; table football; board games,"Complete aiming, timing and arithmetic rounds",prop_balls,dressing_or_activity_prop,1,Supports Snooker; table tennis; darts; table football; board games; single tier,standard,1,reach_use,bottom-centre; water surface top-left,shared prop_balls,not independently interactive; no repair tier,P2,planned,Separate prop; do not bake interactive furniture into plates. Exact final appearance proposal.
games,Games hall,standard,saved random middle slot,True,12x12,games cabinet migration,Snooker; table tennis; darts; table football; board games,"Complete aiming, timing and arithmetic rounds",prop_paddles,dressing_or_activity_prop,1,Supports Snooker; table tennis; darts; table football; board games; single tier,standard,1,reach_use,bottom-centre; water surface top-left,shared prop_paddles,not independently interactive; no repair tier,P2,planned,Separate prop; do not bake interactive furniture into plates. Exact final appearance proposal.
games,Games hall,standard,saved random middle slot,True,12x12,games cabinet migration,Snooker; table tennis; darts; table football; board games,"Complete aiming, timing and arithmetic rounds",prop_scoreboard,dressing_or_activity_prop,1,Supports Snooker; table tennis; darts; table football; board games; single tier,standard,1,reach_use,bottom-centre; water surface top-left,shared prop_scoreboard,not independently interactive; no repair tier,P2,planned,Separate prop; do not bake interactive furniture into plates. Exact final appearance proposal.
games,Games hall,standard,saved random middle slot,True,32x40,games cabinet migration,Snooker; table tennis; darts; table football; board games,"Complete aiming, timing and arithmetic rounds",keeper_greet,keeper_clip,0,Reusable task pose,on,5@8fps,greet,"floor (16,40); neck (16,11); shoulders (10,15)/(22,15); hips (13,25)/(19,25)",shared keeper_greet,not repairable,P2,planned,32x40 aligned frames; hand-drawn angles and integer translation; no arbitrary raster rotation.
games,Games hall,standard,saved random middle slot,True,32x40,games cabinet migration,Snooker; table tennis; darts; table football; board games,"Complete aiming, timing and arithmetic rounds",keeper_idle,keeper_clip,0,Reusable task pose,on,4@6fps,idle,"floor (16,40); neck (16,11); shoulders (10,15)/(22,15); hips (13,25)/(19,25)",shared keeper_idle,not repairable,P2,delivered-review,32x40 aligned frames; hand-drawn angles and integer translation; no arbitrary raster rotation.
games,Games hall,standard,saved random middle slot,True,32x40,games cabinet migration,Snooker; table tennis; darts; table football; board games,"Complete aiming, timing and arithmetic rounds",keeper_reach_use,keeper_clip,0,Reusable task pose,on,5@10fps,reach_use,"floor (16,40); neck (16,11); shoulders (10,15)/(22,15); hips (13,25)/(19,25)",shared keeper_reach_use,not repairable,P2,planned,32x40 aligned frames; hand-drawn angles and integer translation; no arbitrary raster rotation.
games,Games hall,standard,saved random middle slot,True,32x40,games cabinet migration,Snooker; table tennis; darts; table football; board games,"Complete aiming, timing and arithmetic rounds",keeper_shrug,keeper_clip,0,Reusable task pose,on,4@8fps,shrug,"floor (16,40); neck (16,11); shoulders (10,15)/(22,15); hips (13,25)/(19,25)",shared keeper_shrug,not repairable,P2,planned,32x40 aligned frames; hand-drawn angles and integer translation; no arbitrary raster rotation.
games,Games hall,standard,saved random middle slot,True,32x40,games cabinet migration,Snooker; table tennis; darts; table football; board games,"Complete aiming, timing and arithmetic rounds",keeper_walk,keeper_clip,0,Reusable task pose,on,8@10fps,walk,"floor (16,40); neck (16,11); shoulders (10,15)/(22,15); hips (13,25)/(19,25)",shared keeper_walk,not repairable,P2,delivered-review,32x40 aligned frames; hand-drawn angles and integer translation; no arbitrary raster rotation.
games,Games hall,standard,saved random middle slot,True,12x16,games cabinet migration,Snooker; table tennis; darts; table football; board games,"Complete aiming, timing and arithmetic rounds",fx_broken_smoke,shared_effect,0,Reusable fault/reveal feedback,on,8@8fps,none,"[6, 16]",fx_broken_smoke,overlay; does not move anchors,P2,delivered-review,FX shared; casing/body motion is separately integer-safe.
games,Games hall,standard,saved random middle slot,True,12x12,games cabinet migration,Snooker; table tennis; darts; table football; board games,"Complete aiming, timing and arithmetic rounds",fx_broken_sparks,shared_effect,0,Reusable fault/reveal feedback,on,6@12fps,none,"[6, 6]",fx_broken_sparks,overlay; does not move anchors,P2,delivered-review,FX shared; casing/body motion is separately integer-safe.
games,Games hall,standard,saved random middle slot,True,64x64,games cabinet migration,Snooker; table tennis; darts; table football; board games,"Complete aiming, timing and arithmetic rounds",fx_floor_arrival_smoke,shared_effect,0,Reusable fault/reveal feedback,on,8@12fps,none,"[32, 64]",fx_floor_arrival_smoke,overlay; does not move anchors,P2,planned,FX shared; casing/body motion is separately integer-safe.
games,Games hall,standard,saved random middle slot,True,16x16,games cabinet migration,Snooker; table tennis; darts; table football; board games,"Complete aiming, timing and arithmetic rounds",fx_shine,shared_effect,0,Reusable fault/reveal feedback,on,4@8fps,none,"[8, 16]",fx_shine,overlay; does not move anchors,P2,planned,FX shared; casing/body motion is separately integer-safe.
playroom,Playroom,standard,saved random middle slot,True,105x35,none,Ball-pit search; soft play; trampoline timing,Find clue ball; traverse short course; time bounce,room_playroom,room_plate,0,Separate structure; enables activities below,standard,1,none,"top-left (0,0); floor y=35",room timber/stone/tile palette; no furniture,structure faults use separate interactive components,P2,planned,Pit left; soft obstacles centre; trampoline right; approved idea; source: docs/EXPANSION_DESIGN.md
playroom,Playroom,standard,saved random middle slot,True,5x35,none,Ball-pit search; soft play; trampoline timing,Find clue ball; traverse short course; time bounce,seam_standard,structural_kit,0,Connect without resizing furniture,standard,1,none,integer parent seam; walking-plane y=0,shared wall/beam/pipe segments,none; parent component controls faults,P2,planned,Core remains 110x35; 105x35 plate; world-Y stripes. Extensions consume no standard slot.
playroom,Playroom,standard,saved random middle slot,True,22x20,none,Ball-pit search; soft play; trampoline timing,Find clue ball; traverse short course; time bounce,obj_ballpit,interactive_item,1,"PROPOSED, not coded: 1 searchable compartment / 15 min",standard;on;broken,standard 1; on 4@8fps; broken 1 + shared FX,reach_use,"bottom-centre (11,20); keeper floor anchor (16,40)",obj_ballpit; shared search chassis/pose,"shared wobble(1px), smoke, intermittent sparks + stuck drawer",P2,planned,"Basic ballpit. Basic: simple manual mechanism and few visible controls. ON: 4-frame searching. Proposed location (15,0), logical frame 22x20; stable usePoint(-8,0), effectOrigin(0,-20), bubbleOrigin(0,-28), z40. New tier mechanics and names require review; existing names preserved."
playroom,Playroom,standard,saved random middle slot,True,22x20,none,Ball-pit search; soft play; trampoline timing,Find clue ball; traverse short course; time bounce,obj_ballpit_t2,interactive_item,2,"PROPOSED, not coded: 2 compartments / 13 min",standard;on;broken,standard 1; on 4@8fps; broken 1 + shared FX,reach_use,"bottom-centre (11,20); keeper floor anchor (16,40)",obj_ballpit; shared search chassis/pose,"shared wobble(1px), smoke, intermittent sparks + stuck drawer",P2,planned,"Mid-tier ballpit. Mid: sturdier housing; second visible functional control and clear status indicator. ON: 4-frame searching. Proposed location (15,0), logical frame 22x20; stable usePoint(-8,0), effectOrigin(0,-20), bubbleOrigin(0,-28), z40. New tier mechanics and names require review; existing names preserved."
playroom,Playroom,standard,saved random middle slot,True,22x20,none,Ball-pit search; soft play; trampoline timing,Find clue ball; traverse short course; time bounce,obj_ballpit_t3,interactive_item,3,"PROPOSED, not coded: 3 compartments / 11 min",standard;on;broken,standard 1; on 4@8fps; broken 1 + shared FX,reach_use,"bottom-centre (11,20); keeper floor anchor (16,40)",obj_ballpit; shared search chassis/pose,"shared wobble(1px), smoke, intermittent sparks + stuck drawer",P2,planned,"Top-tier ballpit. Top: automatic mechanism; readable capacity/output gauge; same anchor and frame bounds. ON: 4-frame searching. Proposed location (15,0), logical frame 22x20; stable usePoint(-8,0), effectOrigin(0,-20), bubbleOrigin(0,-28), z40. New tier mechanics and names require review; existing names preserved."
playroom,Playroom,standard,saved random middle slot,True,22x20,none,Ball-pit search; soft play; trampoline timing,Find clue ball; traverse short course; time bounce,obj_softplay,interactive_item,1,"PROPOSED, not coded: 10 fun per successful round / 12 min",standard;on;broken,standard 1; on 4@8fps; broken 1 + shared FX,reach_use,"bottom-centre (11,20); keeper floor anchor (16,40)",obj_softplay; shared game chassis/pose,"shared wobble(1px), smoke, intermittent sparks + loose or jammed mechanism",P2,planned,"Basic softplay. Manual game surface and basic score display. ON: 4-frame game motion. Proposed location (41,0), logical frame 22x20; stable usePoint(-8,0), effectOrigin(0,-20), bubbleOrigin(0,-28), z40. New tier mechanics and names require review; existing names preserved."
playroom,Playroom,standard,saved random middle slot,True,22x20,none,Ball-pit search; soft play; trampoline timing,Find clue ball; traverse short course; time bounce,obj_softplay_t2,interactive_item,2,"PROPOSED, not coded: 13 fun / 10 min",standard;on;broken,standard 1; on 4@8fps; broken 1 + shared FX,reach_use,"bottom-centre (11,20); keeper floor anchor (16,40)",obj_softplay; shared game chassis/pose,"shared wobble(1px), smoke, intermittent sparks + loose or jammed mechanism",P2,planned,"Mid-tier softplay. Timing/score assistance with visible control. ON: 4-frame game motion. Proposed location (41,0), logical frame 22x20; stable usePoint(-8,0), effectOrigin(0,-20), bubbleOrigin(0,-28), z40. New tier mechanics and names require review; existing names preserved."
playroom,Playroom,standard,saved random middle slot,True,22x20,none,Ball-pit search; soft play; trampoline timing,Find clue ball; traverse short course; time bounce,obj_softplay_t3,interactive_item,3,"PROPOSED, not coded: 15 fun / 8 min",standard;on;broken,standard 1; on 4@8fps; broken 1 + shared FX,reach_use,"bottom-centre (11,20); keeper floor anchor (16,40)",obj_softplay; shared game chassis/pose,"shared wobble(1px), smoke, intermittent sparks + loose or jammed mechanism",P2,planned,"Top-tier softplay. Helpful practice/aiming display; skill still required. ON: 4-frame game motion. Proposed location (41,0), logical frame 22x20; stable usePoint(-8,0), effectOrigin(0,-20), bubbleOrigin(0,-28), z40. New tier mechanics and names require review; existing names preserved."
playroom,Playroom,standard,saved random middle slot,True,22x20,none,Ball-pit search; soft play; trampoline timing,Find clue ball; traverse short course; time bounce,obj_trampoline,interactive_item,1,"PROPOSED, not coded: 10 fun per successful round / 12 min",standard;on;broken,standard 1; on 4@8fps; broken 1 + shared FX,reach_use,"bottom-centre (11,20); keeper floor anchor (16,40)",obj_trampoline; shared game chassis/pose,"shared wobble(1px), smoke, intermittent sparks + loose or jammed mechanism",P2,planned,"Basic trampoline. Manual game surface and basic score display. ON: 4-frame game motion. Proposed location (67,0), logical frame 22x20; stable usePoint(-8,0), effectOrigin(0,-20), bubbleOrigin(0,-28), z40. New tier mechanics and names require review; existing names preserved."
playroom,Playroom,standard,saved random middle slot,True,22x20,none,Ball-pit search; soft play; trampoline timing,Find clue ball; traverse short course; time bounce,obj_trampoline_t2,interactive_item,2,"PROPOSED, not coded: 13 fun / 10 min",standard;on;broken,standard 1; on 4@8fps; broken 1 + shared FX,reach_use,"bottom-centre (11,20); keeper floor anchor (16,40)",obj_trampoline; shared game chassis/pose,"shared wobble(1px), smoke, intermittent sparks + loose or jammed mechanism",P2,planned,"Mid-tier trampoline. Timing/score assistance with visible control. ON: 4-frame game motion. Proposed location (67,0), logical frame 22x20; stable usePoint(-8,0), effectOrigin(0,-20), bubbleOrigin(0,-28), z40. New tier mechanics and names require review; existing names preserved."
playroom,Playroom,standard,saved random middle slot,True,22x20,none,Ball-pit search; soft play; trampoline timing,Find clue ball; traverse short course; time bounce,obj_trampoline_t3,interactive_item,3,"PROPOSED, not coded: 15 fun / 8 min",standard;on;broken,standard 1; on 4@8fps; broken 1 + shared FX,reach_use,"bottom-centre (11,20); keeper floor anchor (16,40)",obj_trampoline; shared game chassis/pose,"shared wobble(1px), smoke, intermittent sparks + loose or jammed mechanism",P2,planned,"Top-tier trampoline. Helpful practice/aiming display; skill still required. ON: 4-frame game motion. Proposed location (67,0), logical frame 22x20; stable usePoint(-8,0), effectOrigin(0,-20), bubbleOrigin(0,-28), z40. New tier mechanics and names require review; existing names preserved."
playroom,Playroom,standard,saved random middle slot,True,12x12,none,Ball-pit search; soft play; trampoline timing,Find clue ball; traverse short course; time bounce,prop_colour_balls,dressing_or_activity_prop,1,Supports Ball-pit search; soft play; trampoline timing; single tier,standard,1,reach_use,bottom-centre; water surface top-left,shared prop_colour_balls,not independently interactive; no repair tier,P2,planned,Separate prop; do not bake interactive furniture into plates. Exact final appearance proposal.
playroom,Playroom,standard,saved random middle slot,True,12x12,none,Ball-pit search; soft play; trampoline timing,Find clue ball; traverse short course; time bounce,prop_padded_blocks,dressing_or_activity_prop,1,Supports Ball-pit search; soft play; trampoline timing; single tier,standard,1,reach_use,bottom-centre; water surface top-left,shared prop_padded_blocks,not independently interactive; no repair tier,P2,planned,Separate prop; do not bake interactive furniture into plates. Exact final appearance proposal.
playroom,Playroom,standard,saved random middle slot,True,32x40,none,Ball-pit search; soft play; trampoline timing,Find clue ball; traverse short course; time bounce,keeper_greet,keeper_clip,0,Reusable task pose,on,5@8fps,greet,"floor (16,40); neck (16,11); shoulders (10,15)/(22,15); hips (13,25)/(19,25)",shared keeper_greet,not repairable,P2,planned,32x40 aligned frames; hand-drawn angles and integer translation; no arbitrary raster rotation.
playroom,Playroom,standard,saved random middle slot,True,32x40,none,Ball-pit search; soft play; trampoline timing,Find clue ball; traverse short course; time bounce,keeper_idle,keeper_clip,0,Reusable task pose,on,4@6fps,idle,"floor (16,40); neck (16,11); shoulders (10,15)/(22,15); hips (13,25)/(19,25)",shared keeper_idle,not repairable,P2,delivered-review,32x40 aligned frames; hand-drawn angles and integer translation; no arbitrary raster rotation.
playroom,Playroom,standard,saved random middle slot,True,32x40,none,Ball-pit search; soft play; trampoline timing,Find clue ball; traverse short course; time bounce,keeper_reach_use,keeper_clip,0,Reusable task pose,on,5@10fps,reach_use,"floor (16,40); neck (16,11); shoulders (10,15)/(22,15); hips (13,25)/(19,25)",shared keeper_reach_use,not repairable,P2,planned,32x40 aligned frames; hand-drawn angles and integer translation; no arbitrary raster rotation.
playroom,Playroom,standard,saved random middle slot,True,32x40,none,Ball-pit search; soft play; trampoline timing,Find clue ball; traverse short course; time bounce,keeper_shrug,keeper_clip,0,Reusable task pose,on,4@8fps,shrug,"floor (16,40); neck (16,11); shoulders (10,15)/(22,15); hips (13,25)/(19,25)",shared keeper_shrug,not repairable,P2,planned,32x40 aligned frames; hand-drawn angles and integer translation; no arbitrary raster rotation.
playroom,Playroom,standard,saved random middle slot,True,32x40,none,Ball-pit search; soft play; trampoline timing,Find clue ball; traverse short course; time bounce,keeper_walk,keeper_clip,0,Reusable task pose,on,8@10fps,walk,"floor (16,40); neck (16,11); shoulders (10,15)/(22,15); hips (13,25)/(19,25)",shared keeper_walk,not repairable,P2,delivered-review,32x40 aligned frames; hand-drawn angles and integer translation; no arbitrary raster rotation.
playroom,Playroom,standard,saved random middle slot,True,12x16,none,Ball-pit search; soft play; trampoline timing,Find clue ball; traverse short course; time bounce,fx_broken_smoke,shared_effect,0,Reusable fault/reveal feedback,on,8@8fps,none,"[6, 16]",fx_broken_smoke,overlay; does not move anchors,P2,delivered-review,FX shared; casing/body motion is separately integer-safe.
playroom,Playroom,standard,saved random middle slot,True,12x12,none,Ball-pit search; soft play; trampoline timing,Find clue ball; traverse short course; time bounce,fx_broken_sparks,shared_effect,0,Reusable fault/reveal feedback,on,6@12fps,none,"[6, 6]",fx_broken_sparks,overlay; does not move anchors,P2,delivered-review,FX shared; casing/body motion is separately integer-safe.
playroom,Playroom,standard,saved random middle slot,True,64x64,none,Ball-pit search; soft play; trampoline timing,Find clue ball; traverse short course; time bounce,fx_floor_arrival_smoke,shared_effect,0,Reusable fault/reveal feedback,on,8@12fps,none,"[32, 64]",fx_floor_arrival_smoke,overlay; does not move anchors,P2,planned,FX shared; casing/body motion is separately integer-safe.
playroom,Playroom,standard,saved random middle slot,True,16x16,none,Ball-pit search; soft play; trampoline timing,Find clue ball; traverse short course; time bounce,fx_shine,shared_effect,0,Reusable fault/reveal feedback,on,4@8fps,none,"[8, 16]",fx_shine,overlay; does not move anchors,P2,planned,FX shared; casing/body motion is separately integer-safe.
imagination,Imagination / themed room,standard,saved random middle slot,True,105x35,curated theme unlocks,Six scene puzzles on a reusable stage,Discover theme clue; complete its bespoke puzzle,room_imagination,room_plate,0,Separate structure; enables activities below,standard,1,none,"top-left (0,0); floor y=35",room timber/stone/tile palette; no furniture,structure faults use separate interactive components,P2,planned,One 105x35 interchangeable set; clear movement lane; control pedestal; review: theme selection and reward rules; source: docs/EXPANSION_DESIGN.md
imagination,Imagination / themed room,standard,saved random middle slot,True,5x35,curated theme unlocks,Six scene puzzles on a reusable stage,Discover theme clue; complete its bespoke puzzle,seam_standard,structural_kit,0,Connect without resizing furniture,standard,1,none,integer parent seam; walking-plane y=0,shared wall/beam/pipe segments,none; parent component controls faults,P2,planned,Core remains 110x35; 105x35 plate; world-Y stripes. Extensions consume no standard slot.
imagination,Imagination / themed room,standard,saved random middle slot,True,22x20,curated theme unlocks,Six scene puzzles on a reusable stage,Discover theme clue; complete its bespoke puzzle,obj_themecontrol,interactive_item,1,"PROPOSED, not coded: 10 fun per successful round / 12 min",standard;on;broken,standard 1; on 4@8fps; broken 1 + shared FX,reach_use,"bottom-centre (11,20); keeper floor anchor (16,40)",obj_themecontrol; shared game chassis/pose,"shared wobble(1px), smoke, intermittent sparks + loose or jammed mechanism",P2,planned,"Basic themecontrol. Manual game surface and basic score display. ON: 4-frame game motion. Proposed location (15,0), logical frame 22x20; stable usePoint(-8,0), effectOrigin(0,-20), bubbleOrigin(0,-28), z40. New tier mechanics and names require review; existing names preserved."
imagination,Imagination / themed room,standard,saved random middle slot,True,22x20,curated theme unlocks,Six scene puzzles on a reusable stage,Discover theme clue; complete its bespoke puzzle,obj_themecontrol_t2,interactive_item,2,"PROPOSED, not coded: 13 fun / 10 min",standard;on;broken,standard 1; on 4@8fps; broken 1 + shared FX,reach_use,"bottom-centre (11,20); keeper floor anchor (16,40)",obj_themecontrol; shared game chassis/pose,"shared wobble(1px), smoke, intermittent sparks + loose or jammed mechanism",P2,planned,"Mid-tier themecontrol. Timing/score assistance with visible control. ON: 4-frame game motion. Proposed location (15,0), logical frame 22x20; stable usePoint(-8,0), effectOrigin(0,-20), bubbleOrigin(0,-28), z40. New tier mechanics and names require review; existing names preserved."
imagination,Imagination / themed room,standard,saved random middle slot,True,22x20,curated theme unlocks,Six scene puzzles on a reusable stage,Discover theme clue; complete its bespoke puzzle,obj_themecontrol_t3,interactive_item,3,"PROPOSED, not coded: 15 fun / 8 min",standard;on;broken,standard 1; on 4@8fps; broken 1 + shared FX,reach_use,"bottom-centre (11,20); keeper floor anchor (16,40)",obj_themecontrol; shared game chassis/pose,"shared wobble(1px), smoke, intermittent sparks + loose or jammed mechanism",P2,planned,"Top-tier themecontrol. Helpful practice/aiming display; skill still required. ON: 4-frame game motion. Proposed location (15,0), logical frame 22x20; stable usePoint(-8,0), effectOrigin(0,-20), bubbleOrigin(0,-28), z40. New tier mechanics and names require review; existing names preserved."
imagination,Imagination / themed room,standard,saved random middle slot,True,12x12,curated theme unlocks,Six scene puzzles on a reusable stage,Discover theme clue; complete its bespoke puzzle,prop_scene_slots,dressing_or_activity_prop,1,Supports Six scene puzzles on a reusable stage; single tier,standard,1,reach_use,bottom-centre; water surface top-left,shared prop_scene_slots,not independently interactive; no repair tier,P2,planned,Separate prop; do not bake interactive furniture into plates. Exact final appearance proposal.
imagination,Imagination / themed room,standard,saved random middle slot,True,32x40,curated theme unlocks,Six scene puzzles on a reusable stage,Discover theme clue; complete its bespoke puzzle,keeper_greet,keeper_clip,0,Reusable task pose,on,5@8fps,greet,"floor (16,40); neck (16,11); shoulders (10,15)/(22,15); hips (13,25)/(19,25)",shared keeper_greet,not repairable,P2,planned,32x40 aligned frames; hand-drawn angles and integer translation; no arbitrary raster rotation.
imagination,Imagination / themed room,standard,saved random middle slot,True,32x40,curated theme unlocks,Six scene puzzles on a reusable stage,Discover theme clue; complete its bespoke puzzle,keeper_idle,keeper_clip,0,Reusable task pose,on,4@6fps,idle,"floor (16,40); neck (16,11); shoulders (10,15)/(22,15); hips (13,25)/(19,25)",shared keeper_idle,not repairable,P2,delivered-review,32x40 aligned frames; hand-drawn angles and integer translation; no arbitrary raster rotation.
imagination,Imagination / themed room,standard,saved random middle slot,True,32x40,curated theme unlocks,Six scene puzzles on a reusable stage,Discover theme clue; complete its bespoke puzzle,keeper_reach_use,keeper_clip,0,Reusable task pose,on,5@10fps,reach_use,"floor (16,40); neck (16,11); shoulders (10,15)/(22,15); hips (13,25)/(19,25)",shared keeper_reach_use,not repairable,P2,planned,32x40 aligned frames; hand-drawn angles and integer translation; no arbitrary raster rotation.
imagination,Imagination / themed room,standard,saved random middle slot,True,32x40,curated theme unlocks,Six scene puzzles on a reusable stage,Discover theme clue; complete its bespoke puzzle,keeper_shrug,keeper_clip,0,Reusable task pose,on,4@8fps,shrug,"floor (16,40); neck (16,11); shoulders (10,15)/(22,15); hips (13,25)/(19,25)",shared keeper_shrug,not repairable,P2,planned,32x40 aligned frames; hand-drawn angles and integer translation; no arbitrary raster rotation.
imagination,Imagination / themed room,standard,saved random middle slot,True,32x40,curated theme unlocks,Six scene puzzles on a reusable stage,Discover theme clue; complete its bespoke puzzle,keeper_walk,keeper_clip,0,Reusable task pose,on,8@10fps,walk,"floor (16,40); neck (16,11); shoulders (10,15)/(22,15); hips (13,25)/(19,25)",shared keeper_walk,not repairable,P2,delivered-review,32x40 aligned frames; hand-drawn angles and integer translation; no arbitrary raster rotation.
imagination,Imagination / themed room,standard,saved random middle slot,True,12x16,curated theme unlocks,Six scene puzzles on a reusable stage,Discover theme clue; complete its bespoke puzzle,fx_broken_smoke,shared_effect,0,Reusable fault/reveal feedback,on,8@8fps,none,"[6, 16]",fx_broken_smoke,overlay; does not move anchors,P2,delivered-review,FX shared; casing/body motion is separately integer-safe.
imagination,Imagination / themed room,standard,saved random middle slot,True,12x12,curated theme unlocks,Six scene puzzles on a reusable stage,Discover theme clue; complete its bespoke puzzle,fx_broken_sparks,shared_effect,0,Reusable fault/reveal feedback,on,6@12fps,none,"[6, 6]",fx_broken_sparks,overlay; does not move anchors,P2,delivered-review,FX shared; casing/body motion is separately integer-safe.
imagination,Imagination / themed room,standard,saved random middle slot,True,64x64,curated theme unlocks,Six scene puzzles on a reusable stage,Discover theme clue; complete its bespoke puzzle,fx_floor_arrival_smoke,shared_effect,0,Reusable fault/reveal feedback,on,8@12fps,none,"[32, 64]",fx_floor_arrival_smoke,overlay; does not move anchors,P2,planned,FX shared; casing/body motion is separately integer-safe.
imagination,Imagination / themed room,standard,saved random middle slot,True,16x16,curated theme unlocks,Six scene puzzles on a reusable stage,Discover theme clue; complete its bespoke puzzle,fx_shine,shared_effect,0,Reusable fault/reveal feedback,on,4@8fps,none,"[8, 16]",fx_shine,overlay; does not move anchors,P2,planned,FX shared; casing/body motion is separately integer-safe.
zero_gravity,Zero-gravity room,standard,saved random middle slot,True,105x35,observatory; stored power,Float rings; orbit puzzle; recover floating items; astronaut training,Solve orbit sequence; reserve battery power; pass short floating course,room_zero_gravity,room_plate,0,Separate structure; enables activities below,standard,1,none,"top-left (0,0); floor y=35",room timber/stone/tile palette; no furniture,structure faults use separate interactive components,P2,planned,Sealed entrance left; rings centre; padded nets and controls right; review: power unit and costume silhouette; source: docs/EXPANSION_DESIGN.md
zero_gravity,Zero-gravity room,standard,saved random middle slot,True,5x35,observatory; stored power,Float rings; orbit puzzle; recover floating items; astronaut training,Solve orbit sequence; reserve battery power; pass short floating course,seam_standard,structural_kit,0,Connect without resizing furniture,standard,1,none,integer parent seam; walking-plane y=0,shared wall/beam/pipe segments,none; parent component controls faults,P2,planned,Core remains 110x35; 105x35 plate; world-Y stripes. Extensions consume no standard slot.
zero_gravity,Zero-gravity room,standard,saved random middle slot,True,22x20,observatory; stored power,Float rings; orbit puzzle; recover floating items; astronaut training,Solve orbit sequence; reserve battery power; pass short floating course,obj_gravitycontrol,interactive_item,1,"PROPOSED, not coded: 10 game min float time per charge",standard;on;broken,standard 1; on 4@8fps; broken 1 + shared FX,reach_use,"bottom-centre (11,20); keeper floor anchor (16,40)",obj_gravitycontrol; shared power chassis/pose,"shared wobble(1px), smoke, intermittent sparks + cracked cable or stalled motor",P2,planned,"Basic gravitycontrol. Small manual panel/battery/motor with one status lamp. ON: 4-frame status lights. Proposed location (15,0), logical frame 22x20; stable usePoint(-8,0), effectOrigin(0,-20), bubbleOrigin(0,-28), z40. New tier mechanics and names require review; existing names preserved."
zero_gravity,Zero-gravity room,standard,saved random middle slot,True,22x20,observatory; stored power,Float rings; orbit puzzle; recover floating items; astronaut training,Solve orbit sequence; reserve battery power; pass short floating course,obj_gravitycontrol_t2,interactive_item,2,"PROPOSED, not coded: 20 min per charge",standard;on;broken,standard 1; on 4@8fps; broken 1 + shared FX,reach_use,"bottom-centre (11,20); keeper floor anchor (16,40)",obj_gravitycontrol; shared power chassis/pose,"shared wobble(1px), smoke, intermittent sparks + cracked cable or stalled motor",P2,planned,"Mid-tier gravitycontrol. Larger working surface and second capacity band. ON: 4-frame status lights. Proposed location (15,0), logical frame 22x20; stable usePoint(-8,0), effectOrigin(0,-20), bubbleOrigin(0,-28), z40. New tier mechanics and names require review; existing names preserved."
zero_gravity,Zero-gravity room,standard,saved random middle slot,True,22x20,observatory; stored power,Float rings; orbit puzzle; recover floating items; astronaut training,Solve orbit sequence; reserve battery power; pass short floating course,obj_gravitycontrol_t3,interactive_item,3,"PROPOSED, not coded: 30 min per charge",standard;on;broken,standard 1; on 4@8fps; broken 1 + shared FX,reach_use,"bottom-centre (11,20); keeper floor anchor (16,40)",obj_gravitycontrol; shared power chassis/pose,"shared wobble(1px), smoke, intermittent sparks + cracked cable or stalled motor",P2,planned,"Top-tier gravitycontrol. Automatic controller and three output bands. ON: 4-frame status lights. Proposed location (15,0), logical frame 22x20; stable usePoint(-8,0), effectOrigin(0,-20), bubbleOrigin(0,-28), z40. New tier mechanics and names require review; existing names preserved."
zero_gravity,Zero-gravity room,standard,saved random middle slot,True,22x20,observatory; stored power,Float rings; orbit puzzle; recover floating items; astronaut training,Solve orbit sequence; reserve battery power; pass short floating course,obj_orbitboard,interactive_item,1,"PROPOSED, not coded: 10 fun per successful round / 12 min",standard;on;broken,standard 1; on 4@8fps; broken 1 + shared FX,reach_use,"bottom-centre (11,20); keeper floor anchor (16,40)",obj_orbitboard; shared game chassis/pose,"shared wobble(1px), smoke, intermittent sparks + loose or jammed mechanism",P2,planned,"Basic orbitboard. Manual game surface and basic score display. ON: 4-frame game motion. Proposed location (41,0), logical frame 22x20; stable usePoint(-8,0), effectOrigin(0,-20), bubbleOrigin(0,-28), z40. New tier mechanics and names require review; existing names preserved."
zero_gravity,Zero-gravity room,standard,saved random middle slot,True,22x20,observatory; stored power,Float rings; orbit puzzle; recover floating items; astronaut training,Solve orbit sequence; reserve battery power; pass short floating course,obj_orbitboard_t2,interactive_item,2,"PROPOSED, not coded: 13 fun / 10 min",standard;on;broken,standard 1; on 4@8fps; broken 1 + shared FX,reach_use,"bottom-centre (11,20); keeper floor anchor (16,40)",obj_orbitboard; shared game chassis/pose,"shared wobble(1px), smoke, intermittent sparks + loose or jammed mechanism",P2,planned,"Mid-tier orbitboard. Timing/score assistance with visible control. ON: 4-frame game motion. Proposed location (41,0), logical frame 22x20; stable usePoint(-8,0), effectOrigin(0,-20), bubbleOrigin(0,-28), z40. New tier mechanics and names require review; existing names preserved."
zero_gravity,Zero-gravity room,standard,saved random middle slot,True,22x20,observatory; stored power,Float rings; orbit puzzle; recover floating items; astronaut training,Solve orbit sequence; reserve battery power; pass short floating course,obj_orbitboard_t3,interactive_item,3,"PROPOSED, not coded: 15 fun / 8 min",standard;on;broken,standard 1; on 4@8fps; broken 1 + shared FX,reach_use,"bottom-centre (11,20); keeper floor anchor (16,40)",obj_orbitboard; shared game chassis/pose,"shared wobble(1px), smoke, intermittent sparks + loose or jammed mechanism",P2,planned,"Top-tier orbitboard. Helpful practice/aiming display; skill still required. ON: 4-frame game motion. Proposed location (41,0), logical frame 22x20; stable usePoint(-8,0), effectOrigin(0,-20), bubbleOrigin(0,-28), z40. New tier mechanics and names require review; existing names preserved."
zero_gravity,Zero-gravity room,standard,saved random middle slot,True,12x12,observatory; stored power,Float rings; orbit puzzle; recover floating items; astronaut training,Solve orbit sequence; reserve battery power; pass short floating course,prop_rings,dressing_or_activity_prop,1,Supports Float rings; orbit puzzle; recover floating items; astronaut training; single tier,standard,1,reach_use,bottom-centre; water surface top-left,shared prop_rings,not independently interactive; no repair tier,P2,planned,Separate prop; do not bake interactive furniture into plates. Exact final appearance proposal.
zero_gravity,Zero-gravity room,standard,saved random middle slot,True,12x12,observatory; stored power,Float rings; orbit puzzle; recover floating items; astronaut training,Solve orbit sequence; reserve battery power; pass short floating course,prop_padded_nets,dressing_or_activity_prop,1,Supports Float rings; orbit puzzle; recover floating items; astronaut training; single tier,standard,1,reach_use,bottom-centre; water surface top-left,shared prop_padded_nets,not independently interactive; no repair tier,P2,planned,Separate prop; do not bake interactive furniture into plates. Exact final appearance proposal.
zero_gravity,Zero-gravity room,standard,saved random middle slot,True,12x12,observatory; stored power,Float rings; orbit puzzle; recover floating items; astronaut training,Solve orbit sequence; reserve battery power; pass short floating course,prop_floating_lunch,dressing_or_activity_prop,1,Supports Float rings; orbit puzzle; recover floating items; astronaut training; single tier,standard,1,reach_use,bottom-centre; water surface top-left,shared prop_floating_lunch,not independently interactive; no repair tier,P2,planned,Separate prop; do not bake interactive furniture into plates. Exact final appearance proposal.
zero_gravity,Zero-gravity room,standard,saved random middle slot,True,32x40,observatory; stored power,Float rings; orbit puzzle; recover floating items; astronaut training,Solve orbit sequence; reserve battery power; pass short floating course,keeper_float_spacesuit,keeper_clip,0,Reusable task pose,on,8@8fps,float_spacesuit,"floor (16,40); neck (16,11); shoulders (10,15)/(22,15); hips (13,25)/(19,25)",shared keeper_float_spacesuit,not repairable,P2,planned,32x40 aligned frames; hand-drawn angles and integer translation; no arbitrary raster rotation.
zero_gravity,Zero-gravity room,standard,saved random middle slot,True,32x40,observatory; stored power,Float rings; orbit puzzle; recover floating items; astronaut training,Solve orbit sequence; reserve battery power; pass short floating course,keeper_greet,keeper_clip,0,Reusable task pose,on,5@8fps,greet,"floor (16,40); neck (16,11); shoulders (10,15)/(22,15); hips (13,25)/(19,25)",shared keeper_greet,not repairable,P2,planned,32x40 aligned frames; hand-drawn angles and integer translation; no arbitrary raster rotation.
zero_gravity,Zero-gravity room,standard,saved random middle slot,True,32x40,observatory; stored power,Float rings; orbit puzzle; recover floating items; astronaut training,Solve orbit sequence; reserve battery power; pass short floating course,keeper_idle,keeper_clip,0,Reusable task pose,on,4@6fps,idle,"floor (16,40); neck (16,11); shoulders (10,15)/(22,15); hips (13,25)/(19,25)",shared keeper_idle,not repairable,P2,delivered-review,32x40 aligned frames; hand-drawn angles and integer translation; no arbitrary raster rotation.
zero_gravity,Zero-gravity room,standard,saved random middle slot,True,32x40,observatory; stored power,Float rings; orbit puzzle; recover floating items; astronaut training,Solve orbit sequence; reserve battery power; pass short floating course,keeper_reach_use,keeper_clip,0,Reusable task pose,on,5@10fps,reach_use,"floor (16,40); neck (16,11); shoulders (10,15)/(22,15); hips (13,25)/(19,25)",shared keeper_reach_use,not repairable,P2,planned,32x40 aligned frames; hand-drawn angles and integer translation; no arbitrary raster rotation.
zero_gravity,Zero-gravity room,standard,saved random middle slot,True,32x40,observatory; stored power,Float rings; orbit puzzle; recover floating items; astronaut training,Solve orbit sequence; reserve battery power; pass short floating course,keeper_shrug,keeper_clip,0,Reusable task pose,on,4@8fps,shrug,"floor (16,40); neck (16,11); shoulders (10,15)/(22,15); hips (13,25)/(19,25)",shared keeper_shrug,not repairable,P2,planned,32x40 aligned frames; hand-drawn angles and integer translation; no arbitrary raster rotation.
zero_gravity,Zero-gravity room,standard,saved random middle slot,True,32x40,observatory; stored power,Float rings; orbit puzzle; recover floating items; astronaut training,Solve orbit sequence; reserve battery power; pass short floating course,keeper_walk,keeper_clip,0,Reusable task pose,on,8@10fps,walk,"floor (16,40); neck (16,11); shoulders (10,15)/(22,15); hips (13,25)/(19,25)",shared keeper_walk,not repairable,P2,delivered-review,32x40 aligned frames; hand-drawn angles and integer translation; no arbitrary raster rotation.
zero_gravity,Zero-gravity room,standard,saved random middle slot,True,12x16,observatory; stored power,Float rings; orbit puzzle; recover floating items; astronaut training,Solve orbit sequence; reserve battery power; pass short floating course,fx_broken_smoke,shared_effect,0,Reusable fault/reveal feedback,on,8@8fps,none,"[6, 16]",fx_broken_smoke,overlay; does not move anchors,P2,delivered-review,FX shared; casing/body motion is separately integer-safe.
zero_gravity,Zero-gravity room,standard,saved random middle slot,True,12x12,observatory; stored power,Float rings; orbit puzzle; recover floating items; astronaut training,Solve orbit sequence; reserve battery power; pass short floating course,fx_broken_sparks,shared_effect,0,Reusable fault/reveal feedback,on,6@12fps,none,"[6, 6]",fx_broken_sparks,overlay; does not move anchors,P2,delivered-review,FX shared; casing/body motion is separately integer-safe.
zero_gravity,Zero-gravity room,standard,saved random middle slot,True,64x64,observatory; stored power,Float rings; orbit puzzle; recover floating items; astronaut training,Solve orbit sequence; reserve battery power; pass short floating course,fx_floor_arrival_smoke,shared_effect,0,Reusable fault/reveal feedback,on,8@12fps,none,"[32, 64]",fx_floor_arrival_smoke,overlay; does not move anchors,P2,planned,FX shared; casing/body motion is separately integer-safe.
zero_gravity,Zero-gravity room,standard,saved random middle slot,True,16x16,observatory; stored power,Float rings; orbit puzzle; recover floating items; astronaut training,Solve orbit sequence; reserve battery power; pass short floating course,fx_shine,shared_effect,0,Reusable fault/reveal feedback,on,4@8fps,none,"[8, 16]",fx_shine,overlay; does not move anchors,P2,planned,FX shared; casing/body motion is separately integer-safe.
conservatory,Conservatory,standard,saved random middle slot,True,105x35,decorative plants; visitors,Tea; read; social visits; tame overgrowth,Identify plant needs; arrange reading nook; host tea,room_conservatory,room_plate,0,Separate structure; enables activities below,standard,1,none,"top-left (0,0); floor y=35",room timber/stone/tile palette; no furniture,structure faults use separate interactive components,P2,planned,Plants left; tea bench centre; reading seat right; approved idea; indoor leisure not food greenhouse; source: docs/EXPANSION_DESIGN.md
conservatory,Conservatory,standard,saved random middle slot,True,5x35,decorative plants; visitors,Tea; read; social visits; tame overgrowth,Identify plant needs; arrange reading nook; host tea,seam_standard,structural_kit,0,Connect without resizing furniture,standard,1,none,integer parent seam; walking-plane y=0,shared wall/beam/pipe segments,none; parent component controls faults,P2,planned,Core remains 110x35; 105x35 plate; world-Y stripes. Extensions consume no standard slot.
conservatory,Conservatory,standard,saved random middle slot,True,22x20,decorative plants; visitors,Tea; read; social visits; tame overgrowth,Identify plant needs; arrange reading nook; host tea,obj_teaset,interactive_item,1,"PROPOSED, not coded: 12 social / 20 min",standard;on;broken,standard 1; on 4@8fps; broken 1 + shared FX,phone,"bottom-centre (11,20); keeper floor anchor (16,40)",obj_teaset; shared social chassis/pose,"shared wobble(1px), smoke, intermittent sparks + jam or dead signal",P2,planned,"Basic teaset. Manual handset or small serving counter. ON: 4-frame serving or ring. Proposed location (15,0), logical frame 22x20; stable usePoint(-8,0), effectOrigin(0,-20), bubbleOrigin(0,-28), z40. New tier mechanics and names require review; existing names preserved."
conservatory,Conservatory,standard,saved random middle slot,True,22x20,decorative plants; visitors,Tea; read; social visits; tame overgrowth,Identify plant needs; arrange reading nook; host tea,obj_teaset_t2,interactive_item,2,"PROPOSED, not coded: 15 social / 17 min",standard;on;broken,standard 1; on 4@8fps; broken 1 + shared FX,phone,"bottom-centre (11,20); keeper floor anchor (16,40)",obj_teaset; shared social chassis/pose,"shared wobble(1px), smoke, intermittent sparks + jam or dead signal",P2,planned,"Mid-tier teaset. Cordless/expanded service with readiness light. ON: 4-frame serving or ring. Proposed location (15,0), logical frame 22x20; stable usePoint(-8,0), effectOrigin(0,-20), bubbleOrigin(0,-28), z40. New tier mechanics and names require review; existing names preserved."
conservatory,Conservatory,standard,saved random middle slot,True,22x20,decorative plants; visitors,Tea; read; social visits; tame overgrowth,Identify plant needs; arrange reading nook; host tea,obj_teaset_t3,interactive_item,3,"PROPOSED, not coded: 18 social / 14 min",standard;on;broken,standard 1; on 4@8fps; broken 1 + shared FX,phone,"bottom-centre (11,20); keeper floor anchor (16,40)",obj_teaset; shared social chassis/pose,"shared wobble(1px), smoke, intermittent sparks + jam or dead signal",P2,planned,"Top-tier teaset. Video or group-service screen and visitor cue. ON: 4-frame serving or ring. Proposed location (15,0), logical frame 22x20; stable usePoint(-8,0), effectOrigin(0,-20), bubbleOrigin(0,-28), z40. New tier mechanics and names require review; existing names preserved."
conservatory,Conservatory,standard,saved random middle slot,True,22x20,decorative plants; visitors,Tea; read; social visits; tame overgrowth,Identify plant needs; arrange reading nook; host tea,obj_plantstand,interactive_item,1,"PROPOSED, not coded: 3 crop yields / 2 completed game days",standard;on;broken,standard 1; on 4@8fps; broken 1 + shared FX,dig,"bottom-centre (11,20); keeper floor anchor (16,40)",obj_plantstand; shared growing chassis/pose,"shared wobble(1px), smoke, intermittent sparks + broken fence or glass",P2,planned,"Basic plantstand. Ground patch and three crop slots. ON: 2. Proposed location (41,0), logical frame 22x20; stable usePoint(-8,0), effectOrigin(0,-20), bubbleOrigin(0,-28), z40. New tier mechanics and names require review; existing names preserved."
conservatory,Conservatory,standard,saved random middle slot,True,22x20,decorative plants; visitors,Tea; read; social visits; tame overgrowth,Identify plant needs; arrange reading nook; host tea,obj_plantstand_t2,interactive_item,2,"PROPOSED, not coded: 6 crop yields / 2 days",standard;on;broken,standard 1; on 4@8fps; broken 1 + shared FX,dig,"bottom-centre (11,20); keeper floor anchor (16,40)",obj_plantstand; shared growing chassis/pose,"shared wobble(1px), smoke, intermittent sparks + broken fence or glass",P2,planned,"Mid-tier plantstand. Raised beds with irrigation line. ON: 2. Proposed location (41,0), logical frame 22x20; stable usePoint(-8,0), effectOrigin(0,-20), bubbleOrigin(0,-28), z40. New tier mechanics and names require review; existing names preserved."
conservatory,Conservatory,standard,saved random middle slot,True,22x20,decorative plants; visitors,Tea; read; social visits; tame overgrowth,Identify plant needs; arrange reading nook; host tea,obj_plantstand_t3,interactive_item,3,"PROPOSED, not coded: 9 crop yields / 2 days",standard;on;broken,standard 1; on 4@8fps; broken 1 + shared FX,dig,"bottom-centre (11,20); keeper floor anchor (16,40)",obj_plantstand; shared growing chassis/pose,"shared wobble(1px), smoke, intermittent sparks + broken fence or glass",P2,planned,"Top-tier plantstand. Glass greenhouse and protected crop gauge. ON: 2. Proposed location (41,0), logical frame 22x20; stable usePoint(-8,0), effectOrigin(0,-20), bubbleOrigin(0,-28), z40. New tier mechanics and names require review; existing names preserved."
conservatory,Conservatory,standard,saved random middle slot,True,12x12,decorative plants; visitors,Tea; read; social visits; tame overgrowth,Identify plant needs; arrange reading nook; host tea,prop_decorative_plants,dressing_or_activity_prop,1,Supports Tea; read; social visits; tame overgrowth; single tier,standard,1,reach_use,bottom-centre; water surface top-left,shared prop_decorative_plants,not independently interactive; no repair tier,P2,planned,Separate prop; do not bake interactive furniture into plates. Exact final appearance proposal.
conservatory,Conservatory,standard,saved random middle slot,True,12x12,decorative plants; visitors,Tea; read; social visits; tame overgrowth,Identify plant needs; arrange reading nook; host tea,prop_reading_seat,dressing_or_activity_prop,1,Supports Tea; read; social visits; tame overgrowth; single tier,standard,1,reach_use,bottom-centre; water surface top-left,shared prop_reading_seat,not independently interactive; no repair tier,P2,planned,Separate prop; do not bake interactive furniture into plates. Exact final appearance proposal.
conservatory,Conservatory,standard,saved random middle slot,True,32x40,decorative plants; visitors,Tea; read; social visits; tame overgrowth,Identify plant needs; arrange reading nook; host tea,keeper_dig,keeper_clip,0,Reusable task pose,on,8@8fps,dig,"floor (16,40); neck (16,11); shoulders (10,15)/(22,15); hips (13,25)/(19,25)",shared keeper_dig,not repairable,P2,delivered-review,32x40 aligned frames; hand-drawn angles and integer translation; no arbitrary raster rotation.
conservatory,Conservatory,standard,saved random middle slot,True,32x40,decorative plants; visitors,Tea; read; social visits; tame overgrowth,Identify plant needs; arrange reading nook; host tea,keeper_greet,keeper_clip,0,Reusable task pose,on,5@8fps,greet,"floor (16,40); neck (16,11); shoulders (10,15)/(22,15); hips (13,25)/(19,25)",shared keeper_greet,not repairable,P2,planned,32x40 aligned frames; hand-drawn angles and integer translation; no arbitrary raster rotation.
conservatory,Conservatory,standard,saved random middle slot,True,32x40,decorative plants; visitors,Tea; read; social visits; tame overgrowth,Identify plant needs; arrange reading nook; host tea,keeper_idle,keeper_clip,0,Reusable task pose,on,4@6fps,idle,"floor (16,40); neck (16,11); shoulders (10,15)/(22,15); hips (13,25)/(19,25)",shared keeper_idle,not repairable,P2,delivered-review,32x40 aligned frames; hand-drawn angles and integer translation; no arbitrary raster rotation.
conservatory,Conservatory,standard,saved random middle slot,True,32x40,decorative plants; visitors,Tea; read; social visits; tame overgrowth,Identify plant needs; arrange reading nook; host tea,keeper_phone,keeper_clip,0,Reusable task pose,on,4@6fps,phone,"floor (16,40); neck (16,11); shoulders (10,15)/(22,15); hips (13,25)/(19,25)",shared keeper_phone,not repairable,P2,planned,32x40 aligned frames; hand-drawn angles and integer translation; no arbitrary raster rotation.
conservatory,Conservatory,standard,saved random middle slot,True,32x40,decorative plants; visitors,Tea; read; social visits; tame overgrowth,Identify plant needs; arrange reading nook; host tea,keeper_reach_use,keeper_clip,0,Reusable task pose,on,5@10fps,reach_use,"floor (16,40); neck (16,11); shoulders (10,15)/(22,15); hips (13,25)/(19,25)",shared keeper_reach_use,not repairable,P2,planned,32x40 aligned frames; hand-drawn angles and integer translation; no arbitrary raster rotation.
conservatory,Conservatory,standard,saved random middle slot,True,32x40,decorative plants; visitors,Tea; read; social visits; tame overgrowth,Identify plant needs; arrange reading nook; host tea,keeper_shrug,keeper_clip,0,Reusable task pose,on,4@8fps,shrug,"floor (16,40); neck (16,11); shoulders (10,15)/(22,15); hips (13,25)/(19,25)",shared keeper_shrug,not repairable,P2,planned,32x40 aligned frames; hand-drawn angles and integer translation; no arbitrary raster rotation.
conservatory,Conservatory,standard,saved random middle slot,True,32x40,decorative plants; visitors,Tea; read; social visits; tame overgrowth,Identify plant needs; arrange reading nook; host tea,keeper_walk,keeper_clip,0,Reusable task pose,on,8@10fps,walk,"floor (16,40); neck (16,11); shoulders (10,15)/(22,15); hips (13,25)/(19,25)",shared keeper_walk,not repairable,P2,delivered-review,32x40 aligned frames; hand-drawn angles and integer translation; no arbitrary raster rotation.
conservatory,Conservatory,standard,saved random middle slot,True,12x16,decorative plants; visitors,Tea; read; social visits; tame overgrowth,Identify plant needs; arrange reading nook; host tea,fx_broken_smoke,shared_effect,0,Reusable fault/reveal feedback,on,8@8fps,none,"[6, 16]",fx_broken_smoke,overlay; does not move anchors,P2,delivered-review,FX shared; casing/body motion is separately integer-safe.
conservatory,Conservatory,standard,saved random middle slot,True,12x12,decorative plants; visitors,Tea; read; social visits; tame overgrowth,Identify plant needs; arrange reading nook; host tea,fx_broken_sparks,shared_effect,0,Reusable fault/reveal feedback,on,6@12fps,none,"[6, 6]",fx_broken_sparks,overlay; does not move anchors,P2,delivered-review,FX shared; casing/body motion is separately integer-safe.
conservatory,Conservatory,standard,saved random middle slot,True,64x64,decorative plants; visitors,Tea; read; social visits; tame overgrowth,Identify plant needs; arrange reading nook; host tea,fx_floor_arrival_smoke,shared_effect,0,Reusable fault/reveal feedback,on,8@12fps,none,"[32, 64]",fx_floor_arrival_smoke,overlay; does not move anchors,P2,planned,FX shared; casing/body motion is separately integer-safe.
conservatory,Conservatory,standard,saved random middle slot,True,16x16,decorative plants; visitors,Tea; read; social visits; tame overgrowth,Identify plant needs; arrange reading nook; host tea,fx_shine,shared_effect,0,Reusable fault/reveal feedback,on,4@8fps,none,"[8, 16]",fx_shine,overlay; does not move anchors,P2,planned,FX shared; casing/body motion is separately integer-safe.
pub,Family-friendly pub / inn,standard,saved random middle slot,True,105x35,visitors; kitchen,Lemonade; cocoa; meals; quizzes; dominoes; darts; stories,Prepare drink; solve team quiz; host storytelling,room_pub,room_plate,0,Separate structure; enables activities below,standard,1,none,"top-left (0,0); floor y=35",room timber/stone/tile palette; no furniture,structure faults use separate interactive components,P2,planned,Counter left; tables centre; games right; rear guest WC; review: name; soft drinks only; source: docs/EXPANSION_DESIGN.md
pub,Family-friendly pub / inn,standard,saved random middle slot,True,5x35,visitors; kitchen,Lemonade; cocoa; meals; quizzes; dominoes; darts; stories,Prepare drink; solve team quiz; host storytelling,seam_standard,structural_kit,0,Connect without resizing furniture,standard,1,none,integer parent seam; walking-plane y=0,shared wall/beam/pipe segments,none; parent component controls faults,P2,planned,Core remains 110x35; 105x35 plate; world-Y stripes. Extensions consume no standard slot.
pub,Family-friendly pub / inn,standard,saved random middle slot,True,22x20,visitors; kitchen,Lemonade; cocoa; meals; quizzes; dominoes; darts; stories,Prepare drink; solve team quiz; host storytelling,obj_drinkcounter,interactive_item,1,"PROPOSED, not coded: 12 social / 20 min",standard;on;broken,standard 1; on 4@8fps; broken 1 + shared FX,phone,"bottom-centre (11,20); keeper floor anchor (16,40)",obj_drinkcounter; shared social chassis/pose,"shared wobble(1px), smoke, intermittent sparks + jam or dead signal",P2,planned,"Basic drinkcounter. Manual handset or small serving counter. ON: 4-frame serving or ring. Proposed location (15,0), logical frame 22x20; stable usePoint(-8,0), effectOrigin(0,-20), bubbleOrigin(0,-28), z40. New tier mechanics and names require review; existing names preserved."
pub,Family-friendly pub / inn,standard,saved random middle slot,True,22x20,visitors; kitchen,Lemonade; cocoa; meals; quizzes; dominoes; darts; stories,Prepare drink; solve team quiz; host storytelling,obj_drinkcounter_t2,interactive_item,2,"PROPOSED, not coded: 15 social / 17 min",standard;on;broken,standard 1; on 4@8fps; broken 1 + shared FX,phone,"bottom-centre (11,20); keeper floor anchor (16,40)",obj_drinkcounter; shared social chassis/pose,"shared wobble(1px), smoke, intermittent sparks + jam or dead signal",P2,planned,"Mid-tier drinkcounter. Cordless/expanded service with readiness light. ON: 4-frame serving or ring. Proposed location (15,0), logical frame 22x20; stable usePoint(-8,0), effectOrigin(0,-20), bubbleOrigin(0,-28), z40. New tier mechanics and names require review; existing names preserved."
pub,Family-friendly pub / inn,standard,saved random middle slot,True,22x20,visitors; kitchen,Lemonade; cocoa; meals; quizzes; dominoes; darts; stories,Prepare drink; solve team quiz; host storytelling,obj_drinkcounter_t3,interactive_item,3,"PROPOSED, not coded: 18 social / 14 min",standard;on;broken,standard 1; on 4@8fps; broken 1 + shared FX,phone,"bottom-centre (11,20); keeper floor anchor (16,40)",obj_drinkcounter; shared social chassis/pose,"shared wobble(1px), smoke, intermittent sparks + jam or dead signal",P2,planned,"Top-tier drinkcounter. Video or group-service screen and visitor cue. ON: 4-frame serving or ring. Proposed location (15,0), logical frame 22x20; stable usePoint(-8,0), effectOrigin(0,-20), bubbleOrigin(0,-28), z40. New tier mechanics and names require review; existing names preserved."
pub,Family-friendly pub / inn,standard,saved random middle slot,True,22x20,visitors; kitchen,Lemonade; cocoa; meals; quizzes; dominoes; darts; stories,Prepare drink; solve team quiz; host storytelling,obj_dominoes,interactive_item,1,"PROPOSED, not coded: 10 fun per successful round / 12 min",standard;on;broken,standard 1; on 4@8fps; broken 1 + shared FX,reach_use,"bottom-centre (11,20); keeper floor anchor (16,40)",obj_dominoes; shared game chassis/pose,"shared wobble(1px), smoke, intermittent sparks + loose or jammed mechanism",P2,planned,"Basic dominoes. Manual game surface and basic score display. ON: 4-frame game motion. Proposed location (41,0), logical frame 22x20; stable usePoint(-8,0), effectOrigin(0,-20), bubbleOrigin(0,-28), z40. New tier mechanics and names require review; existing names preserved."
pub,Family-friendly pub / inn,standard,saved random middle slot,True,22x20,visitors; kitchen,Lemonade; cocoa; meals; quizzes; dominoes; darts; stories,Prepare drink; solve team quiz; host storytelling,obj_dominoes_t2,interactive_item,2,"PROPOSED, not coded: 13 fun / 10 min",standard;on;broken,standard 1; on 4@8fps; broken 1 + shared FX,reach_use,"bottom-centre (11,20); keeper floor anchor (16,40)",obj_dominoes; shared game chassis/pose,"shared wobble(1px), smoke, intermittent sparks + loose or jammed mechanism",P2,planned,"Mid-tier dominoes. Timing/score assistance with visible control. ON: 4-frame game motion. Proposed location (41,0), logical frame 22x20; stable usePoint(-8,0), effectOrigin(0,-20), bubbleOrigin(0,-28), z40. New tier mechanics and names require review; existing names preserved."
pub,Family-friendly pub / inn,standard,saved random middle slot,True,22x20,visitors; kitchen,Lemonade; cocoa; meals; quizzes; dominoes; darts; stories,Prepare drink; solve team quiz; host storytelling,obj_dominoes_t3,interactive_item,3,"PROPOSED, not coded: 15 fun / 8 min",standard;on;broken,standard 1; on 4@8fps; broken 1 + shared FX,reach_use,"bottom-centre (11,20); keeper floor anchor (16,40)",obj_dominoes; shared game chassis/pose,"shared wobble(1px), smoke, intermittent sparks + loose or jammed mechanism",P2,planned,"Top-tier dominoes. Helpful practice/aiming display; skill still required. ON: 4-frame game motion. Proposed location (41,0), logical frame 22x20; stable usePoint(-8,0), effectOrigin(0,-20), bubbleOrigin(0,-28), z40. New tier mechanics and names require review; existing names preserved."
pub,Family-friendly pub / inn,standard,saved random middle slot,True,22x20,visitors; kitchen,Lemonade; cocoa; meals; quizzes; dominoes; darts; stories,Prepare drink; solve team quiz; host storytelling,obj_darts,interactive_item,1,"PROPOSED, not coded: 10 fun per successful round / 12 min",standard;on;broken,standard 1; on 4@8fps; broken 1 + shared FX,reach_use,"bottom-centre (11,20); keeper floor anchor (16,40)",obj_darts; shared game chassis/pose,"shared wobble(1px), smoke, intermittent sparks + loose or jammed mechanism",P2,planned,"Basic darts. Manual game surface and basic score display. ON: 4-frame game motion. Proposed location (67,0), logical frame 22x20; stable usePoint(-8,0), effectOrigin(0,-20), bubbleOrigin(0,-28), z40. New tier mechanics and names require review; existing names preserved."
pub,Family-friendly pub / inn,standard,saved random middle slot,True,22x20,visitors; kitchen,Lemonade; cocoa; meals; quizzes; dominoes; darts; stories,Prepare drink; solve team quiz; host storytelling,obj_darts_t2,interactive_item,2,"PROPOSED, not coded: 13 fun / 10 min",standard;on;broken,standard 1; on 4@8fps; broken 1 + shared FX,reach_use,"bottom-centre (11,20); keeper floor anchor (16,40)",obj_darts; shared game chassis/pose,"shared wobble(1px), smoke, intermittent sparks + loose or jammed mechanism",P2,planned,"Mid-tier darts. Timing/score assistance with visible control. ON: 4-frame game motion. Proposed location (67,0), logical frame 22x20; stable usePoint(-8,0), effectOrigin(0,-20), bubbleOrigin(0,-28), z40. New tier mechanics and names require review; existing names preserved."
pub,Family-friendly pub / inn,standard,saved random middle slot,True,22x20,visitors; kitchen,Lemonade; cocoa; meals; quizzes; dominoes; darts; stories,Prepare drink; solve team quiz; host storytelling,obj_darts_t3,interactive_item,3,"PROPOSED, not coded: 15 fun / 8 min",standard;on;broken,standard 1; on 4@8fps; broken 1 + shared FX,reach_use,"bottom-centre (11,20); keeper floor anchor (16,40)",obj_darts; shared game chassis/pose,"shared wobble(1px), smoke, intermittent sparks + loose or jammed mechanism",P2,planned,"Top-tier darts. Helpful practice/aiming display; skill still required. ON: 4-frame game motion. Proposed location (67,0), logical frame 22x20; stable usePoint(-8,0), effectOrigin(0,-20), bubbleOrigin(0,-28), z40. New tier mechanics and names require review; existing names preserved."
pub,Family-friendly pub / inn,standard,saved random middle slot,True,12x12,visitors; kitchen,Lemonade; cocoa; meals; quizzes; dominoes; darts; stories,Prepare drink; solve team quiz; host storytelling,prop_bar_stools,dressing_or_activity_prop,1,Supports Lemonade; cocoa; meals; quizzes; dominoes; darts; stories; single tier,standard,1,reach_use,bottom-centre; water surface top-left,shared prop_bar_stools,not independently interactive; no repair tier,P2,planned,Separate prop; do not bake interactive furniture into plates. Exact final appearance proposal.
pub,Family-friendly pub / inn,standard,saved random middle slot,True,12x12,visitors; kitchen,Lemonade; cocoa; meals; quizzes; dominoes; darts; stories,Prepare drink; solve team quiz; host storytelling,prop_story_cards,dressing_or_activity_prop,1,Supports Lemonade; cocoa; meals; quizzes; dominoes; darts; stories; single tier,standard,1,reach_use,bottom-centre; water surface top-left,shared prop_story_cards,not independently interactive; no repair tier,P2,planned,Separate prop; do not bake interactive furniture into plates. Exact final appearance proposal.
pub,Family-friendly pub / inn,standard,saved random middle slot,True,32x40,visitors; kitchen,Lemonade; cocoa; meals; quizzes; dominoes; darts; stories,Prepare drink; solve team quiz; host storytelling,keeper_greet,keeper_clip,0,Reusable task pose,on,5@8fps,greet,"floor (16,40); neck (16,11); shoulders (10,15)/(22,15); hips (13,25)/(19,25)",shared keeper_greet,not repairable,P2,planned,32x40 aligned frames; hand-drawn angles and integer translation; no arbitrary raster rotation.
pub,Family-friendly pub / inn,standard,saved random middle slot,True,32x40,visitors; kitchen,Lemonade; cocoa; meals; quizzes; dominoes; darts; stories,Prepare drink; solve team quiz; host storytelling,keeper_idle,keeper_clip,0,Reusable task pose,on,4@6fps,idle,"floor (16,40); neck (16,11); shoulders (10,15)/(22,15); hips (13,25)/(19,25)",shared keeper_idle,not repairable,P2,delivered-review,32x40 aligned frames; hand-drawn angles and integer translation; no arbitrary raster rotation.
pub,Family-friendly pub / inn,standard,saved random middle slot,True,32x40,visitors; kitchen,Lemonade; cocoa; meals; quizzes; dominoes; darts; stories,Prepare drink; solve team quiz; host storytelling,keeper_phone,keeper_clip,0,Reusable task pose,on,4@6fps,phone,"floor (16,40); neck (16,11); shoulders (10,15)/(22,15); hips (13,25)/(19,25)",shared keeper_phone,not repairable,P2,planned,32x40 aligned frames; hand-drawn angles and integer translation; no arbitrary raster rotation.
pub,Family-friendly pub / inn,standard,saved random middle slot,True,32x40,visitors; kitchen,Lemonade; cocoa; meals; quizzes; dominoes; darts; stories,Prepare drink; solve team quiz; host storytelling,keeper_reach_use,keeper_clip,0,Reusable task pose,on,5@10fps,reach_use,"floor (16,40); neck (16,11); shoulders (10,15)/(22,15); hips (13,25)/(19,25)",shared keeper_reach_use,not repairable,P2,planned,32x40 aligned frames; hand-drawn angles and integer translation; no arbitrary raster rotation.
pub,Family-friendly pub / inn,standard,saved random middle slot,True,32x40,visitors; kitchen,Lemonade; cocoa; meals; quizzes; dominoes; darts; stories,Prepare drink; solve team quiz; host storytelling,keeper_shrug,keeper_clip,0,Reusable task pose,on,4@8fps,shrug,"floor (16,40); neck (16,11); shoulders (10,15)/(22,15); hips (13,25)/(19,25)",shared keeper_shrug,not repairable,P2,planned,32x40 aligned frames; hand-drawn angles and integer translation; no arbitrary raster rotation.
pub,Family-friendly pub / inn,standard,saved random middle slot,True,32x40,visitors; kitchen,Lemonade; cocoa; meals; quizzes; dominoes; darts; stories,Prepare drink; solve team quiz; host storytelling,keeper_walk,keeper_clip,0,Reusable task pose,on,8@10fps,walk,"floor (16,40); neck (16,11); shoulders (10,15)/(22,15); hips (13,25)/(19,25)",shared keeper_walk,not repairable,P2,delivered-review,32x40 aligned frames; hand-drawn angles and integer translation; no arbitrary raster rotation.
pub,Family-friendly pub / inn,standard,saved random middle slot,True,12x16,visitors; kitchen,Lemonade; cocoa; meals; quizzes; dominoes; darts; stories,Prepare drink; solve team quiz; host storytelling,fx_broken_smoke,shared_effect,0,Reusable fault/reveal feedback,on,8@8fps,none,"[6, 16]",fx_broken_smoke,overlay; does not move anchors,P2,delivered-review,FX shared; casing/body motion is separately integer-safe.
pub,Family-friendly pub / inn,standard,saved random middle slot,True,12x12,visitors; kitchen,Lemonade; cocoa; meals; quizzes; dominoes; darts; stories,Prepare drink; solve team quiz; host storytelling,fx_broken_sparks,shared_effect,0,Reusable fault/reveal feedback,on,6@12fps,none,"[6, 6]",fx_broken_sparks,overlay; does not move anchors,P2,delivered-review,FX shared; casing/body motion is separately integer-safe.
pub,Family-friendly pub / inn,standard,saved random middle slot,True,64x64,visitors; kitchen,Lemonade; cocoa; meals; quizzes; dominoes; darts; stories,Prepare drink; solve team quiz; host storytelling,fx_floor_arrival_smoke,shared_effect,0,Reusable fault/reveal feedback,on,8@12fps,none,"[32, 64]",fx_floor_arrival_smoke,overlay; does not move anchors,P2,planned,FX shared; casing/body motion is separately integer-safe.
pub,Family-friendly pub / inn,standard,saved random middle slot,True,16x16,visitors; kitchen,Lemonade; cocoa; meals; quizzes; dominoes; darts; stories,Prepare drink; solve team quiz; host storytelling,fx_shine,shared_effect,0,Reusable fault/reveal feedback,on,4@8fps,none,"[8, 16]",fx_shine,overlay; does not move anchors,P2,planned,FX shared; casing/body motion is separately integer-safe.
pool,Swimming-pool floor,standard,saved random middle slot,True,105x35,boiler; pump; changing annex,Lengths; float; splash; retrieve; gentle rescue,Check water; use ladder; retrieve float; demonstrate rescue,room_pool,room_plate,0,Separate structure; enables activities below,standard,1,none,"top-left (0,0); floor y=35",room timber/stone/tile palette; no furniture,structure faults use separate interactive components,P2,planned,Water ~90 percent; narrow foreground tile edge; ladder right; bathroom annex; approved idea; bathroom annex preserves large water area; source: docs/EXPANSION_DESIGN.md
pool,Swimming-pool floor,standard,saved random middle slot,True,5x35,boiler; pump; changing annex,Lengths; float; splash; retrieve; gentle rescue,Check water; use ladder; retrieve float; demonstrate rescue,seam_standard,structural_kit,0,Connect without resizing furniture,standard,1,none,integer parent seam; walking-plane y=0,shared wall/beam/pipe segments,none; parent component controls faults,P2,planned,Core remains 110x35; 105x35 plate; world-Y stripes. Extensions consume no standard slot.
pool,Swimming-pool floor,standard,saved random middle slot,True,22x20,boiler; pump; changing annex,Lengths; float; splash; retrieve; gentle rescue,Check water; use ladder; retrieve float; demonstrate rescue,obj_poolpump,interactive_item,1,"PROPOSED, not coded: clean 1 water bay / 20 min",standard;on;broken,standard 1; on 4@8fps; broken 1 + shared FX,wash_back,"bottom-centre (11,20); keeper floor anchor (16,40)",obj_poolpump; shared water chassis/pose,"shared wobble(1px), smoke, intermittent sparks + leaking seal",P2,planned,"Basic poolpump. Single manual pump and pipe. ON: 4-frame water flow. Proposed location (15,0), logical frame 22x20; stable usePoint(-8,0), effectOrigin(0,-20), bubbleOrigin(0,-28), z40. New tier mechanics and names require review; existing names preserved."
pool,Swimming-pool floor,standard,saved random middle slot,True,22x20,boiler; pump; changing annex,Lengths; float; splash; retrieve; gentle rescue,Check water; use ladder; retrieve float; demonstrate rescue,obj_poolpump_t2,interactive_item,2,"PROPOSED, not coded: 2 bays / 17 min",standard;on;broken,standard 1; on 4@8fps; broken 1 + shared FX,wash_back,"bottom-centre (11,20); keeper floor anchor (16,40)",obj_poolpump; shared water chassis/pose,"shared wobble(1px), smoke, intermittent sparks + leaking seal",P2,planned,"Mid-tier poolpump. Two-way pump with visible valve. ON: 4-frame water flow. Proposed location (15,0), logical frame 22x20; stable usePoint(-8,0), effectOrigin(0,-20), bubbleOrigin(0,-28), z40. New tier mechanics and names require review; existing names preserved."
pool,Swimming-pool floor,standard,saved random middle slot,True,22x20,boiler; pump; changing annex,Lengths; float; splash; retrieve; gentle rescue,Check water; use ladder; retrieve float; demonstrate rescue,obj_poolpump_t3,interactive_item,3,"PROPOSED, not coded: 3 bays / 14 min",standard;on;broken,standard 1; on 4@8fps; broken 1 + shared FX,wash_back,"bottom-centre (11,20); keeper floor anchor (16,40)",obj_poolpump; shared water chassis/pose,"shared wobble(1px), smoke, intermittent sparks + leaking seal",P2,planned,"Top-tier poolpump. Three-way pump with filtering gauge. ON: 4-frame water flow. Proposed location (15,0), logical frame 22x20; stable usePoint(-8,0), effectOrigin(0,-20), bubbleOrigin(0,-28), z40. New tier mechanics and names require review; existing names preserved."
pool,Swimming-pool floor,standard,saved random middle slot,True,22x20,boiler; pump; changing annex,Lengths; float; splash; retrieve; gentle rescue,Check water; use ladder; retrieve float; demonstrate rescue,obj_poolheater,interactive_item,1,"PROPOSED, not coded: heat pool for 30 min per charge",standard;on;broken,standard 1; on 4@8fps; broken 1 + shared FX,reach_use,"bottom-centre (11,20); keeper floor anchor (16,40)",obj_poolheater; shared heat chassis/pose,"shared wobble(1px), smoke, intermittent sparks + gauge fault; cold fallback remains",P2,planned,"Basic poolheater. Pilot flame and one pressure band. ON: 4-frame pressure flame. Proposed location (41,0), logical frame 22x20; stable usePoint(-8,0), effectOrigin(0,-20), bubbleOrigin(0,-28), z40. New tier mechanics and names require review; existing names preserved."
pool,Swimming-pool floor,standard,saved random middle slot,True,22x20,boiler; pump; changing annex,Lengths; float; splash; retrieve; gentle rescue,Check water; use ladder; retrieve float; demonstrate rescue,obj_poolheater_t2,interactive_item,2,"PROPOSED, not coded: 60 min per charge",standard;on;broken,standard 1; on 4@8fps; broken 1 + shared FX,reach_use,"bottom-centre (11,20); keeper floor anchor (16,40)",obj_poolheater; shared heat chassis/pose,"shared wobble(1px), smoke, intermittent sparks + gauge fault; cold fallback remains",P2,planned,"Mid-tier poolheater. Larger exchanger and two pressure bands. ON: 4-frame pressure flame. Proposed location (41,0), logical frame 22x20; stable usePoint(-8,0), effectOrigin(0,-20), bubbleOrigin(0,-28), z40. New tier mechanics and names require review; existing names preserved."
pool,Swimming-pool floor,standard,saved random middle slot,True,22x20,boiler; pump; changing annex,Lengths; float; splash; retrieve; gentle rescue,Check water; use ladder; retrieve float; demonstrate rescue,obj_poolheater_t3,interactive_item,3,"PROPOSED, not coded: 90 min per charge",standard;on;broken,standard 1; on 4@8fps; broken 1 + shared FX,reach_use,"bottom-centre (11,20); keeper floor anchor (16,40)",obj_poolheater; shared heat chassis/pose,"shared wobble(1px), smoke, intermittent sparks + gauge fault; cold fallback remains",P2,planned,"Top-tier poolheater. Three service circuits and efficiency gauge. ON: 4-frame pressure flame. Proposed location (41,0), logical frame 22x20; stable usePoint(-8,0), effectOrigin(0,-20), bubbleOrigin(0,-28), z40. New tier mechanics and names require review; existing names preserved."
pool,Swimming-pool floor,standard,saved random middle slot,True,48x8,boiler; pump; changing annex,Lengths; float; splash; retrieve; gentle rescue,Check water; use ladder; retrieve float; demonstrate rescue,prop_water_surface,dressing_or_activity_prop,1,Supports Lengths; float; splash; retrieve; gentle rescue; single tier,standard;on,on 4@8fps; standard 1,reach_use,bottom-centre; water surface top-left,shared prop_water_surface,not independently interactive; no repair tier,P2,planned,Separate prop; do not bake interactive furniture into plates. Exact final appearance proposal.
pool,Swimming-pool floor,standard,saved random middle slot,True,12x12,boiler; pump; changing annex,Lengths; float; splash; retrieve; gentle rescue,Check water; use ladder; retrieve float; demonstrate rescue,prop_inflatables,dressing_or_activity_prop,1,Supports Lengths; float; splash; retrieve; gentle rescue; single tier,standard,1,reach_use,bottom-centre; water surface top-left,shared prop_inflatables,not independently interactive; no repair tier,P2,planned,Separate prop; do not bake interactive furniture into plates. Exact final appearance proposal.
pool,Swimming-pool floor,standard,saved random middle slot,True,12x12,boiler; pump; changing annex,Lengths; float; splash; retrieve; gentle rescue,Check water; use ladder; retrieve float; demonstrate rescue,prop_ladder,dressing_or_activity_prop,1,Supports Lengths; float; splash; retrieve; gentle rescue; single tier,standard,1,reach_use,bottom-centre; water surface top-left,shared prop_ladder,not independently interactive; no repair tier,P2,planned,Separate prop; do not bake interactive furniture into plates. Exact final appearance proposal.
pool,Swimming-pool floor,standard,saved random middle slot,True,32x40,boiler; pump; changing annex,Lengths; float; splash; retrieve; gentle rescue,Check water; use ladder; retrieve float; demonstrate rescue,keeper_change_to_dive,keeper_clip,0,Reusable task pose,on,0@0fps,change_to_dive,"floor (16,40); neck (16,11); shoulders (10,15)/(22,15); hips (13,25)/(19,25)",shared keeper_change_to_dive,not repairable,P2,hidden sequence,32x40 aligned frames; hand-drawn angles and integer translation; no arbitrary raster rotation.
pool,Swimming-pool floor,standard,saved random middle slot,True,32x40,boiler; pump; changing annex,Lengths; float; splash; retrieve; gentle rescue,Check water; use ladder; retrieve float; demonstrate rescue,keeper_greet,keeper_clip,0,Reusable task pose,on,5@8fps,greet,"floor (16,40); neck (16,11); shoulders (10,15)/(22,15); hips (13,25)/(19,25)",shared keeper_greet,not repairable,P2,planned,32x40 aligned frames; hand-drawn angles and integer translation; no arbitrary raster rotation.
pool,Swimming-pool floor,standard,saved random middle slot,True,32x40,boiler; pump; changing annex,Lengths; float; splash; retrieve; gentle rescue,Check water; use ladder; retrieve float; demonstrate rescue,keeper_idle,keeper_clip,0,Reusable task pose,on,4@6fps,idle,"floor (16,40); neck (16,11); shoulders (10,15)/(22,15); hips (13,25)/(19,25)",shared keeper_idle,not repairable,P2,delivered-review,32x40 aligned frames; hand-drawn angles and integer translation; no arbitrary raster rotation.
pool,Swimming-pool floor,standard,saved random middle slot,True,32x40,boiler; pump; changing annex,Lengths; float; splash; retrieve; gentle rescue,Check water; use ladder; retrieve float; demonstrate rescue,keeper_pool_rescue,keeper_clip,0,Reusable task pose,on,8@8fps,pool_rescue,"floor (16,40); neck (16,11); shoulders (10,15)/(22,15); hips (13,25)/(19,25)",shared keeper_pool_rescue,not repairable,P2,planned,32x40 aligned frames; hand-drawn angles and integer translation; no arbitrary raster rotation.
pool,Swimming-pool floor,standard,saved random middle slot,True,32x40,boiler; pump; changing annex,Lengths; float; splash; retrieve; gentle rescue,Check water; use ladder; retrieve float; demonstrate rescue,keeper_reach_use,keeper_clip,0,Reusable task pose,on,5@10fps,reach_use,"floor (16,40); neck (16,11); shoulders (10,15)/(22,15); hips (13,25)/(19,25)",shared keeper_reach_use,not repairable,P2,planned,32x40 aligned frames; hand-drawn angles and integer translation; no arbitrary raster rotation.
pool,Swimming-pool floor,standard,saved random middle slot,True,32x40,boiler; pump; changing annex,Lengths; float; splash; retrieve; gentle rescue,Check water; use ladder; retrieve float; demonstrate rescue,keeper_shrug,keeper_clip,0,Reusable task pose,on,4@8fps,shrug,"floor (16,40); neck (16,11); shoulders (10,15)/(22,15); hips (13,25)/(19,25)",shared keeper_shrug,not repairable,P2,planned,32x40 aligned frames; hand-drawn angles and integer translation; no arbitrary raster rotation.
pool,Swimming-pool floor,standard,saved random middle slot,True,32x40,boiler; pump; changing annex,Lengths; float; splash; retrieve; gentle rescue,Check water; use ladder; retrieve float; demonstrate rescue,keeper_swim_exit,keeper_clip,0,Reusable task pose,on,6@8fps,swim_exit,"floor (16,40); neck (16,11); shoulders (10,15)/(22,15); hips (13,25)/(19,25)",shared keeper_swim_exit,not repairable,P2,planned,32x40 aligned frames; hand-drawn angles and integer translation; no arbitrary raster rotation.
pool,Swimming-pool floor,standard,saved random middle slot,True,32x40,boiler; pump; changing annex,Lengths; float; splash; retrieve; gentle rescue,Check water; use ladder; retrieve float; demonstrate rescue,keeper_swim_float,keeper_clip,0,Reusable task pose,on,4@4fps,swim_float,"floor (16,40); neck (16,11); shoulders (10,15)/(22,15); hips (13,25)/(19,25)",shared keeper_swim_float,not repairable,P2,planned,32x40 aligned frames; hand-drawn angles and integer translation; no arbitrary raster rotation.
pool,Swimming-pool floor,standard,saved random middle slot,True,32x40,boiler; pump; changing annex,Lengths; float; splash; retrieve; gentle rescue,Check water; use ladder; retrieve float; demonstrate rescue,keeper_swim_idle,keeper_clip,0,Reusable task pose,on,6@8fps,swim_idle,"floor (16,40); neck (16,11); shoulders (10,15)/(22,15); hips (13,25)/(19,25)",shared keeper_swim_idle,not repairable,P2,planned,32x40 aligned frames; hand-drawn angles and integer translation; no arbitrary raster rotation.
pool,Swimming-pool floor,standard,saved random middle slot,True,32x40,boiler; pump; changing annex,Lengths; float; splash; retrieve; gentle rescue,Check water; use ladder; retrieve float; demonstrate rescue,keeper_swim_lengths,keeper_clip,0,Reusable task pose,on,8@8fps,swim_lengths,"floor (16,40); neck (16,11); shoulders (10,15)/(22,15); hips (13,25)/(19,25)",shared keeper_swim_lengths,not repairable,P2,planned,32x40 aligned frames; hand-drawn angles and integer translation; no arbitrary raster rotation.
pool,Swimming-pool floor,standard,saved random middle slot,True,32x40,boiler; pump; changing annex,Lengths; float; splash; retrieve; gentle rescue,Check water; use ladder; retrieve float; demonstrate rescue,keeper_swim_splash,keeper_clip,0,Reusable task pose,on,6@8fps,swim_splash,"floor (16,40); neck (16,11); shoulders (10,15)/(22,15); hips (13,25)/(19,25)",shared keeper_swim_splash,not repairable,P2,planned,32x40 aligned frames; hand-drawn angles and integer translation; no arbitrary raster rotation.
pool,Swimming-pool floor,standard,saved random middle slot,True,32x40,boiler; pump; changing annex,Lengths; float; splash; retrieve; gentle rescue,Check water; use ladder; retrieve float; demonstrate rescue,keeper_walk,keeper_clip,0,Reusable task pose,on,8@10fps,walk,"floor (16,40); neck (16,11); shoulders (10,15)/(22,15); hips (13,25)/(19,25)",shared keeper_walk,not repairable,P2,delivered-review,32x40 aligned frames; hand-drawn angles and integer translation; no arbitrary raster rotation.
pool,Swimming-pool floor,standard,saved random middle slot,True,32x40,boiler; pump; changing annex,Lengths; float; splash; retrieve; gentle rescue,Check water; use ladder; retrieve float; demonstrate rescue,keeper_wash_back,keeper_clip,0,Reusable task pose,on,8@8fps,wash_back,"floor (16,40); neck (16,11); shoulders (10,15)/(22,15); hips (13,25)/(19,25)",shared keeper_wash_back,not repairable,P2,delivered-review,32x40 aligned frames; hand-drawn angles and integer translation; no arbitrary raster rotation.
pool,Swimming-pool floor,standard,saved random middle slot,True,12x16,boiler; pump; changing annex,Lengths; float; splash; retrieve; gentle rescue,Check water; use ladder; retrieve float; demonstrate rescue,fx_broken_smoke,shared_effect,0,Reusable fault/reveal feedback,on,8@8fps,none,"[6, 16]",fx_broken_smoke,overlay; does not move anchors,P2,delivered-review,FX shared; casing/body motion is separately integer-safe.
pool,Swimming-pool floor,standard,saved random middle slot,True,12x12,boiler; pump; changing annex,Lengths; float; splash; retrieve; gentle rescue,Check water; use ladder; retrieve float; demonstrate rescue,fx_broken_sparks,shared_effect,0,Reusable fault/reveal feedback,on,6@12fps,none,"[6, 6]",fx_broken_sparks,overlay; does not move anchors,P2,delivered-review,FX shared; casing/body motion is separately integer-safe.
pool,Swimming-pool floor,standard,saved random middle slot,True,64x64,boiler; pump; changing annex,Lengths; float; splash; retrieve; gentle rescue,Check water; use ladder; retrieve float; demonstrate rescue,fx_floor_arrival_smoke,shared_effect,0,Reusable fault/reveal feedback,on,8@12fps,none,"[32, 64]",fx_floor_arrival_smoke,overlay; does not move anchors,P2,planned,FX shared; casing/body motion is separately integer-safe.
pool,Swimming-pool floor,standard,saved random middle slot,True,16x16,boiler; pump; changing annex,Lengths; float; splash; retrieve; gentle rescue,Check water; use ladder; retrieve float; demonstrate rescue,fx_shine,shared_effect,0,Reusable fault/reveal feedback,on,4@8fps,none,"[8, 16]",fx_shine,overlay; does not move anchors,P2,planned,FX shared; casing/body motion is separately integer-safe.
gym,Gym,standard,saved random middle slot,True,105x35,exercise equipment migration,Exercise; balance; comic flex and headstand,Sequence warm-up; balance course; short varied workout,room_gym,room_plate,0,Separate structure; enables activities below,standard,1,none,"top-left (0,0); floor y=35",room timber/stone/tile palette; no furniture,structure faults use separate interactive components,P2,planned,Exercise station left; mat centre; showers in annex right; discussed; detailed equipment proposal; source: docs/EXPANSION_DESIGN.md
gym,Gym,standard,saved random middle slot,True,5x35,exercise equipment migration,Exercise; balance; comic flex and headstand,Sequence warm-up; balance course; short varied workout,seam_standard,structural_kit,0,Connect without resizing furniture,standard,1,none,integer parent seam; walking-plane y=0,shared wall/beam/pipe segments,none; parent component controls faults,P2,planned,Core remains 110x35; 105x35 plate; world-Y stripes. Extensions consume no standard slot.
gym,Gym,standard,saved random middle slot,True,22x20,exercise equipment migration,Exercise; balance; comic flex and headstand,Sequence warm-up; balance course; short varied workout,obj_exercisebike,interactive_item,1,"PROPOSED, not coded: 10 energy and 10 fun / 20 min",standard;on;broken,standard 1; on 4@8fps; broken 1 + shared FX,flex,"bottom-centre (11,20); keeper floor anchor (16,40)",obj_exercisebike; shared fitness chassis/pose,"shared wobble(1px), smoke, intermittent sparks + stuck bearing",P2,planned,"Basic exercisebike. Manual resistance equipment. ON: 4-frame cycling or lifting. Proposed location (15,0), logical frame 22x20; stable usePoint(-8,0), effectOrigin(0,-20), bubbleOrigin(0,-28), z40. New tier mechanics and names require review; existing names preserved."
gym,Gym,standard,saved random middle slot,True,22x20,exercise equipment migration,Exercise; balance; comic flex and headstand,Sequence warm-up; balance course; short varied workout,obj_exercisebike_t2,interactive_item,2,"PROPOSED, not coded: 13 energy and 13 fun / 17 min",standard;on;broken,standard 1; on 4@8fps; broken 1 + shared FX,flex,"bottom-centre (11,20); keeper floor anchor (16,40)",obj_exercisebike; shared fitness chassis/pose,"shared wobble(1px), smoke, intermittent sparks + stuck bearing",P2,planned,"Mid-tier exercisebike. Adjustable resistance indicator. ON: 4-frame cycling or lifting. Proposed location (15,0), logical frame 22x20; stable usePoint(-8,0), effectOrigin(0,-20), bubbleOrigin(0,-28), z40. New tier mechanics and names require review; existing names preserved."
gym,Gym,standard,saved random middle slot,True,22x20,exercise equipment migration,Exercise; balance; comic flex and headstand,Sequence warm-up; balance course; short varied workout,obj_exercisebike_t3,interactive_item,3,"PROPOSED, not coded: 15 energy and 15 fun / 14 min",standard;on;broken,standard 1; on 4@8fps; broken 1 + shared FX,flex,"bottom-centre (11,20); keeper floor anchor (16,40)",obj_exercisebike; shared fitness chassis/pose,"shared wobble(1px), smoke, intermittent sparks + stuck bearing",P2,planned,"Top-tier exercisebike. Progress display with efficient activity controls. ON: 4-frame cycling or lifting. Proposed location (15,0), logical frame 22x20; stable usePoint(-8,0), effectOrigin(0,-20), bubbleOrigin(0,-28), z40. New tier mechanics and names require review; existing names preserved."
gym,Gym,standard,saved random middle slot,True,22x20,exercise equipment migration,Exercise; balance; comic flex and headstand,Sequence warm-up; balance course; short varied workout,obj_weights,interactive_item,1,"PROPOSED, not coded: 10 energy and 10 fun / 20 min",standard;on;broken,standard 1; on 4@8fps; broken 1 + shared FX,flex,"bottom-centre (11,20); keeper floor anchor (16,40)",obj_weights; shared fitness chassis/pose,"shared wobble(1px), smoke, intermittent sparks + stuck bearing",P2,planned,"Basic weights. Manual resistance equipment. ON: 4-frame cycling or lifting. Proposed location (41,0), logical frame 22x20; stable usePoint(-8,0), effectOrigin(0,-20), bubbleOrigin(0,-28), z40. New tier mechanics and names require review; existing names preserved."
gym,Gym,standard,saved random middle slot,True,22x20,exercise equipment migration,Exercise; balance; comic flex and headstand,Sequence warm-up; balance course; short varied workout,obj_weights_t2,interactive_item,2,"PROPOSED, not coded: 13 energy and 13 fun / 17 min",standard;on;broken,standard 1; on 4@8fps; broken 1 + shared FX,flex,"bottom-centre (11,20); keeper floor anchor (16,40)",obj_weights; shared fitness chassis/pose,"shared wobble(1px), smoke, intermittent sparks + stuck bearing",P2,planned,"Mid-tier weights. Adjustable resistance indicator. ON: 4-frame cycling or lifting. Proposed location (41,0), logical frame 22x20; stable usePoint(-8,0), effectOrigin(0,-20), bubbleOrigin(0,-28), z40. New tier mechanics and names require review; existing names preserved."
gym,Gym,standard,saved random middle slot,True,22x20,exercise equipment migration,Exercise; balance; comic flex and headstand,Sequence warm-up; balance course; short varied workout,obj_weights_t3,interactive_item,3,"PROPOSED, not coded: 15 energy and 15 fun / 14 min",standard;on;broken,standard 1; on 4@8fps; broken 1 + shared FX,flex,"bottom-centre (11,20); keeper floor anchor (16,40)",obj_weights; shared fitness chassis/pose,"shared wobble(1px), smoke, intermittent sparks + stuck bearing",P2,planned,"Top-tier weights. Progress display with efficient activity controls. ON: 4-frame cycling or lifting. Proposed location (41,0), logical frame 22x20; stable usePoint(-8,0), effectOrigin(0,-20), bubbleOrigin(0,-28), z40. New tier mechanics and names require review; existing names preserved."
gym,Gym,standard,saved random middle slot,True,12x12,exercise equipment migration,Exercise; balance; comic flex and headstand,Sequence warm-up; balance course; short varied workout,prop_exercise_mat,dressing_or_activity_prop,1,Supports Exercise; balance; comic flex and headstand; single tier,standard,1,reach_use,bottom-centre; water surface top-left,shared prop_exercise_mat,not independently interactive; no repair tier,P2,planned,Separate prop; do not bake interactive furniture into plates. Exact final appearance proposal.
gym,Gym,standard,saved random middle slot,True,12x12,exercise equipment migration,Exercise; balance; comic flex and headstand,Sequence warm-up; balance course; short varied workout,prop_balance_beam,dressing_or_activity_prop,1,Supports Exercise; balance; comic flex and headstand; single tier,standard,1,reach_use,bottom-centre; water surface top-left,shared prop_balance_beam,not independently interactive; no repair tier,P2,planned,Separate prop; do not bake interactive furniture into plates. Exact final appearance proposal.
gym,Gym,standard,saved random middle slot,True,32x40,exercise equipment migration,Exercise; balance; comic flex and headstand,Sequence warm-up; balance course; short varied workout,keeper_flex,keeper_clip,0,Reusable task pose,on,5@8fps,flex,"floor (16,40); neck (16,11); shoulders (10,15)/(22,15); hips (13,25)/(19,25)",shared keeper_flex,not repairable,P2,planned,32x40 aligned frames; hand-drawn angles and integer translation; no arbitrary raster rotation.
gym,Gym,standard,saved random middle slot,True,32x40,exercise equipment migration,Exercise; balance; comic flex and headstand,Sequence warm-up; balance course; short varied workout,keeper_greet,keeper_clip,0,Reusable task pose,on,5@8fps,greet,"floor (16,40); neck (16,11); shoulders (10,15)/(22,15); hips (13,25)/(19,25)",shared keeper_greet,not repairable,P2,planned,32x40 aligned frames; hand-drawn angles and integer translation; no arbitrary raster rotation.
gym,Gym,standard,saved random middle slot,True,32x40,exercise equipment migration,Exercise; balance; comic flex and headstand,Sequence warm-up; balance course; short varied workout,keeper_idle,keeper_clip,0,Reusable task pose,on,4@6fps,idle,"floor (16,40); neck (16,11); shoulders (10,15)/(22,15); hips (13,25)/(19,25)",shared keeper_idle,not repairable,P2,delivered-review,32x40 aligned frames; hand-drawn angles and integer translation; no arbitrary raster rotation.
gym,Gym,standard,saved random middle slot,True,32x40,exercise equipment migration,Exercise; balance; comic flex and headstand,Sequence warm-up; balance course; short varied workout,keeper_reach_use,keeper_clip,0,Reusable task pose,on,5@10fps,reach_use,"floor (16,40); neck (16,11); shoulders (10,15)/(22,15); hips (13,25)/(19,25)",shared keeper_reach_use,not repairable,P2,planned,32x40 aligned frames; hand-drawn angles and integer translation; no arbitrary raster rotation.
gym,Gym,standard,saved random middle slot,True,32x40,exercise equipment migration,Exercise; balance; comic flex and headstand,Sequence warm-up; balance course; short varied workout,keeper_shrug,keeper_clip,0,Reusable task pose,on,4@8fps,shrug,"floor (16,40); neck (16,11); shoulders (10,15)/(22,15); hips (13,25)/(19,25)",shared keeper_shrug,not repairable,P2,planned,32x40 aligned frames; hand-drawn angles and integer translation; no arbitrary raster rotation.
gym,Gym,standard,saved random middle slot,True,32x40,exercise equipment migration,Exercise; balance; comic flex and headstand,Sequence warm-up; balance course; short varied workout,keeper_walk,keeper_clip,0,Reusable task pose,on,8@10fps,walk,"floor (16,40); neck (16,11); shoulders (10,15)/(22,15); hips (13,25)/(19,25)",shared keeper_walk,not repairable,P2,delivered-review,32x40 aligned frames; hand-drawn angles and integer translation; no arbitrary raster rotation.
gym,Gym,standard,saved random middle slot,True,12x16,exercise equipment migration,Exercise; balance; comic flex and headstand,Sequence warm-up; balance course; short varied workout,fx_broken_smoke,shared_effect,0,Reusable fault/reveal feedback,on,8@8fps,none,"[6, 16]",fx_broken_smoke,overlay; does not move anchors,P2,delivered-review,FX shared; casing/body motion is separately integer-safe.
gym,Gym,standard,saved random middle slot,True,12x12,exercise equipment migration,Exercise; balance; comic flex and headstand,Sequence warm-up; balance course; short varied workout,fx_broken_sparks,shared_effect,0,Reusable fault/reveal feedback,on,6@12fps,none,"[6, 6]",fx_broken_sparks,overlay; does not move anchors,P2,delivered-review,FX shared; casing/body motion is separately integer-safe.
gym,Gym,standard,saved random middle slot,True,64x64,exercise equipment migration,Exercise; balance; comic flex and headstand,Sequence warm-up; balance course; short varied workout,fx_floor_arrival_smoke,shared_effect,0,Reusable fault/reveal feedback,on,8@12fps,none,"[32, 64]",fx_floor_arrival_smoke,overlay; does not move anchors,P2,planned,FX shared; casing/body motion is separately integer-safe.
gym,Gym,standard,saved random middle slot,True,16x16,exercise equipment migration,Exercise; balance; comic flex and headstand,Sequence warm-up; balance course; short varied workout,fx_shine,shared_effect,0,Reusable fault/reveal feedback,on,4@8fps,none,"[8, 16]",fx_shine,overlay; does not move anchors,P2,planned,FX shared; casing/body motion is separately integer-safe.
boiler,Boiler room,standard,saved random middle slot,True,105x35,fuel or power; water services,Heat; pressure diagnosis; reset and test tap,Read pressure; select pipe/fuse/reset; test hot tap,room_boiler,room_plate,0,Separate structure; enables activities below,standard,1,none,"top-left (0,0); floor y=35",room timber/stone/tile palette; no furniture,structure faults use separate interactive components,P2,planned,"Boiler centre; pipes left; gauge and service panel right; approved idea; failure degrades water, never disables toilets; source: docs/EXPANSION_DESIGN.md"
boiler,Boiler room,standard,saved random middle slot,True,5x35,fuel or power; water services,Heat; pressure diagnosis; reset and test tap,Read pressure; select pipe/fuse/reset; test hot tap,seam_standard,structural_kit,0,Connect without resizing furniture,standard,1,none,integer parent seam; walking-plane y=0,shared wall/beam/pipe segments,none; parent component controls faults,P2,planned,Core remains 110x35; 105x35 plate; world-Y stripes. Extensions consume no standard slot.
boiler,Boiler room,standard,saved random middle slot,True,22x20,fuel or power; water services,Heat; pressure diagnosis; reset and test tap,Read pressure; select pipe/fuse/reset; test hot tap,obj_boiler,interactive_item,1,"PROPOSED, not coded: heat 1 connected service bay per charge",standard;on;broken,standard 1; on 4@8fps; broken 1 + shared FX,reach_use,"bottom-centre (11,20); keeper floor anchor (16,40)",obj_boiler; shared heat chassis/pose,"shared wobble(1px), smoke, intermittent sparks + gauge fault; cold fallback remains",P2,planned,"Basic boiler. Pilot flame and one pressure band. ON: 4-frame pressure flame. Proposed location (15,0), logical frame 22x20; stable usePoint(-8,0), effectOrigin(0,-20), bubbleOrigin(0,-28), z40. New tier mechanics and names require review; existing names preserved."
boiler,Boiler room,standard,saved random middle slot,True,22x20,fuel or power; water services,Heat; pressure diagnosis; reset and test tap,Read pressure; select pipe/fuse/reset; test hot tap,obj_boiler_t2,interactive_item,2,"PROPOSED, not coded: heat 2 service bays per charge",standard;on;broken,standard 1; on 4@8fps; broken 1 + shared FX,reach_use,"bottom-centre (11,20); keeper floor anchor (16,40)",obj_boiler; shared heat chassis/pose,"shared wobble(1px), smoke, intermittent sparks + gauge fault; cold fallback remains",P2,planned,"Mid-tier boiler. Larger exchanger and two pressure bands. ON: 4-frame pressure flame. Proposed location (15,0), logical frame 22x20; stable usePoint(-8,0), effectOrigin(0,-20), bubbleOrigin(0,-28), z40. New tier mechanics and names require review; existing names preserved."
boiler,Boiler room,standard,saved random middle slot,True,22x20,fuel or power; water services,Heat; pressure diagnosis; reset and test tap,Read pressure; select pipe/fuse/reset; test hot tap,obj_boiler_t3,interactive_item,3,"PROPOSED, not coded: heat 3 service bays per charge",standard;on;broken,standard 1; on 4@8fps; broken 1 + shared FX,reach_use,"bottom-centre (11,20); keeper floor anchor (16,40)",obj_boiler; shared heat chassis/pose,"shared wobble(1px), smoke, intermittent sparks + gauge fault; cold fallback remains",P2,planned,"Top-tier boiler. Three service circuits and efficiency gauge. ON: 4-frame pressure flame. Proposed location (15,0), logical frame 22x20; stable usePoint(-8,0), effectOrigin(0,-20), bubbleOrigin(0,-28), z40. New tier mechanics and names require review; existing names preserved."
boiler,Boiler room,standard,saved random middle slot,True,22x20,fuel or power; water services,Heat; pressure diagnosis; reset and test tap,Read pressure; select pipe/fuse/reset; test hot tap,obj_pressuregauge,interactive_item,1,"PROPOSED, not coded: one pressure reading / 10 min",standard;on;broken,standard 1; on 4@8fps; broken 1 + shared FX,reach_use,"bottom-centre (11,20); keeper floor anchor (16,40)",obj_pressuregauge; shared measure chassis/pose,"shared wobble(1px), smoke, intermittent sparks + frozen dial",P2,planned,"Basic pressuregauge. Basic: simple manual mechanism and few visible controls. ON: 4-frame reading. Proposed location (41,0), logical frame 22x20; stable usePoint(-8,0), effectOrigin(0,-20), bubbleOrigin(0,-28), z40. New tier mechanics and names require review; existing names preserved."
boiler,Boiler room,standard,saved random middle slot,True,16x35,fuel or power; water services,Heat; pressure diagnosis; reset and test tap,Read pressure; select pipe/fuse/reset; test hot tap,prop_pipe_set,dressing_or_activity_prop,1,Supports Heat; pressure diagnosis; reset and test tap; single tier,standard,1,reach_use,bottom-centre; water surface top-left,shared prop_pipe_set,not independently interactive; no repair tier,P2,planned,Separate prop; do not bake interactive furniture into plates. Exact final appearance proposal.
boiler,Boiler room,standard,saved random middle slot,True,12x12,fuel or power; water services,Heat; pressure diagnosis; reset and test tap,Read pressure; select pipe/fuse/reset; test hot tap,prop_radiator,dressing_or_activity_prop,1,Supports Heat; pressure diagnosis; reset and test tap; single tier,standard,1,reach_use,bottom-centre; water surface top-left,shared prop_radiator,not independently interactive; no repair tier,P2,planned,Separate prop; do not bake interactive furniture into plates. Exact final appearance proposal.
boiler,Boiler room,standard,saved random middle slot,True,32x40,fuel or power; water services,Heat; pressure diagnosis; reset and test tap,Read pressure; select pipe/fuse/reset; test hot tap,keeper_greet,keeper_clip,0,Reusable task pose,on,5@8fps,greet,"floor (16,40); neck (16,11); shoulders (10,15)/(22,15); hips (13,25)/(19,25)",shared keeper_greet,not repairable,P2,planned,32x40 aligned frames; hand-drawn angles and integer translation; no arbitrary raster rotation.
boiler,Boiler room,standard,saved random middle slot,True,32x40,fuel or power; water services,Heat; pressure diagnosis; reset and test tap,Read pressure; select pipe/fuse/reset; test hot tap,keeper_idle,keeper_clip,0,Reusable task pose,on,4@6fps,idle,"floor (16,40); neck (16,11); shoulders (10,15)/(22,15); hips (13,25)/(19,25)",shared keeper_idle,not repairable,P2,delivered-review,32x40 aligned frames; hand-drawn angles and integer translation; no arbitrary raster rotation.
boiler,Boiler room,standard,saved random middle slot,True,32x40,fuel or power; water services,Heat; pressure diagnosis; reset and test tap,Read pressure; select pipe/fuse/reset; test hot tap,keeper_reach_use,keeper_clip,0,Reusable task pose,on,5@10fps,reach_use,"floor (16,40); neck (16,11); shoulders (10,15)/(22,15); hips (13,25)/(19,25)",shared keeper_reach_use,not repairable,P2,planned,32x40 aligned frames; hand-drawn angles and integer translation; no arbitrary raster rotation.
boiler,Boiler room,standard,saved random middle slot,True,32x40,fuel or power; water services,Heat; pressure diagnosis; reset and test tap,Read pressure; select pipe/fuse/reset; test hot tap,keeper_shrug,keeper_clip,0,Reusable task pose,on,4@8fps,shrug,"floor (16,40); neck (16,11); shoulders (10,15)/(22,15); hips (13,25)/(19,25)",shared keeper_shrug,not repairable,P2,planned,32x40 aligned frames; hand-drawn angles and integer translation; no arbitrary raster rotation.
boiler,Boiler room,standard,saved random middle slot,True,32x40,fuel or power; water services,Heat; pressure diagnosis; reset and test tap,Read pressure; select pipe/fuse/reset; test hot tap,keeper_walk,keeper_clip,0,Reusable task pose,on,8@10fps,walk,"floor (16,40); neck (16,11); shoulders (10,15)/(22,15); hips (13,25)/(19,25)",shared keeper_walk,not repairable,P2,delivered-review,32x40 aligned frames; hand-drawn angles and integer translation; no arbitrary raster rotation.
boiler,Boiler room,standard,saved random middle slot,True,12x16,fuel or power; water services,Heat; pressure diagnosis; reset and test tap,Read pressure; select pipe/fuse/reset; test hot tap,fx_broken_smoke,shared_effect,0,Reusable fault/reveal feedback,on,8@8fps,none,"[6, 16]",fx_broken_smoke,overlay; does not move anchors,P2,delivered-review,FX shared; casing/body motion is separately integer-safe.
boiler,Boiler room,standard,saved random middle slot,True,12x12,fuel or power; water services,Heat; pressure diagnosis; reset and test tap,Read pressure; select pipe/fuse/reset; test hot tap,fx_broken_sparks,shared_effect,0,Reusable fault/reveal feedback,on,6@12fps,none,"[6, 6]",fx_broken_sparks,overlay; does not move anchors,P2,delivered-review,FX shared; casing/body motion is separately integer-safe.
boiler,Boiler room,standard,saved random middle slot,True,64x64,fuel or power; water services,Heat; pressure diagnosis; reset and test tap,Read pressure; select pipe/fuse/reset; test hot tap,fx_floor_arrival_smoke,shared_effect,0,Reusable fault/reveal feedback,on,8@12fps,none,"[32, 64]",fx_floor_arrival_smoke,overlay; does not move anchors,P2,planned,FX shared; casing/body motion is separately integer-safe.
boiler,Boiler room,standard,saved random middle slot,True,16x16,fuel or power; water services,Heat; pressure diagnosis; reset and test tap,Read pressure; select pipe/fuse/reset; test hot tap,fx_shine,shared_effect,0,Reusable fault/reveal feedback,on,4@8fps,none,"[8, 16]",fx_shine,overlay; does not move anchors,P2,planned,FX shared; casing/body motion is separately integer-safe.
lair,Hidden underground lair,underground,concealed below terrain; revealed only on unlock,False,105x35,Strange Rumblings mission,Gadgets; games; secret discoveries,"Current mission counts digging, visitors and quiz clues; future bespoke mechanism puzzle proposed",room_lair,room_plate,0,Separate structure; enables activities below,standard,1,none,"top-left (0,0); floor y=35",room timber/stone/tile palette; no furniture,structure faults use separate interactive components,P1,planned,Console left; gadget bench right; concealed rock walls; runtime hook; terrain reveal only on unlock; source: docs/EXPANSION_DESIGN.md
lair,Hidden underground lair,underground,concealed below terrain; revealed only on unlock,False,5x35,Strange Rumblings mission,Gadgets; games; secret discoveries,"Current mission counts digging, visitors and quiz clues; future bespoke mechanism puzzle proposed",seam_underground,structural_kit,0,Connect without resizing furniture,standard,1,none,integer parent seam; walking-plane y=0,shared wall/beam/pipe segments,none; parent component controls faults,P1,planned,Core remains 110x35; 105x35 plate; world-Y stripes. Extensions consume no standard slot.
lair,Hidden underground lair,underground,concealed below terrain; revealed only on unlock,False,28x22,Strange Rumblings mission,Gadgets; games; secret discoveries,"Current mission counts digging, visitors and quiz clues; future bespoke mechanism puzzle proposed",obj_console,interactive_item,1,"Runtime: Use the secret computer; 30 game min; fun +28, energy -4 (need caps apply); proposed specialist perk: 1 clue per 20 game min",standard;on;broken,standard 1; on 4@8fps; broken 1 + shared FX,read,"bottom-centre (14,22); keeper floor anchor (16,40)",obj_console; shared research chassis/pose,"shared wobble(1px), smoke, intermittent sparks + stuck page or screen",P1,planned,"Old computer. Manual book, board or simple computer. ON: 4-frame page or display change. Proposed location (18,0), logical frame 28x22; stable usePoint(-8,0), effectOrigin(0,-22), bubbleOrigin(0,-30), z40. New tier mechanics and names require review; existing names preserved."
lair,Hidden underground lair,underground,concealed below terrain; revealed only on unlock,False,28x22,Strange Rumblings mission,Gadgets; games; secret discoveries,"Current mission counts digging, visitors and quiz clues; future bespoke mechanism puzzle proposed",obj_console_t2,interactive_item,2,"Runtime: Use the secret computer; 26 game min; fun +35, energy -4 (need caps apply); proposed specialist perk: 2 clues per 17 game min",standard;on;broken,standard 1; on 4@8fps; broken 1 + shared FX,read,"bottom-centre (14,22); keeper floor anchor (16,40)",obj_console; shared research chassis/pose,"shared wobble(1px), smoke, intermittent sparks + stuck page or screen",P1,planned,"Gaming PC. Indexed storage or improved terminal. ON: 4-frame page or display change. Proposed location (18,0), logical frame 28x22; stable usePoint(-8,0), effectOrigin(0,-22), bubbleOrigin(0,-30), z40. New tier mechanics and names require review; existing names preserved."
lair,Hidden underground lair,underground,concealed below terrain; revealed only on unlock,False,28x22,Strange Rumblings mission,Gadgets; games; secret discoveries,"Current mission counts digging, visitors and quiz clues; future bespoke mechanism puzzle proposed",obj_console_t3,interactive_item,3,"Runtime: Use the secret computer; 21 game min; fun +42, energy -4 (need caps apply); proposed specialist perk: 3 clues per 14 game min",standard;on;broken,standard 1; on 4@8fps; broken 1 + shared FX,read,"bottom-centre (14,22); keeper floor anchor (16,40)",obj_console; shared research chassis/pose,"shared wobble(1px), smoke, intermittent sparks + stuck page or screen",P1,planned,"Supercomputer wall. Search interface or clue display; no live internet. ON: 4-frame page or display change. Proposed location (18,0), logical frame 28x22; stable usePoint(-8,0), effectOrigin(0,-22), bubbleOrigin(0,-30), z40. New tier mechanics and names require review; existing names preserved."
lair,Hidden underground lair,underground,concealed below terrain; revealed only on unlock,False,28x20,Strange Rumblings mission,Gadgets; games; secret discoveries,"Current mission counts digging, visitors and quiz clues; future bespoke mechanism puzzle proposed",obj_gadgets,interactive_item,1,"Runtime: Tinker with gadgets; 30 game min; fun +24, tidiness -8 (need caps apply); proposed specialist perk: 1 completed batch / 30 min",standard;on;broken,standard 1; on 4@8fps; broken 1 + shared FX,cook_back,"bottom-centre (14,20); keeper floor anchor (16,40)",obj_gadgets; shared craft chassis/pose,"shared wobble(1px), smoke, intermittent sparks + blocked spindle",P1,planned,"Workbench. Manual wheel, printer or assembly bench. ON: 4-frame tool movement. Proposed location (50,0), logical frame 28x20; stable usePoint(-8,0), effectOrigin(0,-20), bubbleOrigin(0,-28), z40. New tier mechanics and names require review; existing names preserved."
lair,Hidden underground lair,underground,concealed below terrain; revealed only on unlock,False,28x20,Strange Rumblings mission,Gadgets; games; secret discoveries,"Current mission counts digging, visitors and quiz clues; future bespoke mechanism puzzle proposed",obj_gadgets_t2,interactive_item,2,"Runtime: Tinker with gadgets; 26 game min; fun +30, tidiness -8 (need caps apply); proposed specialist perk: 2 batches / 26 min",standard;on;broken,standard 1; on 4@8fps; broken 1 + shared FX,cook_back,"bottom-centre (14,20); keeper floor anchor (16,40)",obj_gadgets; shared craft chassis/pose,"shared wobble(1px), smoke, intermittent sparks + blocked spindle",P1,planned,"Gadget bench. Two-batch fixture or feed tray. ON: 4-frame tool movement. Proposed location (50,0), logical frame 28x20; stable usePoint(-8,0), effectOrigin(0,-20), bubbleOrigin(0,-28), z40. New tier mechanics and names require review; existing names preserved."
lair,Hidden underground lair,underground,concealed below terrain; revealed only on unlock,False,28x20,Strange Rumblings mission,Gadgets; games; secret discoveries,"Current mission counts digging, visitors and quiz clues; future bespoke mechanism puzzle proposed",obj_gadgets_t3,interactive_item,3,"Runtime: Tinker with gadgets; 21 game min; fun +36, tidiness -8 (need caps apply); proposed specialist perk: 3 batches / 21 min",standard;on;broken,standard 1; on 4@8fps; broken 1 + shared FX,cook_back,"bottom-centre (14,20); keeper floor anchor (16,40)",obj_gadgets; shared craft chassis/pose,"shared wobble(1px), smoke, intermittent sparks + blocked spindle",P1,planned,"Robot lab. Three-batch automated fixture; same anchor. ON: 4-frame tool movement. Proposed location (50,0), logical frame 28x20; stable usePoint(-8,0), effectOrigin(0,-20), bubbleOrigin(0,-28), z40. New tier mechanics and names require review; existing names preserved."
lair,Hidden underground lair,underground,concealed below terrain; revealed only on unlock,False,12x12,Strange Rumblings mission,Gadgets; games; secret discoveries,"Current mission counts digging, visitors and quiz clues; future bespoke mechanism puzzle proposed",prop_rock_lining,dressing_or_activity_prop,1,Supports Gadgets; games; secret discoveries; single tier,standard,1,reach_use,bottom-centre; water surface top-left,shared prop_rock_lining,not independently interactive; no repair tier,P1,planned,Separate prop; do not bake interactive furniture into plates. Exact final appearance proposal.
lair,Hidden underground lair,underground,concealed below terrain; revealed only on unlock,False,12x12,Strange Rumblings mission,Gadgets; games; secret discoveries,"Current mission counts digging, visitors and quiz clues; future bespoke mechanism puzzle proposed",prop_secret_door,dressing_or_activity_prop,1,Supports Gadgets; games; secret discoveries; single tier,standard,1,reach_use,bottom-centre; water surface top-left,shared prop_secret_door,not independently interactive; no repair tier,P1,planned,Separate prop; do not bake interactive furniture into plates. Exact final appearance proposal.
lair,Hidden underground lair,underground,concealed below terrain; revealed only on unlock,False,32x40,Strange Rumblings mission,Gadgets; games; secret discoveries,"Current mission counts digging, visitors and quiz clues; future bespoke mechanism puzzle proposed",keeper_cook_back,keeper_clip,0,Reusable task pose,on,8@8fps,cook_back,"floor (16,40); neck (16,11); shoulders (10,15)/(22,15); hips (13,25)/(19,25)",shared keeper_cook_back,not repairable,P1,delivered-review,32x40 aligned frames; hand-drawn angles and integer translation; no arbitrary raster rotation.
lair,Hidden underground lair,underground,concealed below terrain; revealed only on unlock,False,32x40,Strange Rumblings mission,Gadgets; games; secret discoveries,"Current mission counts digging, visitors and quiz clues; future bespoke mechanism puzzle proposed",keeper_greet,keeper_clip,0,Reusable task pose,on,5@8fps,greet,"floor (16,40); neck (16,11); shoulders (10,15)/(22,15); hips (13,25)/(19,25)",shared keeper_greet,not repairable,P1,planned,32x40 aligned frames; hand-drawn angles and integer translation; no arbitrary raster rotation.
lair,Hidden underground lair,underground,concealed below terrain; revealed only on unlock,False,32x40,Strange Rumblings mission,Gadgets; games; secret discoveries,"Current mission counts digging, visitors and quiz clues; future bespoke mechanism puzzle proposed",keeper_idle,keeper_clip,0,Reusable task pose,on,4@6fps,idle,"floor (16,40); neck (16,11); shoulders (10,15)/(22,15); hips (13,25)/(19,25)",shared keeper_idle,not repairable,P1,delivered-review,32x40 aligned frames; hand-drawn angles and integer translation; no arbitrary raster rotation.
lair,Hidden underground lair,underground,concealed below terrain; revealed only on unlock,False,32x40,Strange Rumblings mission,Gadgets; games; secret discoveries,"Current mission counts digging, visitors and quiz clues; future bespoke mechanism puzzle proposed",keeper_reach_use,keeper_clip,0,Reusable task pose,on,5@10fps,reach_use,"floor (16,40); neck (16,11); shoulders (10,15)/(22,15); hips (13,25)/(19,25)",shared keeper_reach_use,not repairable,P1,planned,32x40 aligned frames; hand-drawn angles and integer translation; no arbitrary raster rotation.
lair,Hidden underground lair,underground,concealed below terrain; revealed only on unlock,False,32x40,Strange Rumblings mission,Gadgets; games; secret discoveries,"Current mission counts digging, visitors and quiz clues; future bespoke mechanism puzzle proposed",keeper_read,keeper_clip,0,Reusable task pose,on,4@5fps,read,"floor (16,40); neck (16,11); shoulders (10,15)/(22,15); hips (13,25)/(19,25)",shared keeper_read,not repairable,P1,planned,32x40 aligned frames; hand-drawn angles and integer translation; no arbitrary raster rotation.
lair,Hidden underground lair,underground,concealed below terrain; revealed only on unlock,False,32x40,Strange Rumblings mission,Gadgets; games; secret discoveries,"Current mission counts digging, visitors and quiz clues; future bespoke mechanism puzzle proposed",keeper_shrug,keeper_clip,0,Reusable task pose,on,4@8fps,shrug,"floor (16,40); neck (16,11); shoulders (10,15)/(22,15); hips (13,25)/(19,25)",shared keeper_shrug,not repairable,P1,planned,32x40 aligned frames; hand-drawn angles and integer translation; no arbitrary raster rotation.
lair,Hidden underground lair,underground,concealed below terrain; revealed only on unlock,False,32x40,Strange Rumblings mission,Gadgets; games; secret discoveries,"Current mission counts digging, visitors and quiz clues; future bespoke mechanism puzzle proposed",keeper_walk,keeper_clip,0,Reusable task pose,on,8@10fps,walk,"floor (16,40); neck (16,11); shoulders (10,15)/(22,15); hips (13,25)/(19,25)",shared keeper_walk,not repairable,P1,delivered-review,32x40 aligned frames; hand-drawn angles and integer translation; no arbitrary raster rotation.
lair,Hidden underground lair,underground,concealed below terrain; revealed only on unlock,False,12x16,Strange Rumblings mission,Gadgets; games; secret discoveries,"Current mission counts digging, visitors and quiz clues; future bespoke mechanism puzzle proposed",fx_broken_smoke,shared_effect,0,Reusable fault/reveal feedback,on,8@8fps,none,"[6, 16]",fx_broken_smoke,overlay; does not move anchors,P1,delivered-review,FX shared; casing/body motion is separately integer-safe.
lair,Hidden underground lair,underground,concealed below terrain; revealed only on unlock,False,12x12,Strange Rumblings mission,Gadgets; games; secret discoveries,"Current mission counts digging, visitors and quiz clues; future bespoke mechanism puzzle proposed",fx_broken_sparks,shared_effect,0,Reusable fault/reveal feedback,on,6@12fps,none,"[6, 6]",fx_broken_sparks,overlay; does not move anchors,P1,delivered-review,FX shared; casing/body motion is separately integer-safe.
lair,Hidden underground lair,underground,concealed below terrain; revealed only on unlock,False,64x64,Strange Rumblings mission,Gadgets; games; secret discoveries,"Current mission counts digging, visitors and quiz clues; future bespoke mechanism puzzle proposed",fx_floor_arrival_smoke,shared_effect,0,Reusable fault/reveal feedback,on,8@12fps,none,"[32, 64]",fx_floor_arrival_smoke,overlay; does not move anchors,P1,planned,FX shared; casing/body motion is separately integer-safe.
lair,Hidden underground lair,underground,concealed below terrain; revealed only on unlock,False,16x16,Strange Rumblings mission,Gadgets; games; secret discoveries,"Current mission counts digging, visitors and quiz clues; future bespoke mechanism puzzle proposed",fx_shine,shared_effect,0,Reusable fault/reveal feedback,on,4@8fps,none,"[8, 16]",fx_shine,overlay; does not move anchors,P1,planned,FX shared; casing/body motion is separately integer-safe.
ensuite,Bedroom en suite,subroom,inside parent; no independent slot,False,36x35,bedroom,Wash; brush teeth; loo,Essential from day one,facility_ensuite,room_plate,0,Separate structure; enables activities below,standard,1,none,"top-left (0,0); floor y=35",room timber/stone/tile palette; no furniture,structure faults use separate interactive components,P2,planned,Within bedroom x74..110; opaque privacy door; basin then loo; locked; no independent stack slot; source: docs/PRODUCTION_ASSET_KIT.md; docs/CODEX_BRIEF.md
ensuite,Bedroom en suite,subroom,inside parent; no independent slot,False,5x35,bedroom,Wash; brush teeth; loo,Essential from day one,seam_subroom,structural_kit,0,Connect without resizing furniture,standard,1,none,integer parent seam; walking-plane y=0,shared wall/beam/pipe segments,none; parent component controls faults,P2,planned,Core remains 110x35; 105x35 plate; world-Y stripes. Extensions consume no standard slot.
ensuite,Bedroom en suite,subroom,inside parent; no independent slot,False,15x28,bedroom,Wash; brush teeth; loo,Essential from day one,obj_basin,interactive_item,1,Runtime: Have a wash; 15 game min; hygiene +40 (need caps apply); proposed specialist perk: 40 hygiene / 15 min,standard;on;broken,standard 1; on 4@8fps; broken 1 + shared FX,wash_back,"bottom-centre (7,28); keeper floor anchor (16,40)",obj_basin; shared wash chassis/pose,"shared wobble(1px), smoke, intermittent sparks + leaking tap",P2,planned,"Chipped wash basin. Simple pedestal tap or basic shower. ON: 4-frame water. Proposed location (10,0), logical frame 15x28; stable usePoint(-8,0), effectOrigin(0,-28), bubbleOrigin(0,-36), z40. New tier mechanics and names require review; existing names preserved."
ensuite,Bedroom en suite,subroom,inside parent; no independent slot,False,15x28,bedroom,Wash; brush teeth; loo,Essential from day one,obj_basin_t2,interactive_item,2,Runtime: Have a wash; 13 game min; hygiene +50 (need caps apply); proposed specialist perk: 50 hygiene / 13 min,standard;on;broken,standard 1; on 4@8fps; broken 1 + shared FX,wash_back,"bottom-centre (7,28); keeper floor anchor (16,40)",obj_basin; shared wash chassis/pose,"shared wobble(1px), smoke, intermittent sparks + leaking tap",P2,planned,"Basin with a shower. Added mixer/shower control. ON: 4-frame water. Proposed location (10,0), logical frame 15x28; stable usePoint(-8,0), effectOrigin(0,-28), bubbleOrigin(0,-36), z40. New tier mechanics and names require review; existing names preserved."
ensuite,Bedroom en suite,subroom,inside parent; no independent slot,False,15x28,bedroom,Wash; brush teeth; loo,Essential from day one,obj_basin_t3,interactive_item,3,Runtime: Have a wash; 11 game min; hygiene +60 (need caps apply); proposed specialist perk: 60 hygiene / 11 min,standard;on;broken,standard 1; on 4@8fps; broken 1 + shared FX,wash_back,"bottom-centre (7,28); keeper floor anchor (16,40)",obj_basin; shared wash chassis/pose,"shared wobble(1px), smoke, intermittent sparks + leaking tap",P2,planned,"Spa bathroom with rainfall shower. Rainfall head and warm-water status light. ON: 4-frame water. Proposed location (10,0), logical frame 15x28; stable usePoint(-8,0), effectOrigin(0,-28), bubbleOrigin(0,-36), z40. New tier mechanics and names require review; existing names preserved."
ensuite,Bedroom en suite,subroom,inside parent; no independent slot,False,13x18,bedroom,Wash; brush teeth; loo,Essential from day one,obj_toilet,interactive_item,1,Runtime: Go to the loo; 8 game min; bladder +70 (need caps apply); proposed specialist perk: 70 bladder / 8 min,standard;on;broken,standard 1; on 4@8fps; broken 1 + shared FX,loo_hide,"bottom-centre (6,18); keeper floor anchor (16,40)",obj_toilet; shared loo chassis/pose,"shared wobble(1px), smoke, intermittent sparks + cistern rattle",P2,planned,"Clanky loo. Cistern and plain seat. ON: 4-frame flush. Proposed location (27,0), logical frame 13x18; stable usePoint(-8,0), effectOrigin(0,-18), bubbleOrigin(0,-26), z40. New tier mechanics and names require review; existing names preserved."
ensuite,Bedroom en suite,subroom,inside parent; no independent slot,False,13x18,bedroom,Wash; brush teeth; loo,Essential from day one,obj_toilet_t2,interactive_item,2,Runtime: Go to the loo; 7 game min; bladder +88 (need caps apply); proposed specialist perk: 88 bladder / 7 min,standard;on;broken,standard 1; on 4@8fps; broken 1 + shared FX,loo_hide,"bottom-centre (6,18); keeper floor anchor (16,40)",obj_toilet; shared loo chassis/pose,"shared wobble(1px), smoke, intermittent sparks + cistern rattle",P2,planned,"Quiet-flush loo. Quiet-flush cistern with handle indicator. ON: 4-frame flush. Proposed location (27,0), logical frame 13x18; stable usePoint(-8,0), effectOrigin(0,-18), bubbleOrigin(0,-26), z40. New tier mechanics and names require review; existing names preserved."
ensuite,Bedroom en suite,subroom,inside parent; no independent slot,False,13x18,bedroom,Wash; brush teeth; loo,Essential from day one,obj_toilet_t3,interactive_item,3,Runtime: Go to the loo; 6 game min; bladder +105 (need caps apply); proposed specialist perk: 105 nominal bladder capped at 100 / 6 min,standard;on;broken,standard 1; on 4@8fps; broken 1 + shared FX,loo_hide,"bottom-centre (6,18); keeper floor anchor (16,40)",obj_toilet; shared loo chassis/pose,"shared wobble(1px), smoke, intermittent sparks + cistern rattle",P2,planned,"Heated-seat loo with music. Heated-seat switch and comfort indicator. ON: 4-frame flush. Proposed location (27,0), logical frame 13x18; stable usePoint(-8,0), effectOrigin(0,-18), bubbleOrigin(0,-26), z40. New tier mechanics and names require review; existing names preserved."
ensuite,Bedroom en suite,subroom,inside parent; no independent slot,False,12x12,bedroom,Wash; brush teeth; loo,Essential from day one,prop_mirror,dressing_or_activity_prop,1,Supports Wash; brush teeth; loo; single tier,standard,1,reach_use,bottom-centre; water surface top-left,shared prop_mirror,not independently interactive; no repair tier,P2,planned,Separate prop; do not bake interactive furniture into plates. Exact final appearance proposal.
ensuite,Bedroom en suite,subroom,inside parent; no independent slot,False,12x12,bedroom,Wash; brush teeth; loo,Essential from day one,prop_privacy_door,dressing_or_activity_prop,1,Supports Wash; brush teeth; loo; single tier,standard,1,reach_use,bottom-centre; water surface top-left,shared prop_privacy_door,not independently interactive; no repair tier,P2,planned,Separate prop; do not bake interactive furniture into plates. Exact final appearance proposal.
ensuite,Bedroom en suite,subroom,inside parent; no independent slot,False,32x40,bedroom,Wash; brush teeth; loo,Essential from day one,keeper_greet,keeper_clip,0,Reusable task pose,on,5@8fps,greet,"floor (16,40); neck (16,11); shoulders (10,15)/(22,15); hips (13,25)/(19,25)",shared keeper_greet,not repairable,P2,planned,32x40 aligned frames; hand-drawn angles and integer translation; no arbitrary raster rotation.
ensuite,Bedroom en suite,subroom,inside parent; no independent slot,False,32x40,bedroom,Wash; brush teeth; loo,Essential from day one,keeper_idle,keeper_clip,0,Reusable task pose,on,4@6fps,idle,"floor (16,40); neck (16,11); shoulders (10,15)/(22,15); hips (13,25)/(19,25)",shared keeper_idle,not repairable,P2,delivered-review,32x40 aligned frames; hand-drawn angles and integer translation; no arbitrary raster rotation.
ensuite,Bedroom en suite,subroom,inside parent; no independent slot,False,32x40,bedroom,Wash; brush teeth; loo,Essential from day one,keeper_loo_hide,keeper_clip,0,Reusable task pose,on,0@0fps,loo_hide,"floor (16,40); neck (16,11); shoulders (10,15)/(22,15); hips (13,25)/(19,25)",shared keeper_loo_hide,not repairable,P2,hidden sequence,32x40 aligned frames; hand-drawn angles and integer translation; no arbitrary raster rotation.
ensuite,Bedroom en suite,subroom,inside parent; no independent slot,False,32x40,bedroom,Wash; brush teeth; loo,Essential from day one,keeper_reach_use,keeper_clip,0,Reusable task pose,on,5@10fps,reach_use,"floor (16,40); neck (16,11); shoulders (10,15)/(22,15); hips (13,25)/(19,25)",shared keeper_reach_use,not repairable,P2,planned,32x40 aligned frames; hand-drawn angles and integer translation; no arbitrary raster rotation.
ensuite,Bedroom en suite,subroom,inside parent; no independent slot,False,32x40,bedroom,Wash; brush teeth; loo,Essential from day one,keeper_shrug,keeper_clip,0,Reusable task pose,on,4@8fps,shrug,"floor (16,40); neck (16,11); shoulders (10,15)/(22,15); hips (13,25)/(19,25)",shared keeper_shrug,not repairable,P2,planned,32x40 aligned frames; hand-drawn angles and integer translation; no arbitrary raster rotation.
ensuite,Bedroom en suite,subroom,inside parent; no independent slot,False,32x40,bedroom,Wash; brush teeth; loo,Essential from day one,keeper_walk,keeper_clip,0,Reusable task pose,on,8@10fps,walk,"floor (16,40); neck (16,11); shoulders (10,15)/(22,15); hips (13,25)/(19,25)",shared keeper_walk,not repairable,P2,delivered-review,32x40 aligned frames; hand-drawn angles and integer translation; no arbitrary raster rotation.
ensuite,Bedroom en suite,subroom,inside parent; no independent slot,False,32x40,bedroom,Wash; brush teeth; loo,Essential from day one,keeper_wash_back,keeper_clip,0,Reusable task pose,on,8@8fps,wash_back,"floor (16,40); neck (16,11); shoulders (10,15)/(22,15); hips (13,25)/(19,25)",shared keeper_wash_back,not repairable,P2,delivered-review,32x40 aligned frames; hand-drawn angles and integer translation; no arbitrary raster rotation.
ensuite,Bedroom en suite,subroom,inside parent; no independent slot,False,12x16,bedroom,Wash; brush teeth; loo,Essential from day one,fx_broken_smoke,shared_effect,0,Reusable fault/reveal feedback,on,8@8fps,none,"[6, 16]",fx_broken_smoke,overlay; does not move anchors,P2,delivered-review,FX shared; casing/body motion is separately integer-safe.
ensuite,Bedroom en suite,subroom,inside parent; no independent slot,False,12x12,bedroom,Wash; brush teeth; loo,Essential from day one,fx_broken_sparks,shared_effect,0,Reusable fault/reveal feedback,on,6@12fps,none,"[6, 6]",fx_broken_sparks,overlay; does not move anchors,P2,delivered-review,FX shared; casing/body motion is separately integer-safe.
ensuite,Bedroom en suite,subroom,inside parent; no independent slot,False,64x64,bedroom,Wash; brush teeth; loo,Essential from day one,fx_floor_arrival_smoke,shared_effect,0,Reusable fault/reveal feedback,on,8@12fps,none,"[32, 64]",fx_floor_arrival_smoke,overlay; does not move anchors,P2,planned,FX shared; casing/body motion is separately integer-safe.
ensuite,Bedroom en suite,subroom,inside parent; no independent slot,False,16x16,bedroom,Wash; brush teeth; loo,Essential from day one,fx_shine,shared_effect,0,Reusable fault/reveal feedback,on,4@8fps,none,"[8, 16]",fx_shine,overlay; does not move anchors,P2,planned,FX shared; casing/body motion is separately integer-safe.
pool_changing,Pool changing / bathrooms,service_bay,rear amenity bay attached to parent,False,66x35,pool,Hidden outfit swap; shower; wash; loo,Included with pool; basic needs never gated,facility_pool_changing,room_plate,0,Separate structure; enables activities below,standard,1,none,"top-left (0,0); floor y=35",room timber/stone/tile palette; no furniture,structure faults use separate interactive components,P2,planned,66x35 rear annex; cubicle left; basin and loo right; proposal footprint; swimming suit reused; source: docs/EXPANSION_DESIGN.md
pool_changing,Pool changing / bathrooms,service_bay,rear amenity bay attached to parent,False,5x35,pool,Hidden outfit swap; shower; wash; loo,Included with pool; basic needs never gated,seam_service_bay,structural_kit,0,Connect without resizing furniture,standard,1,none,integer parent seam; walking-plane y=0,shared wall/beam/pipe segments,none; parent component controls faults,P2,planned,Core remains 110x35; 105x35 plate; world-Y stripes. Extensions consume no standard slot.
pool_changing,Pool changing / bathrooms,service_bay,rear amenity bay attached to parent,False,18x30,pool,Hidden outfit swap; shower; wash; loo,Included with pool; basic needs never gated,obj_shower,interactive_item,1,"PROPOSED, not coded: 40 hygiene / 15 min",standard;on;broken,standard 1; on 4@8fps; broken 1 + shared FX,wash_back,"bottom-centre (9,30); keeper floor anchor (16,40)",obj_shower; shared wash chassis/pose,"shared wobble(1px), smoke, intermittent sparks + leaking tap",P2,planned,"Basic shower. Simple pedestal tap or basic shower. ON: 4-frame water. Proposed location (13,0), logical frame 18x30; stable usePoint(-8,0), effectOrigin(0,-30), bubbleOrigin(0,-38), z40. New tier mechanics and names require review; existing names preserved."
pool_changing,Pool changing / bathrooms,service_bay,rear amenity bay attached to parent,False,18x30,pool,Hidden outfit swap; shower; wash; loo,Included with pool; basic needs never gated,obj_shower_t2,interactive_item,2,"PROPOSED, not coded: 50 hygiene / 13 min",standard;on;broken,standard 1; on 4@8fps; broken 1 + shared FX,wash_back,"bottom-centre (9,30); keeper floor anchor (16,40)",obj_shower; shared wash chassis/pose,"shared wobble(1px), smoke, intermittent sparks + leaking tap",P2,planned,"Mid-tier shower. Added mixer/shower control. ON: 4-frame water. Proposed location (13,0), logical frame 18x30; stable usePoint(-8,0), effectOrigin(0,-30), bubbleOrigin(0,-38), z40. New tier mechanics and names require review; existing names preserved."
pool_changing,Pool changing / bathrooms,service_bay,rear amenity bay attached to parent,False,18x30,pool,Hidden outfit swap; shower; wash; loo,Included with pool; basic needs never gated,obj_shower_t3,interactive_item,3,"PROPOSED, not coded: 60 hygiene / 11 min",standard;on;broken,standard 1; on 4@8fps; broken 1 + shared FX,wash_back,"bottom-centre (9,30); keeper floor anchor (16,40)",obj_shower; shared wash chassis/pose,"shared wobble(1px), smoke, intermittent sparks + leaking tap",P2,planned,"Top-tier shower. Rainfall head and warm-water status light. ON: 4-frame water. Proposed location (13,0), logical frame 18x30; stable usePoint(-8,0), effectOrigin(0,-30), bubbleOrigin(0,-38), z40. New tier mechanics and names require review; existing names preserved."
pool_changing,Pool changing / bathrooms,service_bay,rear amenity bay attached to parent,False,15x28,pool,Hidden outfit swap; shower; wash; loo,Included with pool; basic needs never gated,obj_basin,interactive_item,1,Runtime: Have a wash; 15 game min; hygiene +40 (need caps apply); proposed specialist perk: 40 hygiene / 15 min,standard;on;broken,standard 1; on 4@8fps; broken 1 + shared FX,wash_back,"bottom-centre (7,28); keeper floor anchor (16,40)",obj_basin; shared wash chassis/pose,"shared wobble(1px), smoke, intermittent sparks + leaking tap",P2,planned,"Chipped wash basin. Simple pedestal tap or basic shower. ON: 4-frame water. Proposed location (34,0), logical frame 15x28; stable usePoint(-8,0), effectOrigin(0,-28), bubbleOrigin(0,-36), z40. New tier mechanics and names require review; existing names preserved."
pool_changing,Pool changing / bathrooms,service_bay,rear amenity bay attached to parent,False,15x28,pool,Hidden outfit swap; shower; wash; loo,Included with pool; basic needs never gated,obj_basin_t2,interactive_item,2,Runtime: Have a wash; 13 game min; hygiene +50 (need caps apply); proposed specialist perk: 50 hygiene / 13 min,standard;on;broken,standard 1; on 4@8fps; broken 1 + shared FX,wash_back,"bottom-centre (7,28); keeper floor anchor (16,40)",obj_basin; shared wash chassis/pose,"shared wobble(1px), smoke, intermittent sparks + leaking tap",P2,planned,"Basin with a shower. Added mixer/shower control. ON: 4-frame water. Proposed location (34,0), logical frame 15x28; stable usePoint(-8,0), effectOrigin(0,-28), bubbleOrigin(0,-36), z40. New tier mechanics and names require review; existing names preserved."
pool_changing,Pool changing / bathrooms,service_bay,rear amenity bay attached to parent,False,15x28,pool,Hidden outfit swap; shower; wash; loo,Included with pool; basic needs never gated,obj_basin_t3,interactive_item,3,Runtime: Have a wash; 11 game min; hygiene +60 (need caps apply); proposed specialist perk: 60 hygiene / 11 min,standard;on;broken,standard 1; on 4@8fps; broken 1 + shared FX,wash_back,"bottom-centre (7,28); keeper floor anchor (16,40)",obj_basin; shared wash chassis/pose,"shared wobble(1px), smoke, intermittent sparks + leaking tap",P2,planned,"Spa bathroom with rainfall shower. Rainfall head and warm-water status light. ON: 4-frame water. Proposed location (34,0), logical frame 15x28; stable usePoint(-8,0), effectOrigin(0,-28), bubbleOrigin(0,-36), z40. New tier mechanics and names require review; existing names preserved."
pool_changing,Pool changing / bathrooms,service_bay,rear amenity bay attached to parent,False,13x18,pool,Hidden outfit swap; shower; wash; loo,Included with pool; basic needs never gated,obj_toilet,interactive_item,1,Runtime: Go to the loo; 8 game min; bladder +70 (need caps apply); proposed specialist perk: 70 bladder / 8 min,standard;on;broken,standard 1; on 4@8fps; broken 1 + shared FX,loo_hide,"bottom-centre (6,18); keeper floor anchor (16,40)",obj_toilet; shared loo chassis/pose,"shared wobble(1px), smoke, intermittent sparks + cistern rattle",P2,planned,"Clanky loo. Cistern and plain seat. ON: 4-frame flush. Proposed location (53,0), logical frame 13x18; stable usePoint(-8,0), effectOrigin(0,-18), bubbleOrigin(0,-26), z40. New tier mechanics and names require review; existing names preserved."
pool_changing,Pool changing / bathrooms,service_bay,rear amenity bay attached to parent,False,13x18,pool,Hidden outfit swap; shower; wash; loo,Included with pool; basic needs never gated,obj_toilet_t2,interactive_item,2,Runtime: Go to the loo; 7 game min; bladder +88 (need caps apply); proposed specialist perk: 88 bladder / 7 min,standard;on;broken,standard 1; on 4@8fps; broken 1 + shared FX,loo_hide,"bottom-centre (6,18); keeper floor anchor (16,40)",obj_toilet; shared loo chassis/pose,"shared wobble(1px), smoke, intermittent sparks + cistern rattle",P2,planned,"Quiet-flush loo. Quiet-flush cistern with handle indicator. ON: 4-frame flush. Proposed location (53,0), logical frame 13x18; stable usePoint(-8,0), effectOrigin(0,-18), bubbleOrigin(0,-26), z40. New tier mechanics and names require review; existing names preserved."
pool_changing,Pool changing / bathrooms,service_bay,rear amenity bay attached to parent,False,13x18,pool,Hidden outfit swap; shower; wash; loo,Included with pool; basic needs never gated,obj_toilet_t3,interactive_item,3,Runtime: Go to the loo; 6 game min; bladder +105 (need caps apply); proposed specialist perk: 105 nominal bladder capped at 100 / 6 min,standard;on;broken,standard 1; on 4@8fps; broken 1 + shared FX,loo_hide,"bottom-centre (6,18); keeper floor anchor (16,40)",obj_toilet; shared loo chassis/pose,"shared wobble(1px), smoke, intermittent sparks + cistern rattle",P2,planned,"Heated-seat loo with music. Heated-seat switch and comfort indicator. ON: 4-frame flush. Proposed location (53,0), logical frame 13x18; stable usePoint(-8,0), effectOrigin(0,-18), bubbleOrigin(0,-26), z40. New tier mechanics and names require review; existing names preserved."
pool_changing,Pool changing / bathrooms,service_bay,rear amenity bay attached to parent,False,12x12,pool,Hidden outfit swap; shower; wash; loo,Included with pool; basic needs never gated,prop_changing_cubicle,dressing_or_activity_prop,1,Supports Hidden outfit swap; shower; wash; loo; single tier,standard,1,reach_use,bottom-centre; water surface top-left,shared prop_changing_cubicle,not independently interactive; no repair tier,P2,planned,Separate prop; do not bake interactive furniture into plates. Exact final appearance proposal.
pool_changing,Pool changing / bathrooms,service_bay,rear amenity bay attached to parent,False,12x12,pool,Hidden outfit swap; shower; wash; loo,Included with pool; basic needs never gated,prop_privacy_door,dressing_or_activity_prop,1,Supports Hidden outfit swap; shower; wash; loo; single tier,standard,1,reach_use,bottom-centre; water surface top-left,shared prop_privacy_door,not independently interactive; no repair tier,P2,planned,Separate prop; do not bake interactive furniture into plates. Exact final appearance proposal.
pool_changing,Pool changing / bathrooms,service_bay,rear amenity bay attached to parent,False,32x40,pool,Hidden outfit swap; shower; wash; loo,Included with pool; basic needs never gated,keeper_greet,keeper_clip,0,Reusable task pose,on,5@8fps,greet,"floor (16,40); neck (16,11); shoulders (10,15)/(22,15); hips (13,25)/(19,25)",shared keeper_greet,not repairable,P2,planned,32x40 aligned frames; hand-drawn angles and integer translation; no arbitrary raster rotation.
pool_changing,Pool changing / bathrooms,service_bay,rear amenity bay attached to parent,False,32x40,pool,Hidden outfit swap; shower; wash; loo,Included with pool; basic needs never gated,keeper_idle,keeper_clip,0,Reusable task pose,on,4@6fps,idle,"floor (16,40); neck (16,11); shoulders (10,15)/(22,15); hips (13,25)/(19,25)",shared keeper_idle,not repairable,P2,delivered-review,32x40 aligned frames; hand-drawn angles and integer translation; no arbitrary raster rotation.
pool_changing,Pool changing / bathrooms,service_bay,rear amenity bay attached to parent,False,32x40,pool,Hidden outfit swap; shower; wash; loo,Included with pool; basic needs never gated,keeper_loo_hide,keeper_clip,0,Reusable task pose,on,0@0fps,loo_hide,"floor (16,40); neck (16,11); shoulders (10,15)/(22,15); hips (13,25)/(19,25)",shared keeper_loo_hide,not repairable,P2,hidden sequence,32x40 aligned frames; hand-drawn angles and integer translation; no arbitrary raster rotation.
pool_changing,Pool changing / bathrooms,service_bay,rear amenity bay attached to parent,False,32x40,pool,Hidden outfit swap; shower; wash; loo,Included with pool; basic needs never gated,keeper_reach_use,keeper_clip,0,Reusable task pose,on,5@10fps,reach_use,"floor (16,40); neck (16,11); shoulders (10,15)/(22,15); hips (13,25)/(19,25)",shared keeper_reach_use,not repairable,P2,planned,32x40 aligned frames; hand-drawn angles and integer translation; no arbitrary raster rotation.
pool_changing,Pool changing / bathrooms,service_bay,rear amenity bay attached to parent,False,32x40,pool,Hidden outfit swap; shower; wash; loo,Included with pool; basic needs never gated,keeper_shrug,keeper_clip,0,Reusable task pose,on,4@8fps,shrug,"floor (16,40); neck (16,11); shoulders (10,15)/(22,15); hips (13,25)/(19,25)",shared keeper_shrug,not repairable,P2,planned,32x40 aligned frames; hand-drawn angles and integer translation; no arbitrary raster rotation.
pool_changing,Pool changing / bathrooms,service_bay,rear amenity bay attached to parent,False,32x40,pool,Hidden outfit swap; shower; wash; loo,Included with pool; basic needs never gated,keeper_walk,keeper_clip,0,Reusable task pose,on,8@10fps,walk,"floor (16,40); neck (16,11); shoulders (10,15)/(22,15); hips (13,25)/(19,25)",shared keeper_walk,not repairable,P2,delivered-review,32x40 aligned frames; hand-drawn angles and integer translation; no arbitrary raster rotation.
pool_changing,Pool changing / bathrooms,service_bay,rear amenity bay attached to parent,False,32x40,pool,Hidden outfit swap; shower; wash; loo,Included with pool; basic needs never gated,keeper_wash_back,keeper_clip,0,Reusable task pose,on,8@8fps,wash_back,"floor (16,40); neck (16,11); shoulders (10,15)/(22,15); hips (13,25)/(19,25)",shared keeper_wash_back,not repairable,P2,delivered-review,32x40 aligned frames; hand-drawn angles and integer translation; no arbitrary raster rotation.
pool_changing,Pool changing / bathrooms,service_bay,rear amenity bay attached to parent,False,12x16,pool,Hidden outfit swap; shower; wash; loo,Included with pool; basic needs never gated,fx_broken_smoke,shared_effect,0,Reusable fault/reveal feedback,on,8@8fps,none,"[6, 16]",fx_broken_smoke,overlay; does not move anchors,P2,delivered-review,FX shared; casing/body motion is separately integer-safe.
pool_changing,Pool changing / bathrooms,service_bay,rear amenity bay attached to parent,False,12x12,pool,Hidden outfit swap; shower; wash; loo,Included with pool; basic needs never gated,fx_broken_sparks,shared_effect,0,Reusable fault/reveal feedback,on,6@12fps,none,"[6, 6]",fx_broken_sparks,overlay; does not move anchors,P2,delivered-review,FX shared; casing/body motion is separately integer-safe.
pool_changing,Pool changing / bathrooms,service_bay,rear amenity bay attached to parent,False,64x64,pool,Hidden outfit swap; shower; wash; loo,Included with pool; basic needs never gated,fx_floor_arrival_smoke,shared_effect,0,Reusable fault/reveal feedback,on,8@12fps,none,"[32, 64]",fx_floor_arrival_smoke,overlay; does not move anchors,P2,planned,FX shared; casing/body motion is separately integer-safe.
pool_changing,Pool changing / bathrooms,service_bay,rear amenity bay attached to parent,False,16x16,pool,Hidden outfit swap; shower; wash; loo,Included with pool; basic needs never gated,fx_shine,shared_effect,0,Reusable fault/reveal feedback,on,4@8fps,none,"[8, 16]",fx_shine,overlay; does not move anchors,P2,planned,FX shared; casing/body motion is separately integer-safe.
gym_changing,Gym changing / shower,service_bay,rear amenity bay attached to parent,False,66x35,gym,Wash; loo; dress,Included with gym,facility_gym_changing,room_plate,0,Separate structure; enables activities below,standard,1,none,"top-left (0,0); floor y=35",room timber/stone/tile palette; no furniture,structure faults use separate interactive components,P2,planned,66x35 rear annex; shower left; fixtures right; proposal footprint; source: docs/EXPANSION_DESIGN.md
gym_changing,Gym changing / shower,service_bay,rear amenity bay attached to parent,False,5x35,gym,Wash; loo; dress,Included with gym,seam_service_bay,structural_kit,0,Connect without resizing furniture,standard,1,none,integer parent seam; walking-plane y=0,shared wall/beam/pipe segments,none; parent component controls faults,P2,planned,Core remains 110x35; 105x35 plate; world-Y stripes. Extensions consume no standard slot.
gym_changing,Gym changing / shower,service_bay,rear amenity bay attached to parent,False,18x30,gym,Wash; loo; dress,Included with gym,obj_shower,interactive_item,1,"PROPOSED, not coded: 40 hygiene / 15 min",standard;on;broken,standard 1; on 4@8fps; broken 1 + shared FX,wash_back,"bottom-centre (9,30); keeper floor anchor (16,40)",obj_shower; shared wash chassis/pose,"shared wobble(1px), smoke, intermittent sparks + leaking tap",P2,planned,"Basic shower. Simple pedestal tap or basic shower. ON: 4-frame water. Proposed location (13,0), logical frame 18x30; stable usePoint(-8,0), effectOrigin(0,-30), bubbleOrigin(0,-38), z40. New tier mechanics and names require review; existing names preserved."
gym_changing,Gym changing / shower,service_bay,rear amenity bay attached to parent,False,18x30,gym,Wash; loo; dress,Included with gym,obj_shower_t2,interactive_item,2,"PROPOSED, not coded: 50 hygiene / 13 min",standard;on;broken,standard 1; on 4@8fps; broken 1 + shared FX,wash_back,"bottom-centre (9,30); keeper floor anchor (16,40)",obj_shower; shared wash chassis/pose,"shared wobble(1px), smoke, intermittent sparks + leaking tap",P2,planned,"Mid-tier shower. Added mixer/shower control. ON: 4-frame water. Proposed location (13,0), logical frame 18x30; stable usePoint(-8,0), effectOrigin(0,-30), bubbleOrigin(0,-38), z40. New tier mechanics and names require review; existing names preserved."
gym_changing,Gym changing / shower,service_bay,rear amenity bay attached to parent,False,18x30,gym,Wash; loo; dress,Included with gym,obj_shower_t3,interactive_item,3,"PROPOSED, not coded: 60 hygiene / 11 min",standard;on;broken,standard 1; on 4@8fps; broken 1 + shared FX,wash_back,"bottom-centre (9,30); keeper floor anchor (16,40)",obj_shower; shared wash chassis/pose,"shared wobble(1px), smoke, intermittent sparks + leaking tap",P2,planned,"Top-tier shower. Rainfall head and warm-water status light. ON: 4-frame water. Proposed location (13,0), logical frame 18x30; stable usePoint(-8,0), effectOrigin(0,-30), bubbleOrigin(0,-38), z40. New tier mechanics and names require review; existing names preserved."
gym_changing,Gym changing / shower,service_bay,rear amenity bay attached to parent,False,15x28,gym,Wash; loo; dress,Included with gym,obj_basin,interactive_item,1,Runtime: Have a wash; 15 game min; hygiene +40 (need caps apply); proposed specialist perk: 40 hygiene / 15 min,standard;on;broken,standard 1; on 4@8fps; broken 1 + shared FX,wash_back,"bottom-centre (7,28); keeper floor anchor (16,40)",obj_basin; shared wash chassis/pose,"shared wobble(1px), smoke, intermittent sparks + leaking tap",P2,planned,"Chipped wash basin. Simple pedestal tap or basic shower. ON: 4-frame water. Proposed location (34,0), logical frame 15x28; stable usePoint(-8,0), effectOrigin(0,-28), bubbleOrigin(0,-36), z40. New tier mechanics and names require review; existing names preserved."
gym_changing,Gym changing / shower,service_bay,rear amenity bay attached to parent,False,15x28,gym,Wash; loo; dress,Included with gym,obj_basin_t2,interactive_item,2,Runtime: Have a wash; 13 game min; hygiene +50 (need caps apply); proposed specialist perk: 50 hygiene / 13 min,standard;on;broken,standard 1; on 4@8fps; broken 1 + shared FX,wash_back,"bottom-centre (7,28); keeper floor anchor (16,40)",obj_basin; shared wash chassis/pose,"shared wobble(1px), smoke, intermittent sparks + leaking tap",P2,planned,"Basin with a shower. Added mixer/shower control. ON: 4-frame water. Proposed location (34,0), logical frame 15x28; stable usePoint(-8,0), effectOrigin(0,-28), bubbleOrigin(0,-36), z40. New tier mechanics and names require review; existing names preserved."
gym_changing,Gym changing / shower,service_bay,rear amenity bay attached to parent,False,15x28,gym,Wash; loo; dress,Included with gym,obj_basin_t3,interactive_item,3,Runtime: Have a wash; 11 game min; hygiene +60 (need caps apply); proposed specialist perk: 60 hygiene / 11 min,standard;on;broken,standard 1; on 4@8fps; broken 1 + shared FX,wash_back,"bottom-centre (7,28); keeper floor anchor (16,40)",obj_basin; shared wash chassis/pose,"shared wobble(1px), smoke, intermittent sparks + leaking tap",P2,planned,"Spa bathroom with rainfall shower. Rainfall head and warm-water status light. ON: 4-frame water. Proposed location (34,0), logical frame 15x28; stable usePoint(-8,0), effectOrigin(0,-28), bubbleOrigin(0,-36), z40. New tier mechanics and names require review; existing names preserved."
gym_changing,Gym changing / shower,service_bay,rear amenity bay attached to parent,False,13x18,gym,Wash; loo; dress,Included with gym,obj_toilet,interactive_item,1,Runtime: Go to the loo; 8 game min; bladder +70 (need caps apply); proposed specialist perk: 70 bladder / 8 min,standard;on;broken,standard 1; on 4@8fps; broken 1 + shared FX,loo_hide,"bottom-centre (6,18); keeper floor anchor (16,40)",obj_toilet; shared loo chassis/pose,"shared wobble(1px), smoke, intermittent sparks + cistern rattle",P2,planned,"Clanky loo. Cistern and plain seat. ON: 4-frame flush. Proposed location (53,0), logical frame 13x18; stable usePoint(-8,0), effectOrigin(0,-18), bubbleOrigin(0,-26), z40. New tier mechanics and names require review; existing names preserved."
gym_changing,Gym changing / shower,service_bay,rear amenity bay attached to parent,False,13x18,gym,Wash; loo; dress,Included with gym,obj_toilet_t2,interactive_item,2,Runtime: Go to the loo; 7 game min; bladder +88 (need caps apply); proposed specialist perk: 88 bladder / 7 min,standard;on;broken,standard 1; on 4@8fps; broken 1 + shared FX,loo_hide,"bottom-centre (6,18); keeper floor anchor (16,40)",obj_toilet; shared loo chassis/pose,"shared wobble(1px), smoke, intermittent sparks + cistern rattle",P2,planned,"Quiet-flush loo. Quiet-flush cistern with handle indicator. ON: 4-frame flush. Proposed location (53,0), logical frame 13x18; stable usePoint(-8,0), effectOrigin(0,-18), bubbleOrigin(0,-26), z40. New tier mechanics and names require review; existing names preserved."
gym_changing,Gym changing / shower,service_bay,rear amenity bay attached to parent,False,13x18,gym,Wash; loo; dress,Included with gym,obj_toilet_t3,interactive_item,3,Runtime: Go to the loo; 6 game min; bladder +105 (need caps apply); proposed specialist perk: 105 nominal bladder capped at 100 / 6 min,standard;on;broken,standard 1; on 4@8fps; broken 1 + shared FX,loo_hide,"bottom-centre (6,18); keeper floor anchor (16,40)",obj_toilet; shared loo chassis/pose,"shared wobble(1px), smoke, intermittent sparks + cistern rattle",P2,planned,"Heated-seat loo with music. Heated-seat switch and comfort indicator. ON: 4-frame flush. Proposed location (53,0), logical frame 13x18; stable usePoint(-8,0), effectOrigin(0,-18), bubbleOrigin(0,-26), z40. New tier mechanics and names require review; existing names preserved."
gym_changing,Gym changing / shower,service_bay,rear amenity bay attached to parent,False,12x12,gym,Wash; loo; dress,Included with gym,prop_lockers,dressing_or_activity_prop,1,Supports Wash; loo; dress; single tier,standard,1,reach_use,bottom-centre; water surface top-left,shared prop_lockers,not independently interactive; no repair tier,P2,planned,Separate prop; do not bake interactive furniture into plates. Exact final appearance proposal.
gym_changing,Gym changing / shower,service_bay,rear amenity bay attached to parent,False,12x12,gym,Wash; loo; dress,Included with gym,prop_privacy_door,dressing_or_activity_prop,1,Supports Wash; loo; dress; single tier,standard,1,reach_use,bottom-centre; water surface top-left,shared prop_privacy_door,not independently interactive; no repair tier,P2,planned,Separate prop; do not bake interactive furniture into plates. Exact final appearance proposal.
gym_changing,Gym changing / shower,service_bay,rear amenity bay attached to parent,False,32x40,gym,Wash; loo; dress,Included with gym,keeper_greet,keeper_clip,0,Reusable task pose,on,5@8fps,greet,"floor (16,40); neck (16,11); shoulders (10,15)/(22,15); hips (13,25)/(19,25)",shared keeper_greet,not repairable,P2,planned,32x40 aligned frames; hand-drawn angles and integer translation; no arbitrary raster rotation.
gym_changing,Gym changing / shower,service_bay,rear amenity bay attached to parent,False,32x40,gym,Wash; loo; dress,Included with gym,keeper_idle,keeper_clip,0,Reusable task pose,on,4@6fps,idle,"floor (16,40); neck (16,11); shoulders (10,15)/(22,15); hips (13,25)/(19,25)",shared keeper_idle,not repairable,P2,delivered-review,32x40 aligned frames; hand-drawn angles and integer translation; no arbitrary raster rotation.
gym_changing,Gym changing / shower,service_bay,rear amenity bay attached to parent,False,32x40,gym,Wash; loo; dress,Included with gym,keeper_loo_hide,keeper_clip,0,Reusable task pose,on,0@0fps,loo_hide,"floor (16,40); neck (16,11); shoulders (10,15)/(22,15); hips (13,25)/(19,25)",shared keeper_loo_hide,not repairable,P2,hidden sequence,32x40 aligned frames; hand-drawn angles and integer translation; no arbitrary raster rotation.
gym_changing,Gym changing / shower,service_bay,rear amenity bay attached to parent,False,32x40,gym,Wash; loo; dress,Included with gym,keeper_reach_use,keeper_clip,0,Reusable task pose,on,5@10fps,reach_use,"floor (16,40); neck (16,11); shoulders (10,15)/(22,15); hips (13,25)/(19,25)",shared keeper_reach_use,not repairable,P2,planned,32x40 aligned frames; hand-drawn angles and integer translation; no arbitrary raster rotation.
gym_changing,Gym changing / shower,service_bay,rear amenity bay attached to parent,False,32x40,gym,Wash; loo; dress,Included with gym,keeper_shrug,keeper_clip,0,Reusable task pose,on,4@8fps,shrug,"floor (16,40); neck (16,11); shoulders (10,15)/(22,15); hips (13,25)/(19,25)",shared keeper_shrug,not repairable,P2,planned,32x40 aligned frames; hand-drawn angles and integer translation; no arbitrary raster rotation.
gym_changing,Gym changing / shower,service_bay,rear amenity bay attached to parent,False,32x40,gym,Wash; loo; dress,Included with gym,keeper_walk,keeper_clip,0,Reusable task pose,on,8@10fps,walk,"floor (16,40); neck (16,11); shoulders (10,15)/(22,15); hips (13,25)/(19,25)",shared keeper_walk,not repairable,P2,delivered-review,32x40 aligned frames; hand-drawn angles and integer translation; no arbitrary raster rotation.
gym_changing,Gym changing / shower,service_bay,rear amenity bay attached to parent,False,32x40,gym,Wash; loo; dress,Included with gym,keeper_wash_back,keeper_clip,0,Reusable task pose,on,8@8fps,wash_back,"floor (16,40); neck (16,11); shoulders (10,15)/(22,15); hips (13,25)/(19,25)",shared keeper_wash_back,not repairable,P2,delivered-review,32x40 aligned frames; hand-drawn angles and integer translation; no arbitrary raster rotation.
gym_changing,Gym changing / shower,service_bay,rear amenity bay attached to parent,False,12x16,gym,Wash; loo; dress,Included with gym,fx_broken_smoke,shared_effect,0,Reusable fault/reveal feedback,on,8@8fps,none,"[6, 16]",fx_broken_smoke,overlay; does not move anchors,P2,delivered-review,FX shared; casing/body motion is separately integer-safe.
gym_changing,Gym changing / shower,service_bay,rear amenity bay attached to parent,False,12x12,gym,Wash; loo; dress,Included with gym,fx_broken_sparks,shared_effect,0,Reusable fault/reveal feedback,on,6@12fps,none,"[6, 6]",fx_broken_sparks,overlay; does not move anchors,P2,delivered-review,FX shared; casing/body motion is separately integer-safe.
gym_changing,Gym changing / shower,service_bay,rear amenity bay attached to parent,False,64x64,gym,Wash; loo; dress,Included with gym,fx_floor_arrival_smoke,shared_effect,0,Reusable fault/reveal feedback,on,8@12fps,none,"[32, 64]",fx_floor_arrival_smoke,overlay; does not move anchors,P2,planned,FX shared; casing/body motion is separately integer-safe.
gym_changing,Gym changing / shower,service_bay,rear amenity bay attached to parent,False,16x16,gym,Wash; loo; dress,Included with gym,fx_shine,shared_effect,0,Reusable fault/reveal feedback,on,4@8fps,none,"[8, 16]",fx_shine,overlay; does not move anchors,P2,planned,FX shared; casing/body motion is separately integer-safe.
pub_wc,Guest toilet,service_bay,rear amenity bay attached to parent,False,44x35,pub,Wash; loo,Included with inn,facility_pub_wc,room_plate,0,Separate structure; enables activities below,standard,1,none,"top-left (0,0); floor y=35",room timber/stone/tile palette; no furniture,structure faults use separate interactive components,P2,planned,44x35 rear service bay; privacy screens; proposal footprint; source: docs/EXPANSION_DESIGN.md
pub_wc,Guest toilet,service_bay,rear amenity bay attached to parent,False,5x35,pub,Wash; loo,Included with inn,seam_service_bay,structural_kit,0,Connect without resizing furniture,standard,1,none,integer parent seam; walking-plane y=0,shared wall/beam/pipe segments,none; parent component controls faults,P2,planned,Core remains 110x35; 105x35 plate; world-Y stripes. Extensions consume no standard slot.
pub_wc,Guest toilet,service_bay,rear amenity bay attached to parent,False,15x28,pub,Wash; loo,Included with inn,obj_basin,interactive_item,1,Runtime: Have a wash; 15 game min; hygiene +40 (need caps apply); proposed specialist perk: 40 hygiene / 15 min,standard;on;broken,standard 1; on 4@8fps; broken 1 + shared FX,wash_back,"bottom-centre (7,28); keeper floor anchor (16,40)",obj_basin; shared wash chassis/pose,"shared wobble(1px), smoke, intermittent sparks + leaking tap",P2,planned,"Chipped wash basin. Simple pedestal tap or basic shower. ON: 4-frame water. Proposed location (12,0), logical frame 15x28; stable usePoint(-8,0), effectOrigin(0,-28), bubbleOrigin(0,-36), z40. New tier mechanics and names require review; existing names preserved."
pub_wc,Guest toilet,service_bay,rear amenity bay attached to parent,False,15x28,pub,Wash; loo,Included with inn,obj_basin_t2,interactive_item,2,Runtime: Have a wash; 13 game min; hygiene +50 (need caps apply); proposed specialist perk: 50 hygiene / 13 min,standard;on;broken,standard 1; on 4@8fps; broken 1 + shared FX,wash_back,"bottom-centre (7,28); keeper floor anchor (16,40)",obj_basin; shared wash chassis/pose,"shared wobble(1px), smoke, intermittent sparks + leaking tap",P2,planned,"Basin with a shower. Added mixer/shower control. ON: 4-frame water. Proposed location (12,0), logical frame 15x28; stable usePoint(-8,0), effectOrigin(0,-28), bubbleOrigin(0,-36), z40. New tier mechanics and names require review; existing names preserved."
pub_wc,Guest toilet,service_bay,rear amenity bay attached to parent,False,15x28,pub,Wash; loo,Included with inn,obj_basin_t3,interactive_item,3,Runtime: Have a wash; 11 game min; hygiene +60 (need caps apply); proposed specialist perk: 60 hygiene / 11 min,standard;on;broken,standard 1; on 4@8fps; broken 1 + shared FX,wash_back,"bottom-centre (7,28); keeper floor anchor (16,40)",obj_basin; shared wash chassis/pose,"shared wobble(1px), smoke, intermittent sparks + leaking tap",P2,planned,"Spa bathroom with rainfall shower. Rainfall head and warm-water status light. ON: 4-frame water. Proposed location (12,0), logical frame 15x28; stable usePoint(-8,0), effectOrigin(0,-28), bubbleOrigin(0,-36), z40. New tier mechanics and names require review; existing names preserved."
pub_wc,Guest toilet,service_bay,rear amenity bay attached to parent,False,13x18,pub,Wash; loo,Included with inn,obj_toilet,interactive_item,1,Runtime: Go to the loo; 8 game min; bladder +70 (need caps apply); proposed specialist perk: 70 bladder / 8 min,standard;on;broken,standard 1; on 4@8fps; broken 1 + shared FX,loo_hide,"bottom-centre (6,18); keeper floor anchor (16,40)",obj_toilet; shared loo chassis/pose,"shared wobble(1px), smoke, intermittent sparks + cistern rattle",P2,planned,"Clanky loo. Cistern and plain seat. ON: 4-frame flush. Proposed location (31,0), logical frame 13x18; stable usePoint(-8,0), effectOrigin(0,-18), bubbleOrigin(0,-26), z40. New tier mechanics and names require review; existing names preserved."
pub_wc,Guest toilet,service_bay,rear amenity bay attached to parent,False,13x18,pub,Wash; loo,Included with inn,obj_toilet_t2,interactive_item,2,Runtime: Go to the loo; 7 game min; bladder +88 (need caps apply); proposed specialist perk: 88 bladder / 7 min,standard;on;broken,standard 1; on 4@8fps; broken 1 + shared FX,loo_hide,"bottom-centre (6,18); keeper floor anchor (16,40)",obj_toilet; shared loo chassis/pose,"shared wobble(1px), smoke, intermittent sparks + cistern rattle",P2,planned,"Quiet-flush loo. Quiet-flush cistern with handle indicator. ON: 4-frame flush. Proposed location (31,0), logical frame 13x18; stable usePoint(-8,0), effectOrigin(0,-18), bubbleOrigin(0,-26), z40. New tier mechanics and names require review; existing names preserved."
pub_wc,Guest toilet,service_bay,rear amenity bay attached to parent,False,13x18,pub,Wash; loo,Included with inn,obj_toilet_t3,interactive_item,3,Runtime: Go to the loo; 6 game min; bladder +105 (need caps apply); proposed specialist perk: 105 nominal bladder capped at 100 / 6 min,standard;on;broken,standard 1; on 4@8fps; broken 1 + shared FX,loo_hide,"bottom-centre (6,18); keeper floor anchor (16,40)",obj_toilet; shared loo chassis/pose,"shared wobble(1px), smoke, intermittent sparks + cistern rattle",P2,planned,"Heated-seat loo with music. Heated-seat switch and comfort indicator. ON: 4-frame flush. Proposed location (31,0), logical frame 13x18; stable usePoint(-8,0), effectOrigin(0,-18), bubbleOrigin(0,-26), z40. New tier mechanics and names require review; existing names preserved."
pub_wc,Guest toilet,service_bay,rear amenity bay attached to parent,False,12x12,pub,Wash; loo,Included with inn,prop_privacy_door,dressing_or_activity_prop,1,Supports Wash; loo; single tier,standard,1,reach_use,bottom-centre; water surface top-left,shared prop_privacy_door,not independently interactive; no repair tier,P2,planned,Separate prop; do not bake interactive furniture into plates. Exact final appearance proposal.
pub_wc,Guest toilet,service_bay,rear amenity bay attached to parent,False,12x12,pub,Wash; loo,Included with inn,prop_mirror,dressing_or_activity_prop,1,Supports Wash; loo; single tier,standard,1,reach_use,bottom-centre; water surface top-left,shared prop_mirror,not independently interactive; no repair tier,P2,planned,Separate prop; do not bake interactive furniture into plates. Exact final appearance proposal.
pub_wc,Guest toilet,service_bay,rear amenity bay attached to parent,False,32x40,pub,Wash; loo,Included with inn,keeper_greet,keeper_clip,0,Reusable task pose,on,5@8fps,greet,"floor (16,40); neck (16,11); shoulders (10,15)/(22,15); hips (13,25)/(19,25)",shared keeper_greet,not repairable,P2,planned,32x40 aligned frames; hand-drawn angles and integer translation; no arbitrary raster rotation.
pub_wc,Guest toilet,service_bay,rear amenity bay attached to parent,False,32x40,pub,Wash; loo,Included with inn,keeper_idle,keeper_clip,0,Reusable task pose,on,4@6fps,idle,"floor (16,40); neck (16,11); shoulders (10,15)/(22,15); hips (13,25)/(19,25)",shared keeper_idle,not repairable,P2,delivered-review,32x40 aligned frames; hand-drawn angles and integer translation; no arbitrary raster rotation.
pub_wc,Guest toilet,service_bay,rear amenity bay attached to parent,False,32x40,pub,Wash; loo,Included with inn,keeper_loo_hide,keeper_clip,0,Reusable task pose,on,0@0fps,loo_hide,"floor (16,40); neck (16,11); shoulders (10,15)/(22,15); hips (13,25)/(19,25)",shared keeper_loo_hide,not repairable,P2,hidden sequence,32x40 aligned frames; hand-drawn angles and integer translation; no arbitrary raster rotation.
pub_wc,Guest toilet,service_bay,rear amenity bay attached to parent,False,32x40,pub,Wash; loo,Included with inn,keeper_reach_use,keeper_clip,0,Reusable task pose,on,5@10fps,reach_use,"floor (16,40); neck (16,11); shoulders (10,15)/(22,15); hips (13,25)/(19,25)",shared keeper_reach_use,not repairable,P2,planned,32x40 aligned frames; hand-drawn angles and integer translation; no arbitrary raster rotation.
pub_wc,Guest toilet,service_bay,rear amenity bay attached to parent,False,32x40,pub,Wash; loo,Included with inn,keeper_shrug,keeper_clip,0,Reusable task pose,on,4@8fps,shrug,"floor (16,40); neck (16,11); shoulders (10,15)/(22,15); hips (13,25)/(19,25)",shared keeper_shrug,not repairable,P2,planned,32x40 aligned frames; hand-drawn angles and integer translation; no arbitrary raster rotation.
pub_wc,Guest toilet,service_bay,rear amenity bay attached to parent,False,32x40,pub,Wash; loo,Included with inn,keeper_walk,keeper_clip,0,Reusable task pose,on,8@10fps,walk,"floor (16,40); neck (16,11); shoulders (10,15)/(22,15); hips (13,25)/(19,25)",shared keeper_walk,not repairable,P2,delivered-review,32x40 aligned frames; hand-drawn angles and integer translation; no arbitrary raster rotation.
pub_wc,Guest toilet,service_bay,rear amenity bay attached to parent,False,32x40,pub,Wash; loo,Included with inn,keeper_wash_back,keeper_clip,0,Reusable task pose,on,8@8fps,wash_back,"floor (16,40); neck (16,11); shoulders (10,15)/(22,15); hips (13,25)/(19,25)",shared keeper_wash_back,not repairable,P2,delivered-review,32x40 aligned frames; hand-drawn angles and integer translation; no arbitrary raster rotation.
pub_wc,Guest toilet,service_bay,rear amenity bay attached to parent,False,12x16,pub,Wash; loo,Included with inn,fx_broken_smoke,shared_effect,0,Reusable fault/reveal feedback,on,8@8fps,none,"[6, 16]",fx_broken_smoke,overlay; does not move anchors,P2,delivered-review,FX shared; casing/body motion is separately integer-safe.
pub_wc,Guest toilet,service_bay,rear amenity bay attached to parent,False,12x12,pub,Wash; loo,Included with inn,fx_broken_sparks,shared_effect,0,Reusable fault/reveal feedback,on,6@12fps,none,"[6, 6]",fx_broken_sparks,overlay; does not move anchors,P2,delivered-review,FX shared; casing/body motion is separately integer-safe.
pub_wc,Guest toilet,service_bay,rear amenity bay attached to parent,False,64x64,pub,Wash; loo,Included with inn,fx_floor_arrival_smoke,shared_effect,0,Reusable fault/reveal feedback,on,8@12fps,none,"[32, 64]",fx_floor_arrival_smoke,overlay; does not move anchors,P2,planned,FX shared; casing/body motion is separately integer-safe.
pub_wc,Guest toilet,service_bay,rear amenity bay attached to parent,False,16x16,pub,Wash; loo,Included with inn,fx_shine,shared_effect,0,Reusable fault/reveal feedback,on,4@8fps,none,"[8, 16]",fx_shine,overlay; does not move anchors,P2,planned,FX shared; casing/body motion is separately integer-safe.
service_wc,Distributed service WC,service_bay,rear amenity bay attached to parent,False,44x35,walking-distance policy,Wash; loo,Add where saved layout exceeds three-band access target,facility_service_wc,room_plate,0,Separate structure; enables activities below,standard,1,none,"top-left (0,0); floor y=35",room timber/stone/tile palette; no furniture,structure faults use separate interactive components,P2,planned,44x35 rear bay; repeated fixture kit; review: placement hook; never all fixtures broken at once; source: docs/EXPANSION_DESIGN.md
service_wc,Distributed service WC,service_bay,rear amenity bay attached to parent,False,5x35,walking-distance policy,Wash; loo,Add where saved layout exceeds three-band access target,seam_service_bay,structural_kit,0,Connect without resizing furniture,standard,1,none,integer parent seam; walking-plane y=0,shared wall/beam/pipe segments,none; parent component controls faults,P2,planned,Core remains 110x35; 105x35 plate; world-Y stripes. Extensions consume no standard slot.
service_wc,Distributed service WC,service_bay,rear amenity bay attached to parent,False,15x28,walking-distance policy,Wash; loo,Add where saved layout exceeds three-band access target,obj_basin,interactive_item,1,Runtime: Have a wash; 15 game min; hygiene +40 (need caps apply); proposed specialist perk: 40 hygiene / 15 min,standard;on;broken,standard 1; on 4@8fps; broken 1 + shared FX,wash_back,"bottom-centre (7,28); keeper floor anchor (16,40)",obj_basin; shared wash chassis/pose,"shared wobble(1px), smoke, intermittent sparks + leaking tap",P2,planned,"Chipped wash basin. Simple pedestal tap or basic shower. ON: 4-frame water. Proposed location (12,0), logical frame 15x28; stable usePoint(-8,0), effectOrigin(0,-28), bubbleOrigin(0,-36), z40. New tier mechanics and names require review; existing names preserved."
service_wc,Distributed service WC,service_bay,rear amenity bay attached to parent,False,15x28,walking-distance policy,Wash; loo,Add where saved layout exceeds three-band access target,obj_basin_t2,interactive_item,2,Runtime: Have a wash; 13 game min; hygiene +50 (need caps apply); proposed specialist perk: 50 hygiene / 13 min,standard;on;broken,standard 1; on 4@8fps; broken 1 + shared FX,wash_back,"bottom-centre (7,28); keeper floor anchor (16,40)",obj_basin; shared wash chassis/pose,"shared wobble(1px), smoke, intermittent sparks + leaking tap",P2,planned,"Basin with a shower. Added mixer/shower control. ON: 4-frame water. Proposed location (12,0), logical frame 15x28; stable usePoint(-8,0), effectOrigin(0,-28), bubbleOrigin(0,-36), z40. New tier mechanics and names require review; existing names preserved."
service_wc,Distributed service WC,service_bay,rear amenity bay attached to parent,False,15x28,walking-distance policy,Wash; loo,Add where saved layout exceeds three-band access target,obj_basin_t3,interactive_item,3,Runtime: Have a wash; 11 game min; hygiene +60 (need caps apply); proposed specialist perk: 60 hygiene / 11 min,standard;on;broken,standard 1; on 4@8fps; broken 1 + shared FX,wash_back,"bottom-centre (7,28); keeper floor anchor (16,40)",obj_basin; shared wash chassis/pose,"shared wobble(1px), smoke, intermittent sparks + leaking tap",P2,planned,"Spa bathroom with rainfall shower. Rainfall head and warm-water status light. ON: 4-frame water. Proposed location (12,0), logical frame 15x28; stable usePoint(-8,0), effectOrigin(0,-28), bubbleOrigin(0,-36), z40. New tier mechanics and names require review; existing names preserved."
service_wc,Distributed service WC,service_bay,rear amenity bay attached to parent,False,13x18,walking-distance policy,Wash; loo,Add where saved layout exceeds three-band access target,obj_toilet,interactive_item,1,Runtime: Go to the loo; 8 game min; bladder +70 (need caps apply); proposed specialist perk: 70 bladder / 8 min,standard;on;broken,standard 1; on 4@8fps; broken 1 + shared FX,loo_hide,"bottom-centre (6,18); keeper floor anchor (16,40)",obj_toilet; shared loo chassis/pose,"shared wobble(1px), smoke, intermittent sparks + cistern rattle",P2,planned,"Clanky loo. Cistern and plain seat. ON: 4-frame flush. Proposed location (31,0), logical frame 13x18; stable usePoint(-8,0), effectOrigin(0,-18), bubbleOrigin(0,-26), z40. New tier mechanics and names require review; existing names preserved."
service_wc,Distributed service WC,service_bay,rear amenity bay attached to parent,False,13x18,walking-distance policy,Wash; loo,Add where saved layout exceeds three-band access target,obj_toilet_t2,interactive_item,2,Runtime: Go to the loo; 7 game min; bladder +88 (need caps apply); proposed specialist perk: 88 bladder / 7 min,standard;on;broken,standard 1; on 4@8fps; broken 1 + shared FX,loo_hide,"bottom-centre (6,18); keeper floor anchor (16,40)",obj_toilet; shared loo chassis/pose,"shared wobble(1px), smoke, intermittent sparks + cistern rattle",P2,planned,"Quiet-flush loo. Quiet-flush cistern with handle indicator. ON: 4-frame flush. Proposed location (31,0), logical frame 13x18; stable usePoint(-8,0), effectOrigin(0,-18), bubbleOrigin(0,-26), z40. New tier mechanics and names require review; existing names preserved."
service_wc,Distributed service WC,service_bay,rear amenity bay attached to parent,False,13x18,walking-distance policy,Wash; loo,Add where saved layout exceeds three-band access target,obj_toilet_t3,interactive_item,3,Runtime: Go to the loo; 6 game min; bladder +105 (need caps apply); proposed specialist perk: 105 nominal bladder capped at 100 / 6 min,standard;on;broken,standard 1; on 4@8fps; broken 1 + shared FX,loo_hide,"bottom-centre (6,18); keeper floor anchor (16,40)",obj_toilet; shared loo chassis/pose,"shared wobble(1px), smoke, intermittent sparks + cistern rattle",P2,planned,"Heated-seat loo with music. Heated-seat switch and comfort indicator. ON: 4-frame flush. Proposed location (31,0), logical frame 13x18; stable usePoint(-8,0), effectOrigin(0,-18), bubbleOrigin(0,-26), z40. New tier mechanics and names require review; existing names preserved."
service_wc,Distributed service WC,service_bay,rear amenity bay attached to parent,False,12x12,walking-distance policy,Wash; loo,Add where saved layout exceeds three-band access target,prop_privacy_door,dressing_or_activity_prop,1,Supports Wash; loo; single tier,standard,1,reach_use,bottom-centre; water surface top-left,shared prop_privacy_door,not independently interactive; no repair tier,P2,planned,Separate prop; do not bake interactive furniture into plates. Exact final appearance proposal.
service_wc,Distributed service WC,service_bay,rear amenity bay attached to parent,False,16x35,walking-distance policy,Wash; loo,Add where saved layout exceeds three-band access target,prop_pipe_set,dressing_or_activity_prop,1,Supports Wash; loo; single tier,standard,1,reach_use,bottom-centre; water surface top-left,shared prop_pipe_set,not independently interactive; no repair tier,P2,planned,Separate prop; do not bake interactive furniture into plates. Exact final appearance proposal.
service_wc,Distributed service WC,service_bay,rear amenity bay attached to parent,False,32x40,walking-distance policy,Wash; loo,Add where saved layout exceeds three-band access target,keeper_greet,keeper_clip,0,Reusable task pose,on,5@8fps,greet,"floor (16,40); neck (16,11); shoulders (10,15)/(22,15); hips (13,25)/(19,25)",shared keeper_greet,not repairable,P2,planned,32x40 aligned frames; hand-drawn angles and integer translation; no arbitrary raster rotation.
service_wc,Distributed service WC,service_bay,rear amenity bay attached to parent,False,32x40,walking-distance policy,Wash; loo,Add where saved layout exceeds three-band access target,keeper_idle,keeper_clip,0,Reusable task pose,on,4@6fps,idle,"floor (16,40); neck (16,11); shoulders (10,15)/(22,15); hips (13,25)/(19,25)",shared keeper_idle,not repairable,P2,delivered-review,32x40 aligned frames; hand-drawn angles and integer translation; no arbitrary raster rotation.
service_wc,Distributed service WC,service_bay,rear amenity bay attached to parent,False,32x40,walking-distance policy,Wash; loo,Add where saved layout exceeds three-band access target,keeper_loo_hide,keeper_clip,0,Reusable task pose,on,0@0fps,loo_hide,"floor (16,40); neck (16,11); shoulders (10,15)/(22,15); hips (13,25)/(19,25)",shared keeper_loo_hide,not repairable,P2,hidden sequence,32x40 aligned frames; hand-drawn angles and integer translation; no arbitrary raster rotation.
service_wc,Distributed service WC,service_bay,rear amenity bay attached to parent,False,32x40,walking-distance policy,Wash; loo,Add where saved layout exceeds three-band access target,keeper_reach_use,keeper_clip,0,Reusable task pose,on,5@10fps,reach_use,"floor (16,40); neck (16,11); shoulders (10,15)/(22,15); hips (13,25)/(19,25)",shared keeper_reach_use,not repairable,P2,planned,32x40 aligned frames; hand-drawn angles and integer translation; no arbitrary raster rotation.
service_wc,Distributed service WC,service_bay,rear amenity bay attached to parent,False,32x40,walking-distance policy,Wash; loo,Add where saved layout exceeds three-band access target,keeper_shrug,keeper_clip,0,Reusable task pose,on,4@8fps,shrug,"floor (16,40); neck (16,11); shoulders (10,15)/(22,15); hips (13,25)/(19,25)",shared keeper_shrug,not repairable,P2,planned,32x40 aligned frames; hand-drawn angles and integer translation; no arbitrary raster rotation.
service_wc,Distributed service WC,service_bay,rear amenity bay attached to parent,False,32x40,walking-distance policy,Wash; loo,Add where saved layout exceeds three-band access target,keeper_walk,keeper_clip,0,Reusable task pose,on,8@10fps,walk,"floor (16,40); neck (16,11); shoulders (10,15)/(22,15); hips (13,25)/(19,25)",shared keeper_walk,not repairable,P2,delivered-review,32x40 aligned frames; hand-drawn angles and integer translation; no arbitrary raster rotation.
service_wc,Distributed service WC,service_bay,rear amenity bay attached to parent,False,32x40,walking-distance policy,Wash; loo,Add where saved layout exceeds three-band access target,keeper_wash_back,keeper_clip,0,Reusable task pose,on,8@8fps,wash_back,"floor (16,40); neck (16,11); shoulders (10,15)/(22,15); hips (13,25)/(19,25)",shared keeper_wash_back,not repairable,P2,delivered-review,32x40 aligned frames; hand-drawn angles and integer translation; no arbitrary raster rotation.
service_wc,Distributed service WC,service_bay,rear amenity bay attached to parent,False,12x16,walking-distance policy,Wash; loo,Add where saved layout exceeds three-band access target,fx_broken_smoke,shared_effect,0,Reusable fault/reveal feedback,on,8@8fps,none,"[6, 16]",fx_broken_smoke,overlay; does not move anchors,P2,delivered-review,FX shared; casing/body motion is separately integer-safe.
service_wc,Distributed service WC,service_bay,rear amenity bay attached to parent,False,12x12,walking-distance policy,Wash; loo,Add where saved layout exceeds three-band access target,fx_broken_sparks,shared_effect,0,Reusable fault/reveal feedback,on,6@12fps,none,"[6, 6]",fx_broken_sparks,overlay; does not move anchors,P2,delivered-review,FX shared; casing/body motion is separately integer-safe.
service_wc,Distributed service WC,service_bay,rear amenity bay attached to parent,False,64x64,walking-distance policy,Wash; loo,Add where saved layout exceeds three-band access target,fx_floor_arrival_smoke,shared_effect,0,Reusable fault/reveal feedback,on,8@12fps,none,"[32, 64]",fx_floor_arrival_smoke,overlay; does not move anchors,P2,planned,FX shared; casing/body motion is separately integer-safe.
service_wc,Distributed service WC,service_bay,rear amenity bay attached to parent,False,16x16,walking-distance policy,Wash; loo,Add where saved layout exceeds three-band access target,fx_shine,shared_effect,0,Reusable fault/reveal feedback,on,4@8fps,none,"[8, 16]",fx_shine,overlay; does not move anchors,P2,planned,FX shared; casing/body motion is separately integer-safe.
bath,Bath / laundry service possibility,service_bay,rear amenity bay attached to parent,False,55x35,boiler; water; possible future laundry,Bath; wash clothes,Diagnose water; sort garments; test service,facility_bath,room_plate,0,Separate structure; enables activities below,standard,1,none,"top-left (0,0); floor y=35",room timber/stone/tile palette; no furniture,structure faults use separate interactive components,P2,planned,Proposed 55x35 utility bay; tub left; washer right; discussed optional systems; do not produce until chosen; source: docs/EXPANSION_DESIGN.md
bath,Bath / laundry service possibility,service_bay,rear amenity bay attached to parent,False,5x35,boiler; water; possible future laundry,Bath; wash clothes,Diagnose water; sort garments; test service,seam_service_bay,structural_kit,0,Connect without resizing furniture,standard,1,none,integer parent seam; walking-plane y=0,shared wall/beam/pipe segments,none; parent component controls faults,P2,planned,Core remains 110x35; 105x35 plate; world-Y stripes. Extensions consume no standard slot.
bath,Bath / laundry service possibility,service_bay,rear amenity bay attached to parent,False,22x20,boiler; water; possible future laundry,Bath; wash clothes,Diagnose water; sort garments; test service,obj_bathtub,interactive_item,1,"PROPOSED, not coded: 40 hygiene / 15 min",standard;on;broken,standard 1; on 4@8fps; broken 1 + shared FX,wash_back,"bottom-centre (11,20); keeper floor anchor (16,40)",obj_bathtub; shared wash chassis/pose,"shared wobble(1px), smoke, intermittent sparks + leaking tap",P2,planned,"Basic bathtub. Simple pedestal tap or basic shower. ON: 4-frame water. Proposed location (27,0), logical frame 22x20; stable usePoint(-8,0), effectOrigin(0,-20), bubbleOrigin(0,-28), z40. New tier mechanics and names require review; existing names preserved. This station replaces the central activity bay when selected; never draw all stations simultaneously."
bath,Bath / laundry service possibility,service_bay,rear amenity bay attached to parent,False,22x20,boiler; water; possible future laundry,Bath; wash clothes,Diagnose water; sort garments; test service,obj_bathtub_t2,interactive_item,2,"PROPOSED, not coded: 50 hygiene / 13 min",standard;on;broken,standard 1; on 4@8fps; broken 1 + shared FX,wash_back,"bottom-centre (11,20); keeper floor anchor (16,40)",obj_bathtub; shared wash chassis/pose,"shared wobble(1px), smoke, intermittent sparks + leaking tap",P2,planned,"Mid-tier bathtub. Added mixer/shower control. ON: 4-frame water. Proposed location (27,0), logical frame 22x20; stable usePoint(-8,0), effectOrigin(0,-20), bubbleOrigin(0,-28), z40. New tier mechanics and names require review; existing names preserved. This station replaces the central activity bay when selected; never draw all stations simultaneously."
bath,Bath / laundry service possibility,service_bay,rear amenity bay attached to parent,False,22x20,boiler; water; possible future laundry,Bath; wash clothes,Diagnose water; sort garments; test service,obj_bathtub_t3,interactive_item,3,"PROPOSED, not coded: 60 hygiene / 11 min",standard;on;broken,standard 1; on 4@8fps; broken 1 + shared FX,wash_back,"bottom-centre (11,20); keeper floor anchor (16,40)",obj_bathtub; shared wash chassis/pose,"shared wobble(1px), smoke, intermittent sparks + leaking tap",P2,planned,"Top-tier bathtub. Rainfall head and warm-water status light. ON: 4-frame water. Proposed location (27,0), logical frame 22x20; stable usePoint(-8,0), effectOrigin(0,-20), bubbleOrigin(0,-28), z40. New tier mechanics and names require review; existing names preserved. This station replaces the central activity bay when selected; never draw all stations simultaneously."
bath,Bath / laundry service possibility,service_bay,rear amenity bay attached to parent,False,22x20,boiler; water; possible future laundry,Bath; wash clothes,Diagnose water; sort garments; test service,obj_washer,interactive_item,1,"PROPOSED, not coded: 40 tidiness / 25 min",standard;on;broken,standard 1; on 4@8fps; broken 1 + shared FX,tidy,"bottom-centre (11,20); keeper floor anchor (16,40)",obj_washer; shared clean chassis/pose,"shared wobble(1px), smoke, intermittent sparks + split bristle or stalled wheel",P2,planned,"Basic washer. Broom and bristles. ON: 4-frame tool motion. Proposed location (27,0), logical frame 22x20; stable usePoint(-8,0), effectOrigin(0,-20), bubbleOrigin(0,-28), z40. New tier mechanics and names require review; existing names preserved. This station replaces the central activity bay when selected; never draw all stations simultaneously."
bath,Bath / laundry service possibility,service_bay,rear amenity bay attached to parent,False,22x20,boiler; water; possible future laundry,Bath; wash clothes,Diagnose water; sort garments; test service,obj_washer_t2,interactive_item,2,"PROPOSED, not coded: 50 tidiness / 21 min",standard;on;broken,standard 1; on 4@8fps; broken 1 + shared FX,tidy,"bottom-centre (11,20); keeper floor anchor (16,40)",obj_washer; shared clean chassis/pose,"shared wobble(1px), smoke, intermittent sparks + split bristle or stalled wheel",P2,planned,"Mid-tier washer. Hoover body with hose. ON: 4-frame tool motion. Proposed location (27,0), logical frame 22x20; stable usePoint(-8,0), effectOrigin(0,-20), bubbleOrigin(0,-28), z40. New tier mechanics and names require review; existing names preserved. This station replaces the central activity bay when selected; never draw all stations simultaneously."
bath,Bath / laundry service possibility,service_bay,rear amenity bay attached to parent,False,22x20,boiler; water; possible future laundry,Bath; wash clothes,Diagnose water; sort garments; test service,obj_washer_t3,interactive_item,3,"PROPOSED, not coded: 60 tidiness / 18 min",standard;on;broken,standard 1; on 4@8fps; broken 1 + shared FX,tidy,"bottom-centre (11,20); keeper floor anchor (16,40)",obj_washer; shared clean chassis/pose,"shared wobble(1px), smoke, intermittent sparks + split bristle or stalled wheel",P2,planned,"Top-tier washer. Robot cleaner with wheels and automatic status light. ON: 4-frame tool motion. Proposed location (27,0), logical frame 22x20; stable usePoint(-8,0), effectOrigin(0,-20), bubbleOrigin(0,-28), z40. New tier mechanics and names require review; existing names preserved. This station replaces the central activity bay when selected; never draw all stations simultaneously."
bath,Bath / laundry service possibility,service_bay,rear amenity bay attached to parent,False,12x12,boiler; water; possible future laundry,Bath; wash clothes,Diagnose water; sort garments; test service,prop_laundry_basket,dressing_or_activity_prop,1,Supports Bath; wash clothes; single tier,standard,1,reach_use,bottom-centre; water surface top-left,shared prop_laundry_basket,not independently interactive; no repair tier,P2,planned,Separate prop; do not bake interactive furniture into plates. Exact final appearance proposal.
bath,Bath / laundry service possibility,service_bay,rear amenity bay attached to parent,False,16x35,boiler; water; possible future laundry,Bath; wash clothes,Diagnose water; sort garments; test service,prop_pipe_set,dressing_or_activity_prop,1,Supports Bath; wash clothes; single tier,standard,1,reach_use,bottom-centre; water surface top-left,shared prop_pipe_set,not independently interactive; no repair tier,P2,planned,Separate prop; do not bake interactive furniture into plates. Exact final appearance proposal.
bath,Bath / laundry service possibility,service_bay,rear amenity bay attached to parent,False,32x40,boiler; water; possible future laundry,Bath; wash clothes,Diagnose water; sort garments; test service,keeper_greet,keeper_clip,0,Reusable task pose,on,5@8fps,greet,"floor (16,40); neck (16,11); shoulders (10,15)/(22,15); hips (13,25)/(19,25)",shared keeper_greet,not repairable,P2,planned,32x40 aligned frames; hand-drawn angles and integer translation; no arbitrary raster rotation.
bath,Bath / laundry service possibility,service_bay,rear amenity bay attached to parent,False,32x40,boiler; water; possible future laundry,Bath; wash clothes,Diagnose water; sort garments; test service,keeper_idle,keeper_clip,0,Reusable task pose,on,4@6fps,idle,"floor (16,40); neck (16,11); shoulders (10,15)/(22,15); hips (13,25)/(19,25)",shared keeper_idle,not repairable,P2,delivered-review,32x40 aligned frames; hand-drawn angles and integer translation; no arbitrary raster rotation.
bath,Bath / laundry service possibility,service_bay,rear amenity bay attached to parent,False,32x40,boiler; water; possible future laundry,Bath; wash clothes,Diagnose water; sort garments; test service,keeper_reach_use,keeper_clip,0,Reusable task pose,on,5@10fps,reach_use,"floor (16,40); neck (16,11); shoulders (10,15)/(22,15); hips (13,25)/(19,25)",shared keeper_reach_use,not repairable,P2,planned,32x40 aligned frames; hand-drawn angles and integer translation; no arbitrary raster rotation.
bath,Bath / laundry service possibility,service_bay,rear amenity bay attached to parent,False,32x40,boiler; water; possible future laundry,Bath; wash clothes,Diagnose water; sort garments; test service,keeper_shrug,keeper_clip,0,Reusable task pose,on,4@8fps,shrug,"floor (16,40); neck (16,11); shoulders (10,15)/(22,15); hips (13,25)/(19,25)",shared keeper_shrug,not repairable,P2,planned,32x40 aligned frames; hand-drawn angles and integer translation; no arbitrary raster rotation.
bath,Bath / laundry service possibility,service_bay,rear amenity bay attached to parent,False,32x40,boiler; water; possible future laundry,Bath; wash clothes,Diagnose water; sort garments; test service,keeper_tidy,keeper_clip,0,Reusable task pose,on,6@8fps,tidy,"floor (16,40); neck (16,11); shoulders (10,15)/(22,15); hips (13,25)/(19,25)",shared keeper_tidy,not repairable,P2,planned,32x40 aligned frames; hand-drawn angles and integer translation; no arbitrary raster rotation.
bath,Bath / laundry service possibility,service_bay,rear amenity bay attached to parent,False,32x40,boiler; water; possible future laundry,Bath; wash clothes,Diagnose water; sort garments; test service,keeper_walk,keeper_clip,0,Reusable task pose,on,8@10fps,walk,"floor (16,40); neck (16,11); shoulders (10,15)/(22,15); hips (13,25)/(19,25)",shared keeper_walk,not repairable,P2,delivered-review,32x40 aligned frames; hand-drawn angles and integer translation; no arbitrary raster rotation.
bath,Bath / laundry service possibility,service_bay,rear amenity bay attached to parent,False,32x40,boiler; water; possible future laundry,Bath; wash clothes,Diagnose water; sort garments; test service,keeper_wash_back,keeper_clip,0,Reusable task pose,on,8@8fps,wash_back,"floor (16,40); neck (16,11); shoulders (10,15)/(22,15); hips (13,25)/(19,25)",shared keeper_wash_back,not repairable,P2,delivered-review,32x40 aligned frames; hand-drawn angles and integer translation; no arbitrary raster rotation.
bath,Bath / laundry service possibility,service_bay,rear amenity bay attached to parent,False,12x16,boiler; water; possible future laundry,Bath; wash clothes,Diagnose water; sort garments; test service,fx_broken_smoke,shared_effect,0,Reusable fault/reveal feedback,on,8@8fps,none,"[6, 16]",fx_broken_smoke,overlay; does not move anchors,P2,delivered-review,FX shared; casing/body motion is separately integer-safe.
bath,Bath / laundry service possibility,service_bay,rear amenity bay attached to parent,False,12x12,boiler; water; possible future laundry,Bath; wash clothes,Diagnose water; sort garments; test service,fx_broken_sparks,shared_effect,0,Reusable fault/reveal feedback,on,6@12fps,none,"[6, 6]",fx_broken_sparks,overlay; does not move anchors,P2,delivered-review,FX shared; casing/body motion is separately integer-safe.
bath,Bath / laundry service possibility,service_bay,rear amenity bay attached to parent,False,64x64,boiler; water; possible future laundry,Bath; wash clothes,Diagnose water; sort garments; test service,fx_floor_arrival_smoke,shared_effect,0,Reusable fault/reveal feedback,on,8@12fps,none,"[32, 64]",fx_floor_arrival_smoke,overlay; does not move anchors,P2,planned,FX shared; casing/body motion is separately integer-safe.
bath,Bath / laundry service possibility,service_bay,rear amenity bay attached to parent,False,16x16,boiler; water; possible future laundry,Bath; wash clothes,Diagnose water; sort garments; test service,fx_shine,shared_effect,0,Reusable fault/reveal feedback,on,4@8fps,none,"[8, 16]",fx_shine,overlay; does not move anchors,P2,planned,FX shared; casing/body motion is separately integer-safe.
lift,Lift service core,service_core,aligned service core; follows saved floor exits,False,22x35,current Puffed Out requires five above-ground floors,Fast travel; repair doors,Current mission; future safe load and door test,facility_lift,room_plate,0,Separate structure; enables activities below,standard,1,none,"top-left (0,0); floor y=35",room timber/stone/tile palette; no furniture,structure faults use separate interactive components,P1,planned,22x35 repeatable landing bay; vertical shaft extends with saved stack; review: rear versus side core; do not create final shaft art; source: docs/EXPANSION_DESIGN.md
lift,Lift service core,service_core,aligned service core; follows saved floor exits,False,5x35,current Puffed Out requires five above-ground floors,Fast travel; repair doors,Current mission; future safe load and door test,seam_service_core,structural_kit,0,Connect without resizing furniture,standard,1,none,integer parent seam; walking-plane y=0,shared wall/beam/pipe segments,none; parent component controls faults,P1,planned,Core remains 110x35; 105x35 plate; world-Y stripes. Extensions consume no standard slot.
lift,Lift service core,service_core,aligned service core; follows saved floor exits,False,22x34,current Puffed Out requires five above-ground floors,Fast travel; repair doors,Current mission; future safe load and door test,obj_lift,interactive_item,1,"PROPOSED, not coded: 8 game min per floor or route segment",standard;on;broken,standard 1; on 4@8fps; broken 1 + shared FX,walk,"bottom-centre (11,34); keeper floor anchor (16,40)",obj_lift; shared travel chassis/pose,"shared wobble(1px), smoke, intermittent sparks + jammed door; stairs remain usable",P1,planned,"Basic lift. Simple manual carrier or landing. ON: 4-frame travel. Proposed location (11,0), logical frame 22x34; stable usePoint(-8,0), effectOrigin(0,-34), bubbleOrigin(0,-42), z40. New tier mechanics and names require review; existing names preserved. This station replaces the central activity bay when selected; never draw all stations simultaneously."
lift,Lift service core,service_core,aligned service core; follows saved floor exits,False,22x34,current Puffed Out requires five above-ground floors,Fast travel; repair doors,Current mission; future safe load and door test,obj_lift_t2,interactive_item,2,"PROPOSED, not coded: 5 game min per segment",standard;on;broken,standard 1; on 4@8fps; broken 1 + shared FX,walk,"bottom-centre (11,34); keeper floor anchor (16,40)",obj_lift; shared travel chassis/pose,"shared wobble(1px), smoke, intermittent sparks + jammed door; stairs remain usable",P1,planned,"Mid-tier lift. Improved motor/brake and clear floor indicator. ON: 4-frame travel. Proposed location (11,0), logical frame 22x34; stable usePoint(-8,0), effectOrigin(0,-34), bubbleOrigin(0,-42), z40. New tier mechanics and names require review; existing names preserved. This station replaces the central activity bay when selected; never draw all stations simultaneously."
lift,Lift service core,service_core,aligned service core; follows saved floor exits,False,22x34,current Puffed Out requires five above-ground floors,Fast travel; repair doors,Current mission; future safe load and door test,obj_lift_t3,interactive_item,3,"PROPOSED, not coded: 3 game min per segment",standard;on;broken,standard 1; on 4@8fps; broken 1 + shared FX,walk,"bottom-centre (11,34); keeper floor anchor (16,40)",obj_lift; shared travel chassis/pose,"shared wobble(1px), smoke, intermittent sparks + jammed door; stairs remain usable",P1,planned,"Top-tier lift. Fast automatic carrier with route and safety indicator. ON: 4-frame travel. Proposed location (11,0), logical frame 22x34; stable usePoint(-8,0), effectOrigin(0,-34), bubbleOrigin(0,-42), z40. New tier mechanics and names require review; existing names preserved. This station replaces the central activity bay when selected; never draw all stations simultaneously."
lift,Lift service core,service_core,aligned service core; follows saved floor exits,False,12x12,current Puffed Out requires five above-ground floors,Fast travel; repair doors,Current mission; future safe load and door test,prop_landing_door,dressing_or_activity_prop,1,Supports Fast travel; repair doors; single tier,standard,1,reach_use,bottom-centre; water surface top-left,shared prop_landing_door,not independently interactive; no repair tier,P1,planned,Separate prop; do not bake interactive furniture into plates. Exact final appearance proposal.
lift,Lift service core,service_core,aligned service core; follows saved floor exits,False,12x12,current Puffed Out requires five above-ground floors,Fast travel; repair doors,Current mission; future safe load and door test,prop_shaft_segment,dressing_or_activity_prop,1,Supports Fast travel; repair doors; single tier,standard,1,reach_use,bottom-centre; water surface top-left,shared prop_shaft_segment,not independently interactive; no repair tier,P1,planned,Separate prop; do not bake interactive furniture into plates. Exact final appearance proposal.
lift,Lift service core,service_core,aligned service core; follows saved floor exits,False,12x12,current Puffed Out requires five above-ground floors,Fast travel; repair doors,Current mission; future safe load and door test,prop_indicator,dressing_or_activity_prop,1,Supports Fast travel; repair doors; single tier,standard,1,reach_use,bottom-centre; water surface top-left,shared prop_indicator,not independently interactive; no repair tier,P1,planned,Separate prop; do not bake interactive furniture into plates. Exact final appearance proposal.
lift,Lift service core,service_core,aligned service core; follows saved floor exits,False,32x40,current Puffed Out requires five above-ground floors,Fast travel; repair doors,Current mission; future safe load and door test,keeper_greet,keeper_clip,0,Reusable task pose,on,5@8fps,greet,"floor (16,40); neck (16,11); shoulders (10,15)/(22,15); hips (13,25)/(19,25)",shared keeper_greet,not repairable,P1,planned,32x40 aligned frames; hand-drawn angles and integer translation; no arbitrary raster rotation.
lift,Lift service core,service_core,aligned service core; follows saved floor exits,False,32x40,current Puffed Out requires five above-ground floors,Fast travel; repair doors,Current mission; future safe load and door test,keeper_idle,keeper_clip,0,Reusable task pose,on,4@6fps,idle,"floor (16,40); neck (16,11); shoulders (10,15)/(22,15); hips (13,25)/(19,25)",shared keeper_idle,not repairable,P1,delivered-review,32x40 aligned frames; hand-drawn angles and integer translation; no arbitrary raster rotation.
lift,Lift service core,service_core,aligned service core; follows saved floor exits,False,32x40,current Puffed Out requires five above-ground floors,Fast travel; repair doors,Current mission; future safe load and door test,keeper_reach_use,keeper_clip,0,Reusable task pose,on,5@10fps,reach_use,"floor (16,40); neck (16,11); shoulders (10,15)/(22,15); hips (13,25)/(19,25)",shared keeper_reach_use,not repairable,P1,planned,32x40 aligned frames; hand-drawn angles and integer translation; no arbitrary raster rotation.
lift,Lift service core,service_core,aligned service core; follows saved floor exits,False,32x40,current Puffed Out requires five above-ground floors,Fast travel; repair doors,Current mission; future safe load and door test,keeper_shrug,keeper_clip,0,Reusable task pose,on,4@8fps,shrug,"floor (16,40); neck (16,11); shoulders (10,15)/(22,15); hips (13,25)/(19,25)",shared keeper_shrug,not repairable,P1,planned,32x40 aligned frames; hand-drawn angles and integer translation; no arbitrary raster rotation.
lift,Lift service core,service_core,aligned service core; follows saved floor exits,False,32x40,current Puffed Out requires five above-ground floors,Fast travel; repair doors,Current mission; future safe load and door test,keeper_walk,keeper_clip,0,Reusable task pose,on,8@10fps,walk,"floor (16,40); neck (16,11); shoulders (10,15)/(22,15); hips (13,25)/(19,25)",shared keeper_walk,not repairable,P1,delivered-review,32x40 aligned frames; hand-drawn angles and integer translation; no arbitrary raster rotation.
lift,Lift service core,service_core,aligned service core; follows saved floor exits,False,12x16,current Puffed Out requires five above-ground floors,Fast travel; repair doors,Current mission; future safe load and door test,fx_broken_smoke,shared_effect,0,Reusable fault/reveal feedback,on,8@8fps,none,"[6, 16]",fx_broken_smoke,overlay; does not move anchors,P1,delivered-review,FX shared; casing/body motion is separately integer-safe.
lift,Lift service core,service_core,aligned service core; follows saved floor exits,False,12x12,current Puffed Out requires five above-ground floors,Fast travel; repair doors,Current mission; future safe load and door test,fx_broken_sparks,shared_effect,0,Reusable fault/reveal feedback,on,6@12fps,none,"[6, 6]",fx_broken_sparks,overlay; does not move anchors,P1,delivered-review,FX shared; casing/body motion is separately integer-safe.
lift,Lift service core,service_core,aligned service core; follows saved floor exits,False,64x64,current Puffed Out requires five above-ground floors,Fast travel; repair doors,Current mission; future safe load and door test,fx_floor_arrival_smoke,shared_effect,0,Reusable fault/reveal feedback,on,8@12fps,none,"[32, 64]",fx_floor_arrival_smoke,overlay; does not move anchors,P1,planned,FX shared; casing/body motion is separately integer-safe.
lift,Lift service core,service_core,aligned service core; follows saved floor exits,False,16x16,current Puffed Out requires five above-ground floors,Fast travel; repair doors,Current mission; future safe load and door test,fx_shine,shared_effect,0,Reusable fault/reveal feedback,on,4@8fps,none,"[8, 16]",fx_shine,overlay; does not move anchors,P1,planned,FX shared; casing/body motion is separately integer-safe.
stairs,Ladders / spiral stair core,service_core,aligned service core; follows saved floor exits,False,10x35,none,Travel upward and downward,Basic ladder available; stair upgrade route exercise proposed,facility_stairs,room_plate,0,Separate structure; enables activities below,standard,1,none,"top-left (0,0); floor y=35",room timber/stone/tile palette; no furniture,structure faults use separate interactive components,P2,planned,10x35 repeatable rear access lane; runtime stairs exist; transport tiers proposed; source: docs/EXPANSION_DESIGN.md; HANDOFF_TO_CLAUDE.md
stairs,Ladders / spiral stair core,service_core,aligned service core; follows saved floor exits,False,5x35,none,Travel upward and downward,Basic ladder available; stair upgrade route exercise proposed,seam_service_core,structural_kit,0,Connect without resizing furniture,standard,1,none,integer parent seam; walking-plane y=0,shared wall/beam/pipe segments,none; parent component controls faults,P2,planned,Core remains 110x35; 105x35 plate; world-Y stripes. Extensions consume no standard slot.
stairs,Ladders / spiral stair core,service_core,aligned service core; follows saved floor exits,False,22x20,none,Travel upward and downward,Basic ladder available; stair upgrade route exercise proposed,obj_stairs,interactive_item,1,"PROPOSED, not coded: ladder travel 8 min per band both ways",standard;on;broken,standard 1; on 4@8fps; broken 1 + shared FX,walk,"bottom-centre (11,20); keeper floor anchor (16,40)",obj_stairs; shared travel chassis/pose,"shared wobble(1px), smoke, intermittent sparks + jammed door; stairs remain usable",P2,planned,"Basic stairs. Simple manual carrier or landing. ON: 4-frame travel. Proposed location (5,0), logical frame 22x20; stable usePoint(-8,0), effectOrigin(0,-20), bubbleOrigin(0,-28), z40. New tier mechanics and names require review; existing names preserved. This station replaces the central activity bay when selected; never draw all stations simultaneously."
stairs,Ladders / spiral stair core,service_core,aligned service core; follows saved floor exits,False,22x20,none,Travel upward and downward,Basic ladder available; stair upgrade route exercise proposed,obj_stairs_t2,interactive_item,2,"PROPOSED, not coded: spiral stair 5 min up and 6 min down",standard;on;broken,standard 1; on 4@8fps; broken 1 + shared FX,walk,"bottom-centre (11,20); keeper floor anchor (16,40)",obj_stairs; shared travel chassis/pose,"shared wobble(1px), smoke, intermittent sparks + jammed door; stairs remain usable",P2,planned,"Mid-tier stairs. Improved motor/brake and clear floor indicator. ON: 4-frame travel. Proposed location (5,0), logical frame 22x20; stable usePoint(-8,0), effectOrigin(0,-20), bubbleOrigin(0,-28), z40. New tier mechanics and names require review; existing names preserved. This station replaces the central activity bay when selected; never draw all stations simultaneously."
stairs,Ladders / spiral stair core,service_core,aligned service core; follows saved floor exits,False,22x20,none,Travel upward and downward,Basic ladder available; stair upgrade route exercise proposed,obj_stairs_t3,interactive_item,3,"PROPOSED, not coded: stair with handrail 4 min up and 5 min down",standard;on;broken,standard 1; on 4@8fps; broken 1 + shared FX,walk,"bottom-centre (11,20); keeper floor anchor (16,40)",obj_stairs; shared travel chassis/pose,"shared wobble(1px), smoke, intermittent sparks + jammed door; stairs remain usable",P2,planned,"Top-tier stairs. Fast automatic carrier with route and safety indicator. ON: 4-frame travel. Proposed location (5,0), logical frame 22x20; stable usePoint(-8,0), effectOrigin(0,-20), bubbleOrigin(0,-28), z40. New tier mechanics and names require review; existing names preserved. This station replaces the central activity bay when selected; never draw all stations simultaneously."
stairs,Ladders / spiral stair core,service_core,aligned service core; follows saved floor exits,False,12x12,none,Travel upward and downward,Basic ladder available; stair upgrade route exercise proposed,prop_ladder_segment,dressing_or_activity_prop,1,Supports Travel upward and downward; single tier,standard,1,reach_use,bottom-centre; water surface top-left,shared prop_ladder_segment,not independently interactive; no repair tier,P2,planned,Separate prop; do not bake interactive furniture into plates. Exact final appearance proposal.
stairs,Ladders / spiral stair core,service_core,aligned service core; follows saved floor exits,False,12x12,none,Travel upward and downward,Basic ladder available; stair upgrade route exercise proposed,prop_stair_segment,dressing_or_activity_prop,1,Supports Travel upward and downward; single tier,standard,1,reach_use,bottom-centre; water surface top-left,shared prop_stair_segment,not independently interactive; no repair tier,P2,planned,Separate prop; do not bake interactive furniture into plates. Exact final appearance proposal.
stairs,Ladders / spiral stair core,service_core,aligned service core; follows saved floor exits,False,32x40,none,Travel upward and downward,Basic ladder available; stair upgrade route exercise proposed,keeper_greet,keeper_clip,0,Reusable task pose,on,5@8fps,greet,"floor (16,40); neck (16,11); shoulders (10,15)/(22,15); hips (13,25)/(19,25)",shared keeper_greet,not repairable,P2,planned,32x40 aligned frames; hand-drawn angles and integer translation; no arbitrary raster rotation.
stairs,Ladders / spiral stair core,service_core,aligned service core; follows saved floor exits,False,32x40,none,Travel upward and downward,Basic ladder available; stair upgrade route exercise proposed,keeper_idle,keeper_clip,0,Reusable task pose,on,4@6fps,idle,"floor (16,40); neck (16,11); shoulders (10,15)/(22,15); hips (13,25)/(19,25)",shared keeper_idle,not repairable,P2,delivered-review,32x40 aligned frames; hand-drawn angles and integer translation; no arbitrary raster rotation.
stairs,Ladders / spiral stair core,service_core,aligned service core; follows saved floor exits,False,32x40,none,Travel upward and downward,Basic ladder available; stair upgrade route exercise proposed,keeper_reach_use,keeper_clip,0,Reusable task pose,on,5@10fps,reach_use,"floor (16,40); neck (16,11); shoulders (10,15)/(22,15); hips (13,25)/(19,25)",shared keeper_reach_use,not repairable,P2,planned,32x40 aligned frames; hand-drawn angles and integer translation; no arbitrary raster rotation.
stairs,Ladders / spiral stair core,service_core,aligned service core; follows saved floor exits,False,32x40,none,Travel upward and downward,Basic ladder available; stair upgrade route exercise proposed,keeper_shrug,keeper_clip,0,Reusable task pose,on,4@8fps,shrug,"floor (16,40); neck (16,11); shoulders (10,15)/(22,15); hips (13,25)/(19,25)",shared keeper_shrug,not repairable,P2,planned,32x40 aligned frames; hand-drawn angles and integer translation; no arbitrary raster rotation.
stairs,Ladders / spiral stair core,service_core,aligned service core; follows saved floor exits,False,32x40,none,Travel upward and downward,Basic ladder available; stair upgrade route exercise proposed,keeper_walk,keeper_clip,0,Reusable task pose,on,8@10fps,walk,"floor (16,40); neck (16,11); shoulders (10,15)/(22,15); hips (13,25)/(19,25)",shared keeper_walk,not repairable,P2,delivered-review,32x40 aligned frames; hand-drawn angles and integer translation; no arbitrary raster rotation.
stairs,Ladders / spiral stair core,service_core,aligned service core; follows saved floor exits,False,12x16,none,Travel upward and downward,Basic ladder available; stair upgrade route exercise proposed,fx_broken_smoke,shared_effect,0,Reusable fault/reveal feedback,on,8@8fps,none,"[6, 16]",fx_broken_smoke,overlay; does not move anchors,P2,delivered-review,FX shared; casing/body motion is separately integer-safe.
stairs,Ladders / spiral stair core,service_core,aligned service core; follows saved floor exits,False,12x12,none,Travel upward and downward,Basic ladder available; stair upgrade route exercise proposed,fx_broken_sparks,shared_effect,0,Reusable fault/reveal feedback,on,6@12fps,none,"[6, 6]",fx_broken_sparks,overlay; does not move anchors,P2,delivered-review,FX shared; casing/body motion is separately integer-safe.
stairs,Ladders / spiral stair core,service_core,aligned service core; follows saved floor exits,False,64x64,none,Travel upward and downward,Basic ladder available; stair upgrade route exercise proposed,fx_floor_arrival_smoke,shared_effect,0,Reusable fault/reveal feedback,on,8@12fps,none,"[32, 64]",fx_floor_arrival_smoke,overlay; does not move anchors,P2,planned,FX shared; casing/body motion is separately integer-safe.
stairs,Ladders / spiral stair core,service_core,aligned service core; follows saved floor exits,False,16x16,none,Travel upward and downward,Basic ladder available; stair upgrade route exercise proposed,fx_shine,shared_effect,0,Reusable fault/reveal feedback,on,4@8fps,none,"[8, 16]",fx_shine,overlay; does not move anchors,P2,planned,FX shared; casing/body motion is separately integer-safe.
slide,Helter-skelter transport,service_core,aligned service core; follows saved floor exits,False,14x35,tower height; dynamic exits,Fast downward travel; clear jam,Plot exit route; test flap; retrieve laundry,facility_slide,room_plate,0,Separate structure; enables activities below,standard,1,none,"top-left (0,0); floor y=35",room timber/stone/tile palette; no furniture,structure faults use separate interactive components,P2,planned,14x35 tube segment beside core; one exit each saved floor; review: core clearance and exact wrapping; no final art; source: docs/EXPANSION_DESIGN.md
slide,Helter-skelter transport,service_core,aligned service core; follows saved floor exits,False,5x35,tower height; dynamic exits,Fast downward travel; clear jam,Plot exit route; test flap; retrieve laundry,seam_service_core,structural_kit,0,Connect without resizing furniture,standard,1,none,integer parent seam; walking-plane y=0,shared wall/beam/pipe segments,none; parent component controls faults,P2,planned,Core remains 110x35; 105x35 plate; world-Y stripes. Extensions consume no standard slot.
slide,Helter-skelter transport,service_core,aligned service core; follows saved floor exits,False,22x20,tower height; dynamic exits,Fast downward travel; clear jam,Plot exit route; test flap; retrieve laundry,obj_slide,interactive_item,1,"PROPOSED, not coded: down one band in 5 min",standard;on;broken,standard 1; on 4@8fps; broken 1 + shared FX,walk,"bottom-centre (11,20); keeper floor anchor (16,40)",obj_slide; shared travel chassis/pose,"shared wobble(1px), smoke, intermittent sparks + jammed door; stairs remain usable",P2,planned,"Basic slide. Simple manual carrier or landing. ON: 4-frame travel. Proposed location (7,0), logical frame 22x20; stable usePoint(-8,0), effectOrigin(0,-20), bubbleOrigin(0,-28), z40. New tier mechanics and names require review; existing names preserved. This station replaces the central activity bay when selected; never draw all stations simultaneously."
slide,Helter-skelter transport,service_core,aligned service core; follows saved floor exits,False,22x20,tower height; dynamic exits,Fast downward travel; clear jam,Plot exit route; test flap; retrieve laundry,obj_slide_t2,interactive_item,2,"PROPOSED, not coded: down one band in 3 min",standard;on;broken,standard 1; on 4@8fps; broken 1 + shared FX,walk,"bottom-centre (11,20); keeper floor anchor (16,40)",obj_slide; shared travel chassis/pose,"shared wobble(1px), smoke, intermittent sparks + jammed door; stairs remain usable",P2,planned,"Mid-tier slide. Improved motor/brake and clear floor indicator. ON: 4-frame travel. Proposed location (7,0), logical frame 22x20; stable usePoint(-8,0), effectOrigin(0,-20), bubbleOrigin(0,-28), z40. New tier mechanics and names require review; existing names preserved. This station replaces the central activity bay when selected; never draw all stations simultaneously."
slide,Helter-skelter transport,service_core,aligned service core; follows saved floor exits,False,22x20,tower height; dynamic exits,Fast downward travel; clear jam,Plot exit route; test flap; retrieve laundry,obj_slide_t3,interactive_item,3,"PROPOSED, not coded: down one band in 2 min; every floor still has exit",standard;on;broken,standard 1; on 4@8fps; broken 1 + shared FX,walk,"bottom-centre (11,20); keeper floor anchor (16,40)",obj_slide; shared travel chassis/pose,"shared wobble(1px), smoke, intermittent sparks + jammed door; stairs remain usable",P2,planned,"Top-tier slide. Fast automatic carrier with route and safety indicator. ON: 4-frame travel. Proposed location (7,0), logical frame 22x20; stable usePoint(-8,0), effectOrigin(0,-20), bubbleOrigin(0,-28), z40. New tier mechanics and names require review; existing names preserved. This station replaces the central activity bay when selected; never draw all stations simultaneously."
slide,Helter-skelter transport,service_core,aligned service core; follows saved floor exits,False,12x12,tower height; dynamic exits,Fast downward travel; clear jam,Plot exit route; test flap; retrieve laundry,prop_tube_segment,dressing_or_activity_prop,1,Supports Fast downward travel; clear jam; single tier,standard,1,reach_use,bottom-centre; water surface top-left,shared prop_tube_segment,not independently interactive; no repair tier,P2,planned,Separate prop; do not bake interactive furniture into plates. Exact final appearance proposal.
slide,Helter-skelter transport,service_core,aligned service core; follows saved floor exits,False,12x12,tower height; dynamic exits,Fast downward travel; clear jam,Plot exit route; test flap; retrieve laundry,prop_flap,dressing_or_activity_prop,1,Supports Fast downward travel; clear jam; single tier,standard,1,reach_use,bottom-centre; water surface top-left,shared prop_flap,not independently interactive; no repair tier,P2,planned,Separate prop; do not bake interactive furniture into plates. Exact final appearance proposal.
slide,Helter-skelter transport,service_core,aligned service core; follows saved floor exits,False,12x12,tower height; dynamic exits,Fast downward travel; clear jam,Plot exit route; test flap; retrieve laundry,prop_face_window,dressing_or_activity_prop,1,Supports Fast downward travel; clear jam; single tier,standard,1,reach_use,bottom-centre; water surface top-left,shared prop_face_window,not independently interactive; no repair tier,P2,planned,Separate prop; do not bake interactive furniture into plates. Exact final appearance proposal.
slide,Helter-skelter transport,service_core,aligned service core; follows saved floor exits,False,32x40,tower height; dynamic exits,Fast downward travel; clear jam,Plot exit route; test flap; retrieve laundry,keeper_greet,keeper_clip,0,Reusable task pose,on,5@8fps,greet,"floor (16,40); neck (16,11); shoulders (10,15)/(22,15); hips (13,25)/(19,25)",shared keeper_greet,not repairable,P2,planned,32x40 aligned frames; hand-drawn angles and integer translation; no arbitrary raster rotation.
slide,Helter-skelter transport,service_core,aligned service core; follows saved floor exits,False,32x40,tower height; dynamic exits,Fast downward travel; clear jam,Plot exit route; test flap; retrieve laundry,keeper_idle,keeper_clip,0,Reusable task pose,on,4@6fps,idle,"floor (16,40); neck (16,11); shoulders (10,15)/(22,15); hips (13,25)/(19,25)",shared keeper_idle,not repairable,P2,delivered-review,32x40 aligned frames; hand-drawn angles and integer translation; no arbitrary raster rotation.
slide,Helter-skelter transport,service_core,aligned service core; follows saved floor exits,False,32x40,tower height; dynamic exits,Fast downward travel; clear jam,Plot exit route; test flap; retrieve laundry,keeper_reach_use,keeper_clip,0,Reusable task pose,on,5@10fps,reach_use,"floor (16,40); neck (16,11); shoulders (10,15)/(22,15); hips (13,25)/(19,25)",shared keeper_reach_use,not repairable,P2,planned,32x40 aligned frames; hand-drawn angles and integer translation; no arbitrary raster rotation.
slide,Helter-skelter transport,service_core,aligned service core; follows saved floor exits,False,32x40,tower height; dynamic exits,Fast downward travel; clear jam,Plot exit route; test flap; retrieve laundry,keeper_shrug,keeper_clip,0,Reusable task pose,on,4@8fps,shrug,"floor (16,40); neck (16,11); shoulders (10,15)/(22,15); hips (13,25)/(19,25)",shared keeper_shrug,not repairable,P2,planned,32x40 aligned frames; hand-drawn angles and integer translation; no arbitrary raster rotation.
slide,Helter-skelter transport,service_core,aligned service core; follows saved floor exits,False,32x40,tower height; dynamic exits,Fast downward travel; clear jam,Plot exit route; test flap; retrieve laundry,keeper_walk,keeper_clip,0,Reusable task pose,on,8@10fps,walk,"floor (16,40); neck (16,11); shoulders (10,15)/(22,15); hips (13,25)/(19,25)",shared keeper_walk,not repairable,P2,delivered-review,32x40 aligned frames; hand-drawn angles and integer translation; no arbitrary raster rotation.
slide,Helter-skelter transport,service_core,aligned service core; follows saved floor exits,False,12x16,tower height; dynamic exits,Fast downward travel; clear jam,Plot exit route; test flap; retrieve laundry,fx_broken_smoke,shared_effect,0,Reusable fault/reveal feedback,on,8@8fps,none,"[6, 16]",fx_broken_smoke,overlay; does not move anchors,P2,delivered-review,FX shared; casing/body motion is separately integer-safe.
slide,Helter-skelter transport,service_core,aligned service core; follows saved floor exits,False,12x12,tower height; dynamic exits,Fast downward travel; clear jam,Plot exit route; test flap; retrieve laundry,fx_broken_sparks,shared_effect,0,Reusable fault/reveal feedback,on,6@12fps,none,"[6, 6]",fx_broken_sparks,overlay; does not move anchors,P2,delivered-review,FX shared; casing/body motion is separately integer-safe.
slide,Helter-skelter transport,service_core,aligned service core; follows saved floor exits,False,64x64,tower height; dynamic exits,Fast downward travel; clear jam,Plot exit route; test flap; retrieve laundry,fx_floor_arrival_smoke,shared_effect,0,Reusable fault/reveal feedback,on,8@12fps,none,"[32, 64]",fx_floor_arrival_smoke,overlay; does not move anchors,P2,planned,FX shared; casing/body motion is separately integer-safe.
slide,Helter-skelter transport,service_core,aligned service core; follows saved floor exits,False,16x16,tower height; dynamic exits,Fast downward travel; clear jam,Plot exit route; test flap; retrieve laundry,fx_shine,shared_effect,0,Reusable fault/reveal feedback,on,4@8fps,none,"[8, 16]",fx_shine,overlay; does not move anchors,P2,planned,FX shared; casing/body motion is separately integer-safe.
dive,Bedroom dive / two-door changing bay,extension,parent-attached bay; integer structural seam,False,55x35,bedroom; safe sea; outfit,Hidden change; board dive; sea splash,Test doors; demonstrate swimming; choose safe weather,facility_dive,room_plate,0,Separate structure; enables activities below,standard,1,none,"top-left (0,0); floor y=35",room timber/stone/tile palette; no furniture,structure faults use separate interactive components,P2,planned,Bedroom-local seam x117; hidden x118..130; exit x135; board beyond; locked attachment; playable hook absent; final length review; source: docs/EXPANSION_DESIGN.md
dive,Bedroom dive / two-door changing bay,extension,parent-attached bay; integer structural seam,False,5x35,bedroom; safe sea; outfit,Hidden change; board dive; sea splash,Test doors; demonstrate swimming; choose safe weather,seam_extension,structural_kit,0,Connect without resizing furniture,standard,1,none,integer parent seam; walking-plane y=0,shared wall/beam/pipe segments,none; parent component controls faults,P2,planned,Core remains 110x35; 105x35 plate; world-Y stripes. Extensions consume no standard slot.
dive,Bedroom dive / two-door changing bay,extension,parent-attached bay; integer structural seam,False,22x20,bedroom; safe sea; outfit,Hidden change; board dive; sea splash,Test doors; demonstrate swimming; choose safe weather,obj_diveboard,interactive_item,1,"PROPOSED, not coded: 10 fun per successful round / 12 min",standard;on;broken,standard 1; on 4@8fps; broken 1 + shared FX,reach_use,"bottom-centre (11,20); keeper floor anchor (16,40)",obj_diveboard; shared game chassis/pose,"shared wobble(1px), smoke, intermittent sparks + loose or jammed mechanism",P2,planned,"Basic diveboard. Manual game surface and basic score display. ON: 4-frame game motion. Proposed location (27,0), logical frame 22x20; stable usePoint(-8,0), effectOrigin(0,-20), bubbleOrigin(0,-28), z40. New tier mechanics and names require review; existing names preserved. This station replaces the central activity bay when selected; never draw all stations simultaneously."
dive,Bedroom dive / two-door changing bay,extension,parent-attached bay; integer structural seam,False,22x20,bedroom; safe sea; outfit,Hidden change; board dive; sea splash,Test doors; demonstrate swimming; choose safe weather,obj_diveboard_t2,interactive_item,2,"PROPOSED, not coded: 13 fun / 10 min",standard;on;broken,standard 1; on 4@8fps; broken 1 + shared FX,reach_use,"bottom-centre (11,20); keeper floor anchor (16,40)",obj_diveboard; shared game chassis/pose,"shared wobble(1px), smoke, intermittent sparks + loose or jammed mechanism",P2,planned,"Mid-tier diveboard. Timing/score assistance with visible control. ON: 4-frame game motion. Proposed location (27,0), logical frame 22x20; stable usePoint(-8,0), effectOrigin(0,-20), bubbleOrigin(0,-28), z40. New tier mechanics and names require review; existing names preserved. This station replaces the central activity bay when selected; never draw all stations simultaneously."
dive,Bedroom dive / two-door changing bay,extension,parent-attached bay; integer structural seam,False,22x20,bedroom; safe sea; outfit,Hidden change; board dive; sea splash,Test doors; demonstrate swimming; choose safe weather,obj_diveboard_t3,interactive_item,3,"PROPOSED, not coded: 15 fun / 8 min",standard;on;broken,standard 1; on 4@8fps; broken 1 + shared FX,reach_use,"bottom-centre (11,20); keeper floor anchor (16,40)",obj_diveboard; shared game chassis/pose,"shared wobble(1px), smoke, intermittent sparks + loose or jammed mechanism",P2,planned,"Top-tier diveboard. Helpful practice/aiming display; skill still required. ON: 4-frame game motion. Proposed location (27,0), logical frame 22x20; stable usePoint(-8,0), effectOrigin(0,-20), bubbleOrigin(0,-28), z40. New tier mechanics and names require review; existing names preserved. This station replaces the central activity bay when selected; never draw all stations simultaneously."
dive,Bedroom dive / two-door changing bay,extension,parent-attached bay; integer structural seam,False,13x24,bedroom; safe sea; outfit,Hidden change; board dive; sea splash,Test doors; demonstrate swimming; choose safe weather,obj_diveinner,interactive_item,1,"PROPOSED, not coded: one usable interaction; no mechanical reason for tiers",standard;on;broken,standard 1; on 1@8fps; broken 1 + shared FX,reach_use,"bottom-centre (6,24); keeper floor anchor (16,40)",obj_diveinner; shared single chassis/pose,"shared wobble(1px), smoke, intermittent sparks + loose fitting",P2,planned,"Basic diveinner. Basic: simple manual mechanism and few visible controls. ON: open doorway/engaged entrance, explicitly delivered at every tier. Proposed location (27,0), logical frame 13x24; stable usePoint(-8,0), effectOrigin(0,-24), bubbleOrigin(0,-32), z40. New tier mechanics and names require review; existing names preserved. This station replaces the central activity bay when selected; never draw all stations simultaneously."
dive,Bedroom dive / two-door changing bay,extension,parent-attached bay; integer structural seam,False,13x24,bedroom; safe sea; outfit,Hidden change; board dive; sea splash,Test doors; demonstrate swimming; choose safe weather,obj_diveouter,interactive_item,1,"PROPOSED, not coded: one usable interaction; no mechanical reason for tiers",standard;on;broken,standard 1; on 1@8fps; broken 1 + shared FX,reach_use,"bottom-centre (6,24); keeper floor anchor (16,40)",obj_diveouter; shared single chassis/pose,"shared wobble(1px), smoke, intermittent sparks + loose fitting",P2,planned,"Basic diveouter. Basic: simple manual mechanism and few visible controls. ON: open doorway/engaged entrance, explicitly delivered at every tier. Proposed location (27,0), logical frame 13x24; stable usePoint(-8,0), effectOrigin(0,-24), bubbleOrigin(0,-32), z40. New tier mechanics and names require review; existing names preserved. This station replaces the central activity bay when selected; never draw all stations simultaneously."
dive,Bedroom dive / two-door changing bay,extension,parent-attached bay; integer structural seam,False,12x12,bedroom; safe sea; outfit,Hidden change; board dive; sea splash,Test doors; demonstrate swimming; choose safe weather,prop_hidden_cubicle,dressing_or_activity_prop,1,Supports Hidden change; board dive; sea splash; single tier,standard,1,reach_use,bottom-centre; water surface top-left,shared prop_hidden_cubicle,not independently interactive; no repair tier,P2,planned,Separate prop; do not bake interactive furniture into plates. Exact final appearance proposal.
dive,Bedroom dive / two-door changing bay,extension,parent-attached bay; integer structural seam,False,12x12,bedroom; safe sea; outfit,Hidden change; board dive; sea splash,Test doors; demonstrate swimming; choose safe weather,prop_board_support,dressing_or_activity_prop,1,Supports Hidden change; board dive; sea splash; single tier,standard,1,reach_use,bottom-centre; water surface top-left,shared prop_board_support,not independently interactive; no repair tier,P2,planned,Separate prop; do not bake interactive furniture into plates. Exact final appearance proposal.
dive,Bedroom dive / two-door changing bay,extension,parent-attached bay; integer structural seam,False,32x40,bedroom; safe sea; outfit,Hidden change; board dive; sea splash,Test doors; demonstrate swimming; choose safe weather,keeper_change_to_dive,keeper_clip,0,Reusable task pose,on,0@0fps,change_to_dive,"floor (16,40); neck (16,11); shoulders (10,15)/(22,15); hips (13,25)/(19,25)",shared keeper_change_to_dive,not repairable,P2,hidden sequence,32x40 aligned frames; hand-drawn angles and integer translation; no arbitrary raster rotation.
dive,Bedroom dive / two-door changing bay,extension,parent-attached bay; integer structural seam,False,32x40,bedroom; safe sea; outfit,Hidden change; board dive; sea splash,Test doors; demonstrate swimming; choose safe weather,keeper_greet,keeper_clip,0,Reusable task pose,on,5@8fps,greet,"floor (16,40); neck (16,11); shoulders (10,15)/(22,15); hips (13,25)/(19,25)",shared keeper_greet,not repairable,P2,planned,32x40 aligned frames; hand-drawn angles and integer translation; no arbitrary raster rotation.
dive,Bedroom dive / two-door changing bay,extension,parent-attached bay; integer structural seam,False,32x40,bedroom; safe sea; outfit,Hidden change; board dive; sea splash,Test doors; demonstrate swimming; choose safe weather,keeper_idle,keeper_clip,0,Reusable task pose,on,4@6fps,idle,"floor (16,40); neck (16,11); shoulders (10,15)/(22,15); hips (13,25)/(19,25)",shared keeper_idle,not repairable,P2,delivered-review,32x40 aligned frames; hand-drawn angles and integer translation; no arbitrary raster rotation.
dive,Bedroom dive / two-door changing bay,extension,parent-attached bay; integer structural seam,False,32x40,bedroom; safe sea; outfit,Hidden change; board dive; sea splash,Test doors; demonstrate swimming; choose safe weather,keeper_pool_rescue,keeper_clip,0,Reusable task pose,on,8@8fps,pool_rescue,"floor (16,40); neck (16,11); shoulders (10,15)/(22,15); hips (13,25)/(19,25)",shared keeper_pool_rescue,not repairable,P2,planned,32x40 aligned frames; hand-drawn angles and integer translation; no arbitrary raster rotation.
dive,Bedroom dive / two-door changing bay,extension,parent-attached bay; integer structural seam,False,32x40,bedroom; safe sea; outfit,Hidden change; board dive; sea splash,Test doors; demonstrate swimming; choose safe weather,keeper_reach_use,keeper_clip,0,Reusable task pose,on,5@10fps,reach_use,"floor (16,40); neck (16,11); shoulders (10,15)/(22,15); hips (13,25)/(19,25)",shared keeper_reach_use,not repairable,P2,planned,32x40 aligned frames; hand-drawn angles and integer translation; no arbitrary raster rotation.
dive,Bedroom dive / two-door changing bay,extension,parent-attached bay; integer structural seam,False,32x40,bedroom; safe sea; outfit,Hidden change; board dive; sea splash,Test doors; demonstrate swimming; choose safe weather,keeper_shrug,keeper_clip,0,Reusable task pose,on,4@8fps,shrug,"floor (16,40); neck (16,11); shoulders (10,15)/(22,15); hips (13,25)/(19,25)",shared keeper_shrug,not repairable,P2,planned,32x40 aligned frames; hand-drawn angles and integer translation; no arbitrary raster rotation.
dive,Bedroom dive / two-door changing bay,extension,parent-attached bay; integer structural seam,False,32x40,bedroom; safe sea; outfit,Hidden change; board dive; sea splash,Test doors; demonstrate swimming; choose safe weather,keeper_swim_exit,keeper_clip,0,Reusable task pose,on,6@8fps,swim_exit,"floor (16,40); neck (16,11); shoulders (10,15)/(22,15); hips (13,25)/(19,25)",shared keeper_swim_exit,not repairable,P2,planned,32x40 aligned frames; hand-drawn angles and integer translation; no arbitrary raster rotation.
dive,Bedroom dive / two-door changing bay,extension,parent-attached bay; integer structural seam,False,32x40,bedroom; safe sea; outfit,Hidden change; board dive; sea splash,Test doors; demonstrate swimming; choose safe weather,keeper_swim_float,keeper_clip,0,Reusable task pose,on,4@4fps,swim_float,"floor (16,40); neck (16,11); shoulders (10,15)/(22,15); hips (13,25)/(19,25)",shared keeper_swim_float,not repairable,P2,planned,32x40 aligned frames; hand-drawn angles and integer translation; no arbitrary raster rotation.
dive,Bedroom dive / two-door changing bay,extension,parent-attached bay; integer structural seam,False,32x40,bedroom; safe sea; outfit,Hidden change; board dive; sea splash,Test doors; demonstrate swimming; choose safe weather,keeper_swim_idle,keeper_clip,0,Reusable task pose,on,6@8fps,swim_idle,"floor (16,40); neck (16,11); shoulders (10,15)/(22,15); hips (13,25)/(19,25)",shared keeper_swim_idle,not repairable,P2,planned,32x40 aligned frames; hand-drawn angles and integer translation; no arbitrary raster rotation.
dive,Bedroom dive / two-door changing bay,extension,parent-attached bay; integer structural seam,False,32x40,bedroom; safe sea; outfit,Hidden change; board dive; sea splash,Test doors; demonstrate swimming; choose safe weather,keeper_swim_lengths,keeper_clip,0,Reusable task pose,on,8@8fps,swim_lengths,"floor (16,40); neck (16,11); shoulders (10,15)/(22,15); hips (13,25)/(19,25)",shared keeper_swim_lengths,not repairable,P2,planned,32x40 aligned frames; hand-drawn angles and integer translation; no arbitrary raster rotation.
dive,Bedroom dive / two-door changing bay,extension,parent-attached bay; integer structural seam,False,32x40,bedroom; safe sea; outfit,Hidden change; board dive; sea splash,Test doors; demonstrate swimming; choose safe weather,keeper_swim_splash,keeper_clip,0,Reusable task pose,on,6@8fps,swim_splash,"floor (16,40); neck (16,11); shoulders (10,15)/(22,15); hips (13,25)/(19,25)",shared keeper_swim_splash,not repairable,P2,planned,32x40 aligned frames; hand-drawn angles and integer translation; no arbitrary raster rotation.
dive,Bedroom dive / two-door changing bay,extension,parent-attached bay; integer structural seam,False,32x40,bedroom; safe sea; outfit,Hidden change; board dive; sea splash,Test doors; demonstrate swimming; choose safe weather,keeper_walk,keeper_clip,0,Reusable task pose,on,8@10fps,walk,"floor (16,40); neck (16,11); shoulders (10,15)/(22,15); hips (13,25)/(19,25)",shared keeper_walk,not repairable,P2,delivered-review,32x40 aligned frames; hand-drawn angles and integer translation; no arbitrary raster rotation.
dive,Bedroom dive / two-door changing bay,extension,parent-attached bay; integer structural seam,False,12x16,bedroom; safe sea; outfit,Hidden change; board dive; sea splash,Test doors; demonstrate swimming; choose safe weather,fx_broken_smoke,shared_effect,0,Reusable fault/reveal feedback,on,8@8fps,none,"[6, 16]",fx_broken_smoke,overlay; does not move anchors,P2,delivered-review,FX shared; casing/body motion is separately integer-safe.
dive,Bedroom dive / two-door changing bay,extension,parent-attached bay; integer structural seam,False,12x12,bedroom; safe sea; outfit,Hidden change; board dive; sea splash,Test doors; demonstrate swimming; choose safe weather,fx_broken_sparks,shared_effect,0,Reusable fault/reveal feedback,on,6@12fps,none,"[6, 6]",fx_broken_sparks,overlay; does not move anchors,P2,delivered-review,FX shared; casing/body motion is separately integer-safe.
dive,Bedroom dive / two-door changing bay,extension,parent-attached bay; integer structural seam,False,64x64,bedroom; safe sea; outfit,Hidden change; board dive; sea splash,Test doors; demonstrate swimming; choose safe weather,fx_floor_arrival_smoke,shared_effect,0,Reusable fault/reveal feedback,on,8@12fps,none,"[32, 64]",fx_floor_arrival_smoke,overlay; does not move anchors,P2,planned,FX shared; casing/body motion is separately integer-safe.
dive,Bedroom dive / two-door changing bay,extension,parent-attached bay; integer structural seam,False,16x16,bedroom; safe sea; outfit,Hidden change; board dive; sea splash,Test doors; demonstrate swimming; choose safe weather,fx_shine,shared_effect,0,Reusable fault/reveal feedback,on,4@8fps,none,"[8, 16]",fx_shine,overlay; does not move anchors,P2,planned,FX shared; casing/body motion is separately integer-safe.
bbq,Kitchen BBQ balcony,extension,parent-attached bay; integer structural seam,False,55x35,kitchen; ingredients; safe weather,Grill; picnic; feed visitor,Find dry weather; safe ignition; cook varied meal,facility_bbq,room_plate,0,Separate structure; enables activities below,standard,1,none,"top-left (0,0); floor y=35",room timber/stone/tile palette; no furniture,structure faults use separate interactive components,P2,planned,55x35 kitchen-attached bay; grill left; prep shelf right; approved idea; strong wind/lightning blocks regardless tier; source: docs/EXPANSION_DESIGN.md
bbq,Kitchen BBQ balcony,extension,parent-attached bay; integer structural seam,False,5x35,kitchen; ingredients; safe weather,Grill; picnic; feed visitor,Find dry weather; safe ignition; cook varied meal,seam_extension,structural_kit,0,Connect without resizing furniture,standard,1,none,integer parent seam; walking-plane y=0,shared wall/beam/pipe segments,none; parent component controls faults,P2,planned,Core remains 110x35; 105x35 plate; world-Y stripes. Extensions consume no standard slot.
bbq,Kitchen BBQ balcony,extension,parent-attached bay; integer structural seam,False,22x20,kitchen; ingredients; safe weather,Grill; picnic; feed visitor,Find dry weather; safe ignition; cook varied meal,obj_bbq,interactive_item,1,"PROPOSED, not coded: 1 recipe serving / 35 min",standard;on;broken,standard 1; on 4@8fps; broken 1 + shared FX,cook_back,"bottom-centre (11,20); keeper floor anchor (16,40)",obj_bbq; shared cook chassis/pose,"shared wobble(1px), smoke, intermittent sparks + sputtering burner",P2,planned,"Basic bbq. Manual single burner/range. ON: 4-frame flame or service motion. Proposed location (27,0), logical frame 22x20; stable usePoint(-8,0), effectOrigin(0,-20), bubbleOrigin(0,-28), z40. New tier mechanics and names require review; existing names preserved. This station replaces the central activity bay when selected; never draw all stations simultaneously."
bbq,Kitchen BBQ balcony,extension,parent-attached bay; integer structural seam,False,22x20,kitchen; ingredients; safe weather,Grill; picnic; feed visitor,Find dry weather; safe ignition; cook varied meal,obj_bbq_t2,interactive_item,2,"PROPOSED, not coded: 2 servings / 30 min",standard;on;broken,standard 1; on 4@8fps; broken 1 + shared FX,cook_back,"bottom-centre (11,20); keeper floor anchor (16,40)",obj_bbq; shared cook chassis/pose,"shared wobble(1px), smoke, intermittent sparks + sputtering burner",P2,planned,"Mid-tier bbq. Two clearly marked burner controls. ON: 4-frame flame or service motion. Proposed location (27,0), logical frame 22x20; stable usePoint(-8,0), effectOrigin(0,-20), bubbleOrigin(0,-28), z40. New tier mechanics and names require review; existing names preserved. This station replaces the central activity bay when selected; never draw all stations simultaneously."
bbq,Kitchen BBQ balcony,extension,parent-attached bay; integer structural seam,False,22x20,kitchen; ingredients; safe weather,Grill; picnic; feed visitor,Find dry weather; safe ignition; cook varied meal,obj_bbq_t3,interactive_item,3,"PROPOSED, not coded: 3 servings / 25 min",standard;on;broken,standard 1; on 4@8fps; broken 1 + shared FX,cook_back,"bottom-centre (11,20); keeper floor anchor (16,40)",obj_bbq; shared cook chassis/pose,"shared wobble(1px), smoke, intermittent sparks + sputtering burner",P2,planned,"Top-tier bbq. Three marked cooking slots and recipe display. ON: 4-frame flame or service motion. Proposed location (27,0), logical frame 22x20; stable usePoint(-8,0), effectOrigin(0,-20), bubbleOrigin(0,-28), z40. New tier mechanics and names require review; existing names preserved. This station replaces the central activity bay when selected; never draw all stations simultaneously."
bbq,Kitchen BBQ balcony,extension,parent-attached bay; integer structural seam,False,22x20,kitchen; ingredients; safe weather,Grill; picnic; feed visitor,Find dry weather; safe ignition; cook varied meal,obj_awning,interactive_item,1,"PROPOSED, not coded: usable in calm dry weather",standard;on;broken,standard 1; on 4@8fps; broken 1 + shared FX,reach_use,"bottom-centre (11,20); keeper floor anchor (16,40)",obj_awning; shared weatherproof chassis/pose,"shared wobble(1px), smoke, intermittent sparks + torn seal",P2,planned,"Basic awning. Plain exposed fixture. ON: 4-frame deployment. Proposed location (27,0), logical frame 22x20; stable usePoint(-8,0), effectOrigin(0,-20), bubbleOrigin(0,-28), z40. New tier mechanics and names require review; existing names preserved. This station replaces the central activity bay when selected; never draw all stations simultaneously."
bbq,Kitchen BBQ balcony,extension,parent-attached bay; integer structural seam,False,22x20,kitchen; ingredients; safe weather,Grill; picnic; feed visitor,Find dry weather; safe ignition; cook varied meal,obj_awning_t2,interactive_item,2,"PROPOSED, not coded: also usable in light rain",standard;on;broken,standard 1; on 4@8fps; broken 1 + shared FX,reach_use,"bottom-centre (11,20); keeper floor anchor (16,40)",obj_awning; shared weatherproof chassis/pose,"shared wobble(1px), smoke, intermittent sparks + torn seal",P2,planned,"Mid-tier awning. Light-rain cover. ON: 4-frame deployment. Proposed location (27,0), logical frame 22x20; stable usePoint(-8,0), effectOrigin(0,-20), bubbleOrigin(0,-28), z40. New tier mechanics and names require review; existing names preserved. This station replaces the central activity bay when selected; never draw all stations simultaneously."
bbq,Kitchen BBQ balcony,extension,parent-attached bay; integer structural seam,False,22x20,kitchen; ingredients; safe weather,Grill; picnic; feed visitor,Find dry weather; safe ignition; cook varied meal,obj_awning_t3,interactive_item,3,"PROPOSED, not coded: also usable in moderate rain; never lightning/extreme wind",standard;on;broken,standard 1; on 4@8fps; broken 1 + shared FX,reach_use,"bottom-centre (11,20); keeper floor anchor (16,40)",obj_awning; shared weatherproof chassis/pose,"shared wobble(1px), smoke, intermittent sparks + torn seal",P2,planned,"Top-tier awning. Stronger rain seal and status tab; no storm safety bypass. ON: 4-frame deployment. Proposed location (27,0), logical frame 22x20; stable usePoint(-8,0), effectOrigin(0,-20), bubbleOrigin(0,-28), z40. New tier mechanics and names require review; existing names preserved. This station replaces the central activity bay when selected; never draw all stations simultaneously."
bbq,Kitchen BBQ balcony,extension,parent-attached bay; integer structural seam,False,12x12,kitchen; ingredients; safe weather,Grill; picnic; feed visitor,Find dry weather; safe ignition; cook varied meal,prop_prep_shelf,dressing_or_activity_prop,1,Supports Grill; picnic; feed visitor; single tier,standard,1,reach_use,bottom-centre; water surface top-left,shared prop_prep_shelf,not independently interactive; no repair tier,P2,planned,Separate prop; do not bake interactive furniture into plates. Exact final appearance proposal.
bbq,Kitchen BBQ balcony,extension,parent-attached bay; integer structural seam,False,12x12,kitchen; ingredients; safe weather,Grill; picnic; feed visitor,Find dry weather; safe ignition; cook varied meal,prop_visitor_stool,dressing_or_activity_prop,1,Supports Grill; picnic; feed visitor; single tier,standard,1,reach_use,bottom-centre; water surface top-left,shared prop_visitor_stool,not independently interactive; no repair tier,P2,planned,Separate prop; do not bake interactive furniture into plates. Exact final appearance proposal.
bbq,Kitchen BBQ balcony,extension,parent-attached bay; integer structural seam,False,32x40,kitchen; ingredients; safe weather,Grill; picnic; feed visitor,Find dry weather; safe ignition; cook varied meal,keeper_cook_back,keeper_clip,0,Reusable task pose,on,8@8fps,cook_back,"floor (16,40); neck (16,11); shoulders (10,15)/(22,15); hips (13,25)/(19,25)",shared keeper_cook_back,not repairable,P2,delivered-review,32x40 aligned frames; hand-drawn angles and integer translation; no arbitrary raster rotation.
bbq,Kitchen BBQ balcony,extension,parent-attached bay; integer structural seam,False,32x40,kitchen; ingredients; safe weather,Grill; picnic; feed visitor,Find dry weather; safe ignition; cook varied meal,keeper_greet,keeper_clip,0,Reusable task pose,on,5@8fps,greet,"floor (16,40); neck (16,11); shoulders (10,15)/(22,15); hips (13,25)/(19,25)",shared keeper_greet,not repairable,P2,planned,32x40 aligned frames; hand-drawn angles and integer translation; no arbitrary raster rotation.
bbq,Kitchen BBQ balcony,extension,parent-attached bay; integer structural seam,False,32x40,kitchen; ingredients; safe weather,Grill; picnic; feed visitor,Find dry weather; safe ignition; cook varied meal,keeper_idle,keeper_clip,0,Reusable task pose,on,4@6fps,idle,"floor (16,40); neck (16,11); shoulders (10,15)/(22,15); hips (13,25)/(19,25)",shared keeper_idle,not repairable,P2,delivered-review,32x40 aligned frames; hand-drawn angles and integer translation; no arbitrary raster rotation.
bbq,Kitchen BBQ balcony,extension,parent-attached bay; integer structural seam,False,32x40,kitchen; ingredients; safe weather,Grill; picnic; feed visitor,Find dry weather; safe ignition; cook varied meal,keeper_reach_use,keeper_clip,0,Reusable task pose,on,5@10fps,reach_use,"floor (16,40); neck (16,11); shoulders (10,15)/(22,15); hips (13,25)/(19,25)",shared keeper_reach_use,not repairable,P2,planned,32x40 aligned frames; hand-drawn angles and integer translation; no arbitrary raster rotation.
bbq,Kitchen BBQ balcony,extension,parent-attached bay; integer structural seam,False,32x40,kitchen; ingredients; safe weather,Grill; picnic; feed visitor,Find dry weather; safe ignition; cook varied meal,keeper_shrug,keeper_clip,0,Reusable task pose,on,4@8fps,shrug,"floor (16,40); neck (16,11); shoulders (10,15)/(22,15); hips (13,25)/(19,25)",shared keeper_shrug,not repairable,P2,planned,32x40 aligned frames; hand-drawn angles and integer translation; no arbitrary raster rotation.
bbq,Kitchen BBQ balcony,extension,parent-attached bay; integer structural seam,False,32x40,kitchen; ingredients; safe weather,Grill; picnic; feed visitor,Find dry weather; safe ignition; cook varied meal,keeper_walk,keeper_clip,0,Reusable task pose,on,8@10fps,walk,"floor (16,40); neck (16,11); shoulders (10,15)/(22,15); hips (13,25)/(19,25)",shared keeper_walk,not repairable,P2,delivered-review,32x40 aligned frames; hand-drawn angles and integer translation; no arbitrary raster rotation.
bbq,Kitchen BBQ balcony,extension,parent-attached bay; integer structural seam,False,12x16,kitchen; ingredients; safe weather,Grill; picnic; feed visitor,Find dry weather; safe ignition; cook varied meal,fx_broken_smoke,shared_effect,0,Reusable fault/reveal feedback,on,8@8fps,none,"[6, 16]",fx_broken_smoke,overlay; does not move anchors,P2,delivered-review,FX shared; casing/body motion is separately integer-safe.
bbq,Kitchen BBQ balcony,extension,parent-attached bay; integer structural seam,False,12x12,kitchen; ingredients; safe weather,Grill; picnic; feed visitor,Find dry weather; safe ignition; cook varied meal,fx_broken_sparks,shared_effect,0,Reusable fault/reveal feedback,on,6@12fps,none,"[6, 6]",fx_broken_sparks,overlay; does not move anchors,P2,delivered-review,FX shared; casing/body motion is separately integer-safe.
bbq,Kitchen BBQ balcony,extension,parent-attached bay; integer structural seam,False,64x64,kitchen; ingredients; safe weather,Grill; picnic; feed visitor,Find dry weather; safe ignition; cook varied meal,fx_floor_arrival_smoke,shared_effect,0,Reusable fault/reveal feedback,on,8@12fps,none,"[32, 64]",fx_floor_arrival_smoke,overlay; does not move anchors,P2,planned,FX shared; casing/body motion is separately integer-safe.
bbq,Kitchen BBQ balcony,extension,parent-attached bay; integer structural seam,False,16x16,kitchen; ingredients; safe weather,Grill; picnic; feed visitor,Find dry weather; safe ignition; cook varied meal,fx_shine,shared_effect,0,Reusable fault/reveal feedback,on,4@8fps,none,"[8, 16]",fx_shine,overlay; does not move anchors,P2,planned,FX shared; casing/body motion is separately integer-safe.
hot_tub,Gym hot-tub cantilever,extension,parent-attached bay; integer structural seam,False,55x35,gym; boiler; pump,Soak; socialize; winter comfort,Test heat and pump; select safe temperature,facility_hot_tub,room_plate,0,Separate structure; enables activities below,standard,1,none,"top-left (0,0); floor y=35",room timber/stone/tile palette; no furniture,structure faults use separate interactive components,P2,planned,55x35 gym-attached platform; tub centre; rail and access left; approved idea; structure needs review; source: docs/EXPANSION_DESIGN.md
hot_tub,Gym hot-tub cantilever,extension,parent-attached bay; integer structural seam,False,5x35,gym; boiler; pump,Soak; socialize; winter comfort,Test heat and pump; select safe temperature,seam_extension,structural_kit,0,Connect without resizing furniture,standard,1,none,integer parent seam; walking-plane y=0,shared wall/beam/pipe segments,none; parent component controls faults,P2,planned,Core remains 110x35; 105x35 plate; world-Y stripes. Extensions consume no standard slot.
hot_tub,Gym hot-tub cantilever,extension,parent-attached bay; integer structural seam,False,22x20,gym; boiler; pump,Soak; socialize; winter comfort,Test heat and pump; select safe temperature,obj_hottub,interactive_item,1,"PROPOSED, not coded: 10 fun and 10 energy per 20 min warm soak",standard;on;broken,standard 1; on 4@8fps; broken 1 + shared FX,reach_use,"bottom-centre (11,20); keeper floor anchor (16,40)",obj_hottub; shared heat chassis/pose,"shared wobble(1px), smoke, intermittent sparks + gauge fault; cold fallback remains",P2,planned,"Basic hottub. Pilot flame and one pressure band. ON: 4-frame pressure flame. Proposed location (27,0), logical frame 22x20; stable usePoint(-8,0), effectOrigin(0,-20), bubbleOrigin(0,-28), z40. New tier mechanics and names require review; existing names preserved. This station replaces the central activity bay when selected; never draw all stations simultaneously."
hot_tub,Gym hot-tub cantilever,extension,parent-attached bay; integer structural seam,False,22x20,gym; boiler; pump,Soak; socialize; winter comfort,Test heat and pump; select safe temperature,obj_hottub_t2,interactive_item,2,"PROPOSED, not coded: 13 fun and 13 energy per 17 min",standard;on;broken,standard 1; on 4@8fps; broken 1 + shared FX,reach_use,"bottom-centre (11,20); keeper floor anchor (16,40)",obj_hottub; shared heat chassis/pose,"shared wobble(1px), smoke, intermittent sparks + gauge fault; cold fallback remains",P2,planned,"Mid-tier hottub. Larger exchanger and two pressure bands. ON: 4-frame pressure flame. Proposed location (27,0), logical frame 22x20; stable usePoint(-8,0), effectOrigin(0,-20), bubbleOrigin(0,-28), z40. New tier mechanics and names require review; existing names preserved. This station replaces the central activity bay when selected; never draw all stations simultaneously."
hot_tub,Gym hot-tub cantilever,extension,parent-attached bay; integer structural seam,False,22x20,gym; boiler; pump,Soak; socialize; winter comfort,Test heat and pump; select safe temperature,obj_hottub_t3,interactive_item,3,"PROPOSED, not coded: 15 fun and 15 energy per 14 min",standard;on;broken,standard 1; on 4@8fps; broken 1 + shared FX,reach_use,"bottom-centre (11,20); keeper floor anchor (16,40)",obj_hottub; shared heat chassis/pose,"shared wobble(1px), smoke, intermittent sparks + gauge fault; cold fallback remains",P2,planned,"Top-tier hottub. Three service circuits and efficiency gauge. ON: 4-frame pressure flame. Proposed location (27,0), logical frame 22x20; stable usePoint(-8,0), effectOrigin(0,-20), bubbleOrigin(0,-28), z40. New tier mechanics and names require review; existing names preserved. This station replaces the central activity bay when selected; never draw all stations simultaneously."
hot_tub,Gym hot-tub cantilever,extension,parent-attached bay; integer structural seam,False,22x20,gym; boiler; pump,Soak; socialize; winter comfort,Test heat and pump; select safe temperature,obj_tubpump,interactive_item,1,"PROPOSED, not coded: clean 1 water bay / 20 min",standard;on;broken,standard 1; on 4@8fps; broken 1 + shared FX,wash_back,"bottom-centre (11,20); keeper floor anchor (16,40)",obj_tubpump; shared water chassis/pose,"shared wobble(1px), smoke, intermittent sparks + leaking seal",P2,planned,"Basic tubpump. Single manual pump and pipe. ON: 4-frame water flow. Proposed location (27,0), logical frame 22x20; stable usePoint(-8,0), effectOrigin(0,-20), bubbleOrigin(0,-28), z40. New tier mechanics and names require review; existing names preserved. This station replaces the central activity bay when selected; never draw all stations simultaneously."
hot_tub,Gym hot-tub cantilever,extension,parent-attached bay; integer structural seam,False,22x20,gym; boiler; pump,Soak; socialize; winter comfort,Test heat and pump; select safe temperature,obj_tubpump_t2,interactive_item,2,"PROPOSED, not coded: 2 bays / 17 min",standard;on;broken,standard 1; on 4@8fps; broken 1 + shared FX,wash_back,"bottom-centre (11,20); keeper floor anchor (16,40)",obj_tubpump; shared water chassis/pose,"shared wobble(1px), smoke, intermittent sparks + leaking seal",P2,planned,"Mid-tier tubpump. Two-way pump with visible valve. ON: 4-frame water flow. Proposed location (27,0), logical frame 22x20; stable usePoint(-8,0), effectOrigin(0,-20), bubbleOrigin(0,-28), z40. New tier mechanics and names require review; existing names preserved. This station replaces the central activity bay when selected; never draw all stations simultaneously."
hot_tub,Gym hot-tub cantilever,extension,parent-attached bay; integer structural seam,False,22x20,gym; boiler; pump,Soak; socialize; winter comfort,Test heat and pump; select safe temperature,obj_tubpump_t3,interactive_item,3,"PROPOSED, not coded: 3 bays / 14 min",standard;on;broken,standard 1; on 4@8fps; broken 1 + shared FX,wash_back,"bottom-centre (11,20); keeper floor anchor (16,40)",obj_tubpump; shared water chassis/pose,"shared wobble(1px), smoke, intermittent sparks + leaking seal",P2,planned,"Top-tier tubpump. Three-way pump with filtering gauge. ON: 4-frame water flow. Proposed location (27,0), logical frame 22x20; stable usePoint(-8,0), effectOrigin(0,-20), bubbleOrigin(0,-28), z40. New tier mechanics and names require review; existing names preserved. This station replaces the central activity bay when selected; never draw all stations simultaneously."
hot_tub,Gym hot-tub cantilever,extension,parent-attached bay; integer structural seam,False,12x12,gym; boiler; pump,Soak; socialize; winter comfort,Test heat and pump; select safe temperature,prop_rail,dressing_or_activity_prop,1,Supports Soak; socialize; winter comfort; single tier,standard,1,reach_use,bottom-centre; water surface top-left,shared prop_rail,not independently interactive; no repair tier,P2,planned,Separate prop; do not bake interactive furniture into plates. Exact final appearance proposal.
hot_tub,Gym hot-tub cantilever,extension,parent-attached bay; integer structural seam,False,48x8,gym; boiler; pump,Soak; socialize; winter comfort,Test heat and pump; select safe temperature,prop_water_surface,dressing_or_activity_prop,1,Supports Soak; socialize; winter comfort; single tier,standard;on,on 4@8fps; standard 1,reach_use,bottom-centre; water surface top-left,shared prop_water_surface,not independently interactive; no repair tier,P2,planned,Separate prop; do not bake interactive furniture into plates. Exact final appearance proposal.
hot_tub,Gym hot-tub cantilever,extension,parent-attached bay; integer structural seam,False,32x40,gym; boiler; pump,Soak; socialize; winter comfort,Test heat and pump; select safe temperature,keeper_change_to_dive,keeper_clip,0,Reusable task pose,on,0@0fps,change_to_dive,"floor (16,40); neck (16,11); shoulders (10,15)/(22,15); hips (13,25)/(19,25)",shared keeper_change_to_dive,not repairable,P2,hidden sequence,32x40 aligned frames; hand-drawn angles and integer translation; no arbitrary raster rotation.
hot_tub,Gym hot-tub cantilever,extension,parent-attached bay; integer structural seam,False,32x40,gym; boiler; pump,Soak; socialize; winter comfort,Test heat and pump; select safe temperature,keeper_greet,keeper_clip,0,Reusable task pose,on,5@8fps,greet,"floor (16,40); neck (16,11); shoulders (10,15)/(22,15); hips (13,25)/(19,25)",shared keeper_greet,not repairable,P2,planned,32x40 aligned frames; hand-drawn angles and integer translation; no arbitrary raster rotation.
hot_tub,Gym hot-tub cantilever,extension,parent-attached bay; integer structural seam,False,32x40,gym; boiler; pump,Soak; socialize; winter comfort,Test heat and pump; select safe temperature,keeper_idle,keeper_clip,0,Reusable task pose,on,4@6fps,idle,"floor (16,40); neck (16,11); shoulders (10,15)/(22,15); hips (13,25)/(19,25)",shared keeper_idle,not repairable,P2,delivered-review,32x40 aligned frames; hand-drawn angles and integer translation; no arbitrary raster rotation.
hot_tub,Gym hot-tub cantilever,extension,parent-attached bay; integer structural seam,False,32x40,gym; boiler; pump,Soak; socialize; winter comfort,Test heat and pump; select safe temperature,keeper_pool_rescue,keeper_clip,0,Reusable task pose,on,8@8fps,pool_rescue,"floor (16,40); neck (16,11); shoulders (10,15)/(22,15); hips (13,25)/(19,25)",shared keeper_pool_rescue,not repairable,P2,planned,32x40 aligned frames; hand-drawn angles and integer translation; no arbitrary raster rotation.
hot_tub,Gym hot-tub cantilever,extension,parent-attached bay; integer structural seam,False,32x40,gym; boiler; pump,Soak; socialize; winter comfort,Test heat and pump; select safe temperature,keeper_reach_use,keeper_clip,0,Reusable task pose,on,5@10fps,reach_use,"floor (16,40); neck (16,11); shoulders (10,15)/(22,15); hips (13,25)/(19,25)",shared keeper_reach_use,not repairable,P2,planned,32x40 aligned frames; hand-drawn angles and integer translation; no arbitrary raster rotation.
hot_tub,Gym hot-tub cantilever,extension,parent-attached bay; integer structural seam,False,32x40,gym; boiler; pump,Soak; socialize; winter comfort,Test heat and pump; select safe temperature,keeper_shrug,keeper_clip,0,Reusable task pose,on,4@8fps,shrug,"floor (16,40); neck (16,11); shoulders (10,15)/(22,15); hips (13,25)/(19,25)",shared keeper_shrug,not repairable,P2,planned,32x40 aligned frames; hand-drawn angles and integer translation; no arbitrary raster rotation.
hot_tub,Gym hot-tub cantilever,extension,parent-attached bay; integer structural seam,False,32x40,gym; boiler; pump,Soak; socialize; winter comfort,Test heat and pump; select safe temperature,keeper_swim_exit,keeper_clip,0,Reusable task pose,on,6@8fps,swim_exit,"floor (16,40); neck (16,11); shoulders (10,15)/(22,15); hips (13,25)/(19,25)",shared keeper_swim_exit,not repairable,P2,planned,32x40 aligned frames; hand-drawn angles and integer translation; no arbitrary raster rotation.
hot_tub,Gym hot-tub cantilever,extension,parent-attached bay; integer structural seam,False,32x40,gym; boiler; pump,Soak; socialize; winter comfort,Test heat and pump; select safe temperature,keeper_swim_float,keeper_clip,0,Reusable task pose,on,4@4fps,swim_float,"floor (16,40); neck (16,11); shoulders (10,15)/(22,15); hips (13,25)/(19,25)",shared keeper_swim_float,not repairable,P2,planned,32x40 aligned frames; hand-drawn angles and integer translation; no arbitrary raster rotation.
hot_tub,Gym hot-tub cantilever,extension,parent-attached bay; integer structural seam,False,32x40,gym; boiler; pump,Soak; socialize; winter comfort,Test heat and pump; select safe temperature,keeper_swim_idle,keeper_clip,0,Reusable task pose,on,6@8fps,swim_idle,"floor (16,40); neck (16,11); shoulders (10,15)/(22,15); hips (13,25)/(19,25)",shared keeper_swim_idle,not repairable,P2,planned,32x40 aligned frames; hand-drawn angles and integer translation; no arbitrary raster rotation.
hot_tub,Gym hot-tub cantilever,extension,parent-attached bay; integer structural seam,False,32x40,gym; boiler; pump,Soak; socialize; winter comfort,Test heat and pump; select safe temperature,keeper_swim_lengths,keeper_clip,0,Reusable task pose,on,8@8fps,swim_lengths,"floor (16,40); neck (16,11); shoulders (10,15)/(22,15); hips (13,25)/(19,25)",shared keeper_swim_lengths,not repairable,P2,planned,32x40 aligned frames; hand-drawn angles and integer translation; no arbitrary raster rotation.
hot_tub,Gym hot-tub cantilever,extension,parent-attached bay; integer structural seam,False,32x40,gym; boiler; pump,Soak; socialize; winter comfort,Test heat and pump; select safe temperature,keeper_swim_splash,keeper_clip,0,Reusable task pose,on,6@8fps,swim_splash,"floor (16,40); neck (16,11); shoulders (10,15)/(22,15); hips (13,25)/(19,25)",shared keeper_swim_splash,not repairable,P2,planned,32x40 aligned frames; hand-drawn angles and integer translation; no arbitrary raster rotation.
hot_tub,Gym hot-tub cantilever,extension,parent-attached bay; integer structural seam,False,32x40,gym; boiler; pump,Soak; socialize; winter comfort,Test heat and pump; select safe temperature,keeper_walk,keeper_clip,0,Reusable task pose,on,8@10fps,walk,"floor (16,40); neck (16,11); shoulders (10,15)/(22,15); hips (13,25)/(19,25)",shared keeper_walk,not repairable,P2,delivered-review,32x40 aligned frames; hand-drawn angles and integer translation; no arbitrary raster rotation.
hot_tub,Gym hot-tub cantilever,extension,parent-attached bay; integer structural seam,False,32x40,gym; boiler; pump,Soak; socialize; winter comfort,Test heat and pump; select safe temperature,keeper_wash_back,keeper_clip,0,Reusable task pose,on,8@8fps,wash_back,"floor (16,40); neck (16,11); shoulders (10,15)/(22,15); hips (13,25)/(19,25)",shared keeper_wash_back,not repairable,P2,delivered-review,32x40 aligned frames; hand-drawn angles and integer translation; no arbitrary raster rotation.
hot_tub,Gym hot-tub cantilever,extension,parent-attached bay; integer structural seam,False,12x16,gym; boiler; pump,Soak; socialize; winter comfort,Test heat and pump; select safe temperature,fx_broken_smoke,shared_effect,0,Reusable fault/reveal feedback,on,8@8fps,none,"[6, 16]",fx_broken_smoke,overlay; does not move anchors,P2,delivered-review,FX shared; casing/body motion is separately integer-safe.
hot_tub,Gym hot-tub cantilever,extension,parent-attached bay; integer structural seam,False,12x12,gym; boiler; pump,Soak; socialize; winter comfort,Test heat and pump; select safe temperature,fx_broken_sparks,shared_effect,0,Reusable fault/reveal feedback,on,6@12fps,none,"[6, 6]",fx_broken_sparks,overlay; does not move anchors,P2,delivered-review,FX shared; casing/body motion is separately integer-safe.
hot_tub,Gym hot-tub cantilever,extension,parent-attached bay; integer structural seam,False,64x64,gym; boiler; pump,Soak; socialize; winter comfort,Test heat and pump; select safe temperature,fx_floor_arrival_smoke,shared_effect,0,Reusable fault/reveal feedback,on,8@12fps,none,"[32, 64]",fx_floor_arrival_smoke,overlay; does not move anchors,P2,planned,FX shared; casing/body motion is separately integer-safe.
hot_tub,Gym hot-tub cantilever,extension,parent-attached bay; integer structural seam,False,16x16,gym; boiler; pump,Soak; socialize; winter comfort,Test heat and pump; select safe temperature,fx_shine,shared_effect,0,Reusable fault/reveal feedback,on,4@8fps,none,"[8, 16]",fx_shine,overlay; does not move anchors,P2,planned,FX shared; casing/body motion is separately integer-safe.
caged_trampoline,Exterior caged trampoline,extension,parent-attached bay; integer structural seam,False,55x35,playroom; safe weather,Timing; comic high bounce,Test cage; land three timed bounces,facility_caged_trampoline,room_plate,0,Separate structure; enables activities below,standard,1,none,"top-left (0,0); floor y=35",room timber/stone/tile palette; no furniture,structure faults use separate interactive components,P2,planned,55x35 playroom bay; spring bed centre; tall safety cage; review: maximum bounce and roof camera hook; source: docs/EXPANSION_DESIGN.md
caged_trampoline,Exterior caged trampoline,extension,parent-attached bay; integer structural seam,False,5x35,playroom; safe weather,Timing; comic high bounce,Test cage; land three timed bounces,seam_extension,structural_kit,0,Connect without resizing furniture,standard,1,none,integer parent seam; walking-plane y=0,shared wall/beam/pipe segments,none; parent component controls faults,P2,planned,Core remains 110x35; 105x35 plate; world-Y stripes. Extensions consume no standard slot.
caged_trampoline,Exterior caged trampoline,extension,parent-attached bay; integer structural seam,False,22x20,playroom; safe weather,Timing; comic high bounce,Test cage; land three timed bounces,obj_trampoline,interactive_item,1,"PROPOSED, not coded: 10 fun per successful round / 12 min",standard;on;broken,standard 1; on 4@8fps; broken 1 + shared FX,reach_use,"bottom-centre (11,20); keeper floor anchor (16,40)",obj_trampoline; shared game chassis/pose,"shared wobble(1px), smoke, intermittent sparks + loose or jammed mechanism",P2,planned,"Basic trampoline. Manual game surface and basic score display. ON: 4-frame game motion. Proposed location (15,0), logical frame 22x20; stable usePoint(-8,0), effectOrigin(0,-20), bubbleOrigin(0,-28), z40. New tier mechanics and names require review; existing names preserved."
caged_trampoline,Exterior caged trampoline,extension,parent-attached bay; integer structural seam,False,22x20,playroom; safe weather,Timing; comic high bounce,Test cage; land three timed bounces,obj_trampoline_t2,interactive_item,2,"PROPOSED, not coded: 13 fun / 10 min",standard;on;broken,standard 1; on 4@8fps; broken 1 + shared FX,reach_use,"bottom-centre (11,20); keeper floor anchor (16,40)",obj_trampoline; shared game chassis/pose,"shared wobble(1px), smoke, intermittent sparks + loose or jammed mechanism",P2,planned,"Mid-tier trampoline. Timing/score assistance with visible control. ON: 4-frame game motion. Proposed location (15,0), logical frame 22x20; stable usePoint(-8,0), effectOrigin(0,-20), bubbleOrigin(0,-28), z40. New tier mechanics and names require review; existing names preserved."
caged_trampoline,Exterior caged trampoline,extension,parent-attached bay; integer structural seam,False,22x20,playroom; safe weather,Timing; comic high bounce,Test cage; land three timed bounces,obj_trampoline_t3,interactive_item,3,"PROPOSED, not coded: 15 fun / 8 min",standard;on;broken,standard 1; on 4@8fps; broken 1 + shared FX,reach_use,"bottom-centre (11,20); keeper floor anchor (16,40)",obj_trampoline; shared game chassis/pose,"shared wobble(1px), smoke, intermittent sparks + loose or jammed mechanism",P2,planned,"Top-tier trampoline. Helpful practice/aiming display; skill still required. ON: 4-frame game motion. Proposed location (15,0), logical frame 22x20; stable usePoint(-8,0), effectOrigin(0,-20), bubbleOrigin(0,-28), z40. New tier mechanics and names require review; existing names preserved."
caged_trampoline,Exterior caged trampoline,extension,parent-attached bay; integer structural seam,False,12x12,playroom; safe weather,Timing; comic high bounce,Test cage; land three timed bounces,prop_safety_cage,dressing_or_activity_prop,1,Supports Timing; comic high bounce; single tier,standard,1,reach_use,bottom-centre; water surface top-left,shared prop_safety_cage,not independently interactive; no repair tier,P2,planned,Separate prop; do not bake interactive furniture into plates. Exact final appearance proposal.
caged_trampoline,Exterior caged trampoline,extension,parent-attached bay; integer structural seam,False,12x12,playroom; safe weather,Timing; comic high bounce,Test cage; land three timed bounces,prop_spring_support,dressing_or_activity_prop,1,Supports Timing; comic high bounce; single tier,standard,1,reach_use,bottom-centre; water surface top-left,shared prop_spring_support,not independently interactive; no repair tier,P2,planned,Separate prop; do not bake interactive furniture into plates. Exact final appearance proposal.
caged_trampoline,Exterior caged trampoline,extension,parent-attached bay; integer structural seam,False,32x40,playroom; safe weather,Timing; comic high bounce,Test cage; land three timed bounces,keeper_greet,keeper_clip,0,Reusable task pose,on,5@8fps,greet,"floor (16,40); neck (16,11); shoulders (10,15)/(22,15); hips (13,25)/(19,25)",shared keeper_greet,not repairable,P2,planned,32x40 aligned frames; hand-drawn angles and integer translation; no arbitrary raster rotation.
caged_trampoline,Exterior caged trampoline,extension,parent-attached bay; integer structural seam,False,32x40,playroom; safe weather,Timing; comic high bounce,Test cage; land three timed bounces,keeper_idle,keeper_clip,0,Reusable task pose,on,4@6fps,idle,"floor (16,40); neck (16,11); shoulders (10,15)/(22,15); hips (13,25)/(19,25)",shared keeper_idle,not repairable,P2,delivered-review,32x40 aligned frames; hand-drawn angles and integer translation; no arbitrary raster rotation.
caged_trampoline,Exterior caged trampoline,extension,parent-attached bay; integer structural seam,False,32x40,playroom; safe weather,Timing; comic high bounce,Test cage; land three timed bounces,keeper_reach_use,keeper_clip,0,Reusable task pose,on,5@10fps,reach_use,"floor (16,40); neck (16,11); shoulders (10,15)/(22,15); hips (13,25)/(19,25)",shared keeper_reach_use,not repairable,P2,planned,32x40 aligned frames; hand-drawn angles and integer translation; no arbitrary raster rotation.
caged_trampoline,Exterior caged trampoline,extension,parent-attached bay; integer structural seam,False,32x40,playroom; safe weather,Timing; comic high bounce,Test cage; land three timed bounces,keeper_shrug,keeper_clip,0,Reusable task pose,on,4@8fps,shrug,"floor (16,40); neck (16,11); shoulders (10,15)/(22,15); hips (13,25)/(19,25)",shared keeper_shrug,not repairable,P2,planned,32x40 aligned frames; hand-drawn angles and integer translation; no arbitrary raster rotation.
caged_trampoline,Exterior caged trampoline,extension,parent-attached bay; integer structural seam,False,32x40,playroom; safe weather,Timing; comic high bounce,Test cage; land three timed bounces,keeper_walk,keeper_clip,0,Reusable task pose,on,8@10fps,walk,"floor (16,40); neck (16,11); shoulders (10,15)/(22,15); hips (13,25)/(19,25)",shared keeper_walk,not repairable,P2,delivered-review,32x40 aligned frames; hand-drawn angles and integer translation; no arbitrary raster rotation.
caged_trampoline,Exterior caged trampoline,extension,parent-attached bay; integer structural seam,False,12x16,playroom; safe weather,Timing; comic high bounce,Test cage; land three timed bounces,fx_broken_smoke,shared_effect,0,Reusable fault/reveal feedback,on,8@8fps,none,"[6, 16]",fx_broken_smoke,overlay; does not move anchors,P2,delivered-review,FX shared; casing/body motion is separately integer-safe.
caged_trampoline,Exterior caged trampoline,extension,parent-attached bay; integer structural seam,False,12x12,playroom; safe weather,Timing; comic high bounce,Test cage; land three timed bounces,fx_broken_sparks,shared_effect,0,Reusable fault/reveal feedback,on,6@12fps,none,"[6, 6]",fx_broken_sparks,overlay; does not move anchors,P2,delivered-review,FX shared; casing/body motion is separately integer-safe.
caged_trampoline,Exterior caged trampoline,extension,parent-attached bay; integer structural seam,False,64x64,playroom; safe weather,Timing; comic high bounce,Test cage; land three timed bounces,fx_floor_arrival_smoke,shared_effect,0,Reusable fault/reveal feedback,on,8@12fps,none,"[32, 64]",fx_floor_arrival_smoke,overlay; does not move anchors,P2,planned,FX shared; casing/body motion is separately integer-safe.
caged_trampoline,Exterior caged trampoline,extension,parent-attached bay; integer structural seam,False,16x16,playroom; safe weather,Timing; comic high bounce,Test cage; land three timed bounces,fx_shine,shared_effect,0,Reusable fault/reveal feedback,on,4@8fps,none,"[8, 16]",fx_shine,overlay; does not move anchors,P2,planned,FX shared; casing/body motion is separately integer-safe.
bowling,Bowling alley telescopic bay,extension,parent-attached bay; integer structural seam,False,165x35,long horizontal island expansion,Aim; timing; scoring,Align lane; roll controlled bowl; count score,facility_bowling,room_plate,0,Separate structure; enables activities below,standard,1,none,"top-left (0,0); floor y=35",room timber/stone/tile palette; no furniture,structure faults use separate interactive components,P2,planned,165x35 bay; release left; pins right; review: parent attachment and expansion clearance; source: docs/EXPANSION_DESIGN.md
bowling,Bowling alley telescopic bay,extension,parent-attached bay; integer structural seam,False,5x35,long horizontal island expansion,Aim; timing; scoring,Align lane; roll controlled bowl; count score,seam_extension,structural_kit,0,Connect without resizing furniture,standard,1,none,integer parent seam; walking-plane y=0,shared wall/beam/pipe segments,none; parent component controls faults,P2,planned,Core remains 110x35; 105x35 plate; world-Y stripes. Extensions consume no standard slot.
bowling,Bowling alley telescopic bay,extension,parent-attached bay; integer structural seam,False,22x20,long horizontal island expansion,Aim; timing; scoring,Align lane; roll controlled bowl; count score,obj_bowlinglane,interactive_item,1,"PROPOSED, not coded: 10 fun per successful round / 12 min",standard;on;broken,standard 1; on 4@8fps; broken 1 + shared FX,reach_use,"bottom-centre (11,20); keeper floor anchor (16,40)",obj_bowlinglane; shared game chassis/pose,"shared wobble(1px), smoke, intermittent sparks + loose or jammed mechanism",P2,planned,"Basic bowlinglane. Manual game surface and basic score display. ON: 4-frame game motion. Proposed location (15,0), logical frame 22x20; stable usePoint(-8,0), effectOrigin(0,-20), bubbleOrigin(0,-28), z40. New tier mechanics and names require review; existing names preserved."
bowling,Bowling alley telescopic bay,extension,parent-attached bay; integer structural seam,False,22x20,long horizontal island expansion,Aim; timing; scoring,Align lane; roll controlled bowl; count score,obj_bowlinglane_t2,interactive_item,2,"PROPOSED, not coded: 13 fun / 10 min",standard;on;broken,standard 1; on 4@8fps; broken 1 + shared FX,reach_use,"bottom-centre (11,20); keeper floor anchor (16,40)",obj_bowlinglane; shared game chassis/pose,"shared wobble(1px), smoke, intermittent sparks + loose or jammed mechanism",P2,planned,"Mid-tier bowlinglane. Timing/score assistance with visible control. ON: 4-frame game motion. Proposed location (15,0), logical frame 22x20; stable usePoint(-8,0), effectOrigin(0,-20), bubbleOrigin(0,-28), z40. New tier mechanics and names require review; existing names preserved."
bowling,Bowling alley telescopic bay,extension,parent-attached bay; integer structural seam,False,22x20,long horizontal island expansion,Aim; timing; scoring,Align lane; roll controlled bowl; count score,obj_bowlinglane_t3,interactive_item,3,"PROPOSED, not coded: 15 fun / 8 min",standard;on;broken,standard 1; on 4@8fps; broken 1 + shared FX,reach_use,"bottom-centre (11,20); keeper floor anchor (16,40)",obj_bowlinglane; shared game chassis/pose,"shared wobble(1px), smoke, intermittent sparks + loose or jammed mechanism",P2,planned,"Top-tier bowlinglane. Helpful practice/aiming display; skill still required. ON: 4-frame game motion. Proposed location (15,0), logical frame 22x20; stable usePoint(-8,0), effectOrigin(0,-20), bubbleOrigin(0,-28), z40. New tier mechanics and names require review; existing names preserved."
bowling,Bowling alley telescopic bay,extension,parent-attached bay; integer structural seam,False,22x20,long horizontal island expansion,Aim; timing; scoring,Align lane; roll controlled bowl; count score,obj_pinsetter,interactive_item,1,"PROPOSED, not coded: reset 10 pins / 3 min",standard;on;broken,standard 1; on 4@8fps; broken 1 + shared FX,cook_back,"bottom-centre (11,20); keeper floor anchor (16,40)",obj_pinsetter; shared craft chassis/pose,"shared wobble(1px), smoke, intermittent sparks + blocked spindle",P2,planned,"Basic pinsetter. Manual wheel, printer or assembly bench. ON: 4-frame tool movement. Proposed location (41,0), logical frame 22x20; stable usePoint(-8,0), effectOrigin(0,-20), bubbleOrigin(0,-28), z40. New tier mechanics and names require review; existing names preserved."
bowling,Bowling alley telescopic bay,extension,parent-attached bay; integer structural seam,False,22x20,long horizontal island expansion,Aim; timing; scoring,Align lane; roll controlled bowl; count score,obj_pinsetter_t2,interactive_item,2,"PROPOSED, not coded: 10 pins / 2 min",standard;on;broken,standard 1; on 4@8fps; broken 1 + shared FX,cook_back,"bottom-centre (11,20); keeper floor anchor (16,40)",obj_pinsetter; shared craft chassis/pose,"shared wobble(1px), smoke, intermittent sparks + blocked spindle",P2,planned,"Mid-tier pinsetter. Two-batch fixture or feed tray. ON: 4-frame tool movement. Proposed location (41,0), logical frame 22x20; stable usePoint(-8,0), effectOrigin(0,-20), bubbleOrigin(0,-28), z40. New tier mechanics and names require review; existing names preserved."
bowling,Bowling alley telescopic bay,extension,parent-attached bay; integer structural seam,False,22x20,long horizontal island expansion,Aim; timing; scoring,Align lane; roll controlled bowl; count score,obj_pinsetter_t3,interactive_item,3,"PROPOSED, not coded: 10 pins / 1 min",standard;on;broken,standard 1; on 4@8fps; broken 1 + shared FX,cook_back,"bottom-centre (11,20); keeper floor anchor (16,40)",obj_pinsetter; shared craft chassis/pose,"shared wobble(1px), smoke, intermittent sparks + blocked spindle",P2,planned,"Top-tier pinsetter. Three-batch automated fixture; same anchor. ON: 4-frame tool movement. Proposed location (41,0), logical frame 22x20; stable usePoint(-8,0), effectOrigin(0,-20), bubbleOrigin(0,-28), z40. New tier mechanics and names require review; existing names preserved."
bowling,Bowling alley telescopic bay,extension,parent-attached bay; integer structural seam,False,12x12,long horizontal island expansion,Aim; timing; scoring,Align lane; roll controlled bowl; count score,prop_bowling_ball,dressing_or_activity_prop,1,Supports Aim; timing; scoring; single tier,standard,1,reach_use,bottom-centre; water surface top-left,shared prop_bowling_ball,not independently interactive; no repair tier,P2,planned,Separate prop; do not bake interactive furniture into plates. Exact final appearance proposal.
bowling,Bowling alley telescopic bay,extension,parent-attached bay; integer structural seam,False,12x12,long horizontal island expansion,Aim; timing; scoring,Align lane; roll controlled bowl; count score,prop_pins,dressing_or_activity_prop,1,Supports Aim; timing; scoring; single tier,standard,1,reach_use,bottom-centre; water surface top-left,shared prop_pins,not independently interactive; no repair tier,P2,planned,Separate prop; do not bake interactive furniture into plates. Exact final appearance proposal.
bowling,Bowling alley telescopic bay,extension,parent-attached bay; integer structural seam,False,12x12,long horizontal island expansion,Aim; timing; scoring,Align lane; roll controlled bowl; count score,prop_lane_markings,dressing_or_activity_prop,1,Supports Aim; timing; scoring; single tier,standard,1,reach_use,bottom-centre; water surface top-left,shared prop_lane_markings,not independently interactive; no repair tier,P2,planned,Separate prop; do not bake interactive furniture into plates. Exact final appearance proposal.
bowling,Bowling alley telescopic bay,extension,parent-attached bay; integer structural seam,False,32x40,long horizontal island expansion,Aim; timing; scoring,Align lane; roll controlled bowl; count score,keeper_cook_back,keeper_clip,0,Reusable task pose,on,8@8fps,cook_back,"floor (16,40); neck (16,11); shoulders (10,15)/(22,15); hips (13,25)/(19,25)",shared keeper_cook_back,not repairable,P2,delivered-review,32x40 aligned frames; hand-drawn angles and integer translation; no arbitrary raster rotation.
bowling,Bowling alley telescopic bay,extension,parent-attached bay; integer structural seam,False,32x40,long horizontal island expansion,Aim; timing; scoring,Align lane; roll controlled bowl; count score,keeper_greet,keeper_clip,0,Reusable task pose,on,5@8fps,greet,"floor (16,40); neck (16,11); shoulders (10,15)/(22,15); hips (13,25)/(19,25)",shared keeper_greet,not repairable,P2,planned,32x40 aligned frames; hand-drawn angles and integer translation; no arbitrary raster rotation.
bowling,Bowling alley telescopic bay,extension,parent-attached bay; integer structural seam,False,32x40,long horizontal island expansion,Aim; timing; scoring,Align lane; roll controlled bowl; count score,keeper_idle,keeper_clip,0,Reusable task pose,on,4@6fps,idle,"floor (16,40); neck (16,11); shoulders (10,15)/(22,15); hips (13,25)/(19,25)",shared keeper_idle,not repairable,P2,delivered-review,32x40 aligned frames; hand-drawn angles and integer translation; no arbitrary raster rotation.
bowling,Bowling alley telescopic bay,extension,parent-attached bay; integer structural seam,False,32x40,long horizontal island expansion,Aim; timing; scoring,Align lane; roll controlled bowl; count score,keeper_reach_use,keeper_clip,0,Reusable task pose,on,5@10fps,reach_use,"floor (16,40); neck (16,11); shoulders (10,15)/(22,15); hips (13,25)/(19,25)",shared keeper_reach_use,not repairable,P2,planned,32x40 aligned frames; hand-drawn angles and integer translation; no arbitrary raster rotation.
bowling,Bowling alley telescopic bay,extension,parent-attached bay; integer structural seam,False,32x40,long horizontal island expansion,Aim; timing; scoring,Align lane; roll controlled bowl; count score,keeper_shrug,keeper_clip,0,Reusable task pose,on,4@8fps,shrug,"floor (16,40); neck (16,11); shoulders (10,15)/(22,15); hips (13,25)/(19,25)",shared keeper_shrug,not repairable,P2,planned,32x40 aligned frames; hand-drawn angles and integer translation; no arbitrary raster rotation.
bowling,Bowling alley telescopic bay,extension,parent-attached bay; integer structural seam,False,32x40,long horizontal island expansion,Aim; timing; scoring,Align lane; roll controlled bowl; count score,keeper_walk,keeper_clip,0,Reusable task pose,on,8@10fps,walk,"floor (16,40); neck (16,11); shoulders (10,15)/(22,15); hips (13,25)/(19,25)",shared keeper_walk,not repairable,P2,delivered-review,32x40 aligned frames; hand-drawn angles and integer translation; no arbitrary raster rotation.
bowling,Bowling alley telescopic bay,extension,parent-attached bay; integer structural seam,False,12x16,long horizontal island expansion,Aim; timing; scoring,Align lane; roll controlled bowl; count score,fx_broken_smoke,shared_effect,0,Reusable fault/reveal feedback,on,8@8fps,none,"[6, 16]",fx_broken_smoke,overlay; does not move anchors,P2,delivered-review,FX shared; casing/body motion is separately integer-safe.
bowling,Bowling alley telescopic bay,extension,parent-attached bay; integer structural seam,False,12x12,long horizontal island expansion,Aim; timing; scoring,Align lane; roll controlled bowl; count score,fx_broken_sparks,shared_effect,0,Reusable fault/reveal feedback,on,6@12fps,none,"[6, 6]",fx_broken_sparks,overlay; does not move anchors,P2,delivered-review,FX shared; casing/body motion is separately integer-safe.
bowling,Bowling alley telescopic bay,extension,parent-attached bay; integer structural seam,False,64x64,long horizontal island expansion,Aim; timing; scoring,Align lane; roll controlled bowl; count score,fx_floor_arrival_smoke,shared_effect,0,Reusable fault/reveal feedback,on,8@12fps,none,"[32, 64]",fx_floor_arrival_smoke,overlay; does not move anchors,P2,planned,FX shared; casing/body motion is separately integer-safe.
bowling,Bowling alley telescopic bay,extension,parent-attached bay; integer structural seam,False,16x16,long horizontal island expansion,Aim; timing; scoring,Align lane; roll controlled bowl; count score,fx_shine,shared_effect,0,Reusable fault/reveal feedback,on,4@8fps,none,"[8, 16]",fx_shine,overlay; does not move anchors,P2,planned,FX shared; casing/body motion is separately integer-safe.
kitchen_bay,Expanded kitchen bay,extension,parent-attached bay; integer structural seam,False,55x35,kitchen; cooking progression,Batch meals; visitor cooking,Prepare multi-course meal; allocate burners,facility_kitchen_bay,room_plate,0,Separate structure; enables activities below,standard,1,none,"top-left (0,0); floor y=35",room timber/stone/tile palette; no furniture,structure faults use separate interactive components,P2,planned,55x35 kitchen bay; extra work surfaces and utility seam; discussed architecture; not replacement for fixed core; source: docs/EXPANSION_DESIGN.md; HANDOFF_TO_CLAUDE.md
kitchen_bay,Expanded kitchen bay,extension,parent-attached bay; integer structural seam,False,5x35,kitchen; cooking progression,Batch meals; visitor cooking,Prepare multi-course meal; allocate burners,seam_extension,structural_kit,0,Connect without resizing furniture,standard,1,none,integer parent seam; walking-plane y=0,shared wall/beam/pipe segments,none; parent component controls faults,P2,planned,Core remains 110x35; 105x35 plate; world-Y stripes. Extensions consume no standard slot.
kitchen_bay,Expanded kitchen bay,extension,parent-attached bay; integer structural seam,False,18x15,kitchen; cooking progression,Batch meals; visitor cooking,Prepare multi-course meal; allocate burners,obj_cooker,interactive_item,1,Runtime: Make toast; 12 game min; hunger +22 (need caps apply); proposed specialist perk: 1 recipe serving / 35 min,standard;on;broken,standard 1; on 4@8fps; broken 1 + shared FX,cook_back,"bottom-centre (9,15); keeper floor anchor (16,40)",obj_cooker; shared cook chassis/pose,"shared wobble(1px), smoke, intermittent sparks + sputtering burner",P2,planned,"Basic oven. Manual single burner/range. ON: 4-frame flame or service motion. Proposed location (13,0), logical frame 18x15; stable usePoint(-8,0), effectOrigin(0,-15), bubbleOrigin(0,-23), z40. New tier mechanics and names require review; existing names preserved."
kitchen_bay,Expanded kitchen bay,extension,parent-attached bay; integer structural seam,False,18x15,kitchen; cooking progression,Batch meals; visitor cooking,Prepare multi-course meal; allocate burners,obj_cooker_t2,interactive_item,2,Runtime: Make toast; 10 game min; hunger +28 (need caps apply); proposed specialist perk: 2 servings / 30 min,standard;on;broken,standard 1; on 4@8fps; broken 1 + shared FX,cook_back,"bottom-centre (9,15); keeper floor anchor (16,40)",obj_cooker; shared cook chassis/pose,"shared wobble(1px), smoke, intermittent sparks + sputtering burner",P2,planned,"Two-oven range. Two clearly marked burner controls. ON: 4-frame flame or service motion. Proposed location (13,0), logical frame 18x15; stable usePoint(-8,0), effectOrigin(0,-15), bubbleOrigin(0,-23), z40. New tier mechanics and names require review; existing names preserved."
kitchen_bay,Expanded kitchen bay,extension,parent-attached bay; integer structural seam,False,18x15,kitchen; cooking progression,Batch meals; visitor cooking,Prepare multi-course meal; allocate burners,obj_cooker_t3,interactive_item,3,Runtime: Make toast; 8 game min; hunger +33 (need caps apply); proposed specialist perk: 3 servings / 25 min,standard;on;broken,standard 1; on 4@8fps; broken 1 + shared FX,cook_back,"bottom-centre (9,15); keeper floor anchor (16,40)",obj_cooker; shared cook chassis/pose,"shared wobble(1px), smoke, intermittent sparks + sputtering burner",P2,planned,"Fancy professional kitchen. Three marked cooking slots and recipe display. ON: 4-frame flame or service motion. Proposed location (13,0), logical frame 18x15; stable usePoint(-8,0), effectOrigin(0,-15), bubbleOrigin(0,-23), z40. New tier mechanics and names require review; existing names preserved."
kitchen_bay,Expanded kitchen bay,extension,parent-attached bay; integer structural seam,False,12x24,kitchen; cooking progression,Batch meals; visitor cooking,Prepare multi-course meal; allocate burners,obj_fridge,interactive_item,1,"PROPOSED, not coded: 4 item slots",standard;on;broken,standard 1; on 4@8fps; broken 1 + shared FX,reach_use,"bottom-centre (6,24); keeper floor anchor (16,40)",obj_fridge; shared storage chassis/pose,"shared wobble(1px), smoke, intermittent sparks + jammed hinge; contents never destroyed",P2,planned,"Small under-counter fridge. Small four-slot shelves or single chest. ON: 4-frame opening. Proposed location (32,0), logical frame 12x24; stable usePoint(-8,0), effectOrigin(0,-24), bubbleOrigin(0,-32), z40. New tier mechanics and names require review; existing names preserved."
kitchen_bay,Expanded kitchen bay,extension,parent-attached bay; integer structural seam,False,12x24,kitchen; cooking progression,Batch meals; visitor cooking,Prepare multi-course meal; allocate burners,obj_fridge_t2,interactive_item,2,"PROPOSED, not coded: 8 item slots",standard;on;broken,standard 1; on 4@8fps; broken 1 + shared FX,reach_use,"bottom-centre (6,24); keeper floor anchor (16,40)",obj_fridge; shared storage chassis/pose,"shared wobble(1px), smoke, intermittent sparks + jammed hinge; contents never destroyed",P2,planned,"Fridge-freezer. Divided eight-slot cabinet with double doors. ON: 4-frame opening. Proposed location (32,0), logical frame 12x24; stable usePoint(-8,0), effectOrigin(0,-24), bubbleOrigin(0,-32), z40. New tier mechanics and names require review; existing names preserved."
kitchen_bay,Expanded kitchen bay,extension,parent-attached bay; integer structural seam,False,12x24,kitchen; cooking progression,Batch meals; visitor cooking,Prepare multi-course meal; allocate burners,obj_fridge_t3,interactive_item,3,"PROPOSED, not coded: 12 item slots",standard;on;broken,standard 1; on 4@8fps; broken 1 + shared FX,reach_use,"bottom-centre (6,24); keeper floor anchor (16,40)",obj_fridge; shared storage chassis/pose,"shared wobble(1px), smoke, intermittent sparks + jammed hinge; contents never destroyed",P2,planned,"American-style fridge. Twelve-slot cabinet with labelled bays; same footprint. ON: 4-frame opening. Proposed location (32,0), logical frame 12x24; stable usePoint(-8,0), effectOrigin(0,-24), bubbleOrigin(0,-32), z40. New tier mechanics and names require review; existing names preserved."
kitchen_bay,Expanded kitchen bay,extension,parent-attached bay; integer structural seam,False,12x12,kitchen; cooking progression,Batch meals; visitor cooking,Prepare multi-course meal; allocate burners,prop_worktop,dressing_or_activity_prop,1,Supports Batch meals; visitor cooking; single tier,standard,1,reach_use,bottom-centre; water surface top-left,shared prop_worktop,not independently interactive; no repair tier,P2,planned,Separate prop; do not bake interactive furniture into plates. Exact final appearance proposal.
kitchen_bay,Expanded kitchen bay,extension,parent-attached bay; integer structural seam,False,12x12,kitchen; cooking progression,Batch meals; visitor cooking,Prepare multi-course meal; allocate burners,prop_serving_hatch,dressing_or_activity_prop,1,Supports Batch meals; visitor cooking; single tier,standard,1,reach_use,bottom-centre; water surface top-left,shared prop_serving_hatch,not independently interactive; no repair tier,P2,planned,Separate prop; do not bake interactive furniture into plates. Exact final appearance proposal.
kitchen_bay,Expanded kitchen bay,extension,parent-attached bay; integer structural seam,False,32x40,kitchen; cooking progression,Batch meals; visitor cooking,Prepare multi-course meal; allocate burners,keeper_cook_back,keeper_clip,0,Reusable task pose,on,8@8fps,cook_back,"floor (16,40); neck (16,11); shoulders (10,15)/(22,15); hips (13,25)/(19,25)",shared keeper_cook_back,not repairable,P2,delivered-review,32x40 aligned frames; hand-drawn angles and integer translation; no arbitrary raster rotation.
kitchen_bay,Expanded kitchen bay,extension,parent-attached bay; integer structural seam,False,32x40,kitchen; cooking progression,Batch meals; visitor cooking,Prepare multi-course meal; allocate burners,keeper_greet,keeper_clip,0,Reusable task pose,on,5@8fps,greet,"floor (16,40); neck (16,11); shoulders (10,15)/(22,15); hips (13,25)/(19,25)",shared keeper_greet,not repairable,P2,planned,32x40 aligned frames; hand-drawn angles and integer translation; no arbitrary raster rotation.
kitchen_bay,Expanded kitchen bay,extension,parent-attached bay; integer structural seam,False,32x40,kitchen; cooking progression,Batch meals; visitor cooking,Prepare multi-course meal; allocate burners,keeper_idle,keeper_clip,0,Reusable task pose,on,4@6fps,idle,"floor (16,40); neck (16,11); shoulders (10,15)/(22,15); hips (13,25)/(19,25)",shared keeper_idle,not repairable,P2,delivered-review,32x40 aligned frames; hand-drawn angles and integer translation; no arbitrary raster rotation.
kitchen_bay,Expanded kitchen bay,extension,parent-attached bay; integer structural seam,False,32x40,kitchen; cooking progression,Batch meals; visitor cooking,Prepare multi-course meal; allocate burners,keeper_reach_use,keeper_clip,0,Reusable task pose,on,5@10fps,reach_use,"floor (16,40); neck (16,11); shoulders (10,15)/(22,15); hips (13,25)/(19,25)",shared keeper_reach_use,not repairable,P2,planned,32x40 aligned frames; hand-drawn angles and integer translation; no arbitrary raster rotation.
kitchen_bay,Expanded kitchen bay,extension,parent-attached bay; integer structural seam,False,32x40,kitchen; cooking progression,Batch meals; visitor cooking,Prepare multi-course meal; allocate burners,keeper_shrug,keeper_clip,0,Reusable task pose,on,4@8fps,shrug,"floor (16,40); neck (16,11); shoulders (10,15)/(22,15); hips (13,25)/(19,25)",shared keeper_shrug,not repairable,P2,planned,32x40 aligned frames; hand-drawn angles and integer translation; no arbitrary raster rotation.
kitchen_bay,Expanded kitchen bay,extension,parent-attached bay; integer structural seam,False,32x40,kitchen; cooking progression,Batch meals; visitor cooking,Prepare multi-course meal; allocate burners,keeper_walk,keeper_clip,0,Reusable task pose,on,8@10fps,walk,"floor (16,40); neck (16,11); shoulders (10,15)/(22,15); hips (13,25)/(19,25)",shared keeper_walk,not repairable,P2,delivered-review,32x40 aligned frames; hand-drawn angles and integer translation; no arbitrary raster rotation.
kitchen_bay,Expanded kitchen bay,extension,parent-attached bay; integer structural seam,False,12x16,kitchen; cooking progression,Batch meals; visitor cooking,Prepare multi-course meal; allocate burners,fx_broken_smoke,shared_effect,0,Reusable fault/reveal feedback,on,8@8fps,none,"[6, 16]",fx_broken_smoke,overlay; does not move anchors,P2,delivered-review,FX shared; casing/body motion is separately integer-safe.
kitchen_bay,Expanded kitchen bay,extension,parent-attached bay; integer structural seam,False,12x12,kitchen; cooking progression,Batch meals; visitor cooking,Prepare multi-course meal; allocate burners,fx_broken_sparks,shared_effect,0,Reusable fault/reveal feedback,on,6@12fps,none,"[6, 6]",fx_broken_sparks,overlay; does not move anchors,P2,delivered-review,FX shared; casing/body motion is separately integer-safe.
kitchen_bay,Expanded kitchen bay,extension,parent-attached bay; integer structural seam,False,64x64,kitchen; cooking progression,Batch meals; visitor cooking,Prepare multi-course meal; allocate burners,fx_floor_arrival_smoke,shared_effect,0,Reusable fault/reveal feedback,on,8@12fps,none,"[32, 64]",fx_floor_arrival_smoke,overlay; does not move anchors,P2,planned,FX shared; casing/body motion is separately integer-safe.
kitchen_bay,Expanded kitchen bay,extension,parent-attached bay; integer structural seam,False,16x16,kitchen; cooking progression,Batch meals; visitor cooking,Prepare multi-course meal; allocate burners,fx_shine,shared_effect,0,Reusable fault/reveal feedback,on,4@8fps,none,"[8, 16]",fx_shine,overlay; does not move anchors,P2,planned,FX shared; casing/body motion is separately integer-safe.
gaming_bay,Gaming extension,extension,parent-attached bay; integer structural seam,False,55x35,computer or living parent,Curated games; cooperative puzzles,Solve cooperative puzzle and choose station,facility_gaming_bay,room_plate,0,Separate structure; enables activities below,standard,1,none,"top-left (0,0); floor y=35",room timber/stone/tile palette; no furniture,structure faults use separate interactive components,P2,planned,55x35 parent bay; console left; seat right; review: parent and distinction from lair/games hall; source: docs/EXPANSION_DESIGN.md; HANDOFF_TO_CLAUDE.md
gaming_bay,Gaming extension,extension,parent-attached bay; integer structural seam,False,5x35,computer or living parent,Curated games; cooperative puzzles,Solve cooperative puzzle and choose station,seam_extension,structural_kit,0,Connect without resizing furniture,standard,1,none,integer parent seam; walking-plane y=0,shared wall/beam/pipe segments,none; parent component controls faults,P2,planned,Core remains 110x35; 105x35 plate; world-Y stripes. Extensions consume no standard slot.
gaming_bay,Gaming extension,extension,parent-attached bay; integer structural seam,False,28x22,computer or living parent,Curated games; cooperative puzzles,Solve cooperative puzzle and choose station,obj_console,interactive_item,1,"Runtime: Use the secret computer; 30 game min; fun +28, energy -4 (need caps apply); proposed specialist perk: 1 clue per 20 game min",standard;on;broken,standard 1; on 4@8fps; broken 1 + shared FX,read,"bottom-centre (14,22); keeper floor anchor (16,40)",obj_console; shared research chassis/pose,"shared wobble(1px), smoke, intermittent sparks + stuck page or screen",P2,planned,"Old computer. Manual book, board or simple computer. ON: 4-frame page or display change. Proposed location (18,0), logical frame 28x22; stable usePoint(-8,0), effectOrigin(0,-22), bubbleOrigin(0,-30), z40. New tier mechanics and names require review; existing names preserved."
gaming_bay,Gaming extension,extension,parent-attached bay; integer structural seam,False,28x22,computer or living parent,Curated games; cooperative puzzles,Solve cooperative puzzle and choose station,obj_console_t2,interactive_item,2,"Runtime: Use the secret computer; 26 game min; fun +35, energy -4 (need caps apply); proposed specialist perk: 2 clues per 17 game min",standard;on;broken,standard 1; on 4@8fps; broken 1 + shared FX,read,"bottom-centre (14,22); keeper floor anchor (16,40)",obj_console; shared research chassis/pose,"shared wobble(1px), smoke, intermittent sparks + stuck page or screen",P2,planned,"Gaming PC. Indexed storage or improved terminal. ON: 4-frame page or display change. Proposed location (18,0), logical frame 28x22; stable usePoint(-8,0), effectOrigin(0,-22), bubbleOrigin(0,-30), z40. New tier mechanics and names require review; existing names preserved."
gaming_bay,Gaming extension,extension,parent-attached bay; integer structural seam,False,28x22,computer or living parent,Curated games; cooperative puzzles,Solve cooperative puzzle and choose station,obj_console_t3,interactive_item,3,"Runtime: Use the secret computer; 21 game min; fun +42, energy -4 (need caps apply); proposed specialist perk: 3 clues per 14 game min",standard;on;broken,standard 1; on 4@8fps; broken 1 + shared FX,read,"bottom-centre (14,22); keeper floor anchor (16,40)",obj_console; shared research chassis/pose,"shared wobble(1px), smoke, intermittent sparks + stuck page or screen",P2,planned,"Supercomputer wall. Search interface or clue display; no live internet. ON: 4-frame page or display change. Proposed location (18,0), logical frame 28x22; stable usePoint(-8,0), effectOrigin(0,-22), bubbleOrigin(0,-30), z40. New tier mechanics and names require review; existing names preserved."
gaming_bay,Gaming extension,extension,parent-attached bay; integer structural seam,False,12x12,computer or living parent,Curated games; cooperative puzzles,Solve cooperative puzzle and choose station,prop_game_seat,dressing_or_activity_prop,1,Supports Curated games; cooperative puzzles; single tier,standard,1,reach_use,bottom-centre; water surface top-left,shared prop_game_seat,not independently interactive; no repair tier,P2,planned,Separate prop; do not bake interactive furniture into plates. Exact final appearance proposal.
gaming_bay,Gaming extension,extension,parent-attached bay; integer structural seam,False,12x12,computer or living parent,Curated games; cooperative puzzles,Solve cooperative puzzle and choose station,prop_screen,dressing_or_activity_prop,1,Supports Curated games; cooperative puzzles; single tier,standard,1,reach_use,bottom-centre; water surface top-left,shared prop_screen,not independently interactive; no repair tier,P2,planned,Separate prop; do not bake interactive furniture into plates. Exact final appearance proposal.
gaming_bay,Gaming extension,extension,parent-attached bay; integer structural seam,False,32x40,computer or living parent,Curated games; cooperative puzzles,Solve cooperative puzzle and choose station,keeper_greet,keeper_clip,0,Reusable task pose,on,5@8fps,greet,"floor (16,40); neck (16,11); shoulders (10,15)/(22,15); hips (13,25)/(19,25)",shared keeper_greet,not repairable,P2,planned,32x40 aligned frames; hand-drawn angles and integer translation; no arbitrary raster rotation.
gaming_bay,Gaming extension,extension,parent-attached bay; integer structural seam,False,32x40,computer or living parent,Curated games; cooperative puzzles,Solve cooperative puzzle and choose station,keeper_idle,keeper_clip,0,Reusable task pose,on,4@6fps,idle,"floor (16,40); neck (16,11); shoulders (10,15)/(22,15); hips (13,25)/(19,25)",shared keeper_idle,not repairable,P2,delivered-review,32x40 aligned frames; hand-drawn angles and integer translation; no arbitrary raster rotation.
gaming_bay,Gaming extension,extension,parent-attached bay; integer structural seam,False,32x40,computer or living parent,Curated games; cooperative puzzles,Solve cooperative puzzle and choose station,keeper_reach_use,keeper_clip,0,Reusable task pose,on,5@10fps,reach_use,"floor (16,40); neck (16,11); shoulders (10,15)/(22,15); hips (13,25)/(19,25)",shared keeper_reach_use,not repairable,P2,planned,32x40 aligned frames; hand-drawn angles and integer translation; no arbitrary raster rotation.
gaming_bay,Gaming extension,extension,parent-attached bay; integer structural seam,False,32x40,computer or living parent,Curated games; cooperative puzzles,Solve cooperative puzzle and choose station,keeper_read,keeper_clip,0,Reusable task pose,on,4@5fps,read,"floor (16,40); neck (16,11); shoulders (10,15)/(22,15); hips (13,25)/(19,25)",shared keeper_read,not repairable,P2,planned,32x40 aligned frames; hand-drawn angles and integer translation; no arbitrary raster rotation.
gaming_bay,Gaming extension,extension,parent-attached bay; integer structural seam,False,32x40,computer or living parent,Curated games; cooperative puzzles,Solve cooperative puzzle and choose station,keeper_shrug,keeper_clip,0,Reusable task pose,on,4@8fps,shrug,"floor (16,40); neck (16,11); shoulders (10,15)/(22,15); hips (13,25)/(19,25)",shared keeper_shrug,not repairable,P2,planned,32x40 aligned frames; hand-drawn angles and integer translation; no arbitrary raster rotation.
gaming_bay,Gaming extension,extension,parent-attached bay; integer structural seam,False,32x40,computer or living parent,Curated games; cooperative puzzles,Solve cooperative puzzle and choose station,keeper_walk,keeper_clip,0,Reusable task pose,on,8@10fps,walk,"floor (16,40); neck (16,11); shoulders (10,15)/(22,15); hips (13,25)/(19,25)",shared keeper_walk,not repairable,P2,delivered-review,32x40 aligned frames; hand-drawn angles and integer translation; no arbitrary raster rotation.
gaming_bay,Gaming extension,extension,parent-attached bay; integer structural seam,False,12x16,computer or living parent,Curated games; cooperative puzzles,Solve cooperative puzzle and choose station,fx_broken_smoke,shared_effect,0,Reusable fault/reveal feedback,on,8@8fps,none,"[6, 16]",fx_broken_smoke,overlay; does not move anchors,P2,delivered-review,FX shared; casing/body motion is separately integer-safe.
gaming_bay,Gaming extension,extension,parent-attached bay; integer structural seam,False,12x12,computer or living parent,Curated games; cooperative puzzles,Solve cooperative puzzle and choose station,fx_broken_sparks,shared_effect,0,Reusable fault/reveal feedback,on,6@12fps,none,"[6, 6]",fx_broken_sparks,overlay; does not move anchors,P2,delivered-review,FX shared; casing/body motion is separately integer-safe.
gaming_bay,Gaming extension,extension,parent-attached bay; integer structural seam,False,64x64,computer or living parent,Curated games; cooperative puzzles,Solve cooperative puzzle and choose station,fx_floor_arrival_smoke,shared_effect,0,Reusable fault/reveal feedback,on,8@12fps,none,"[32, 64]",fx_floor_arrival_smoke,overlay; does not move anchors,P2,planned,FX shared; casing/body motion is separately integer-safe.
gaming_bay,Gaming extension,extension,parent-attached bay; integer structural seam,False,16x16,computer or living parent,Curated games; cooperative puzzles,Solve cooperative puzzle and choose station,fx_shine,shared_effect,0,Reusable fault/reveal feedback,on,4@8fps,none,"[8, 16]",fx_shine,overlay; does not move anchors,P2,planned,FX shared; casing/body motion is separately integer-safe.
roof,Lamp-room roof / parachute launch,extension,parent-attached bay; integer structural seam,False,110x20,maximum tower; wind safety,Late comic parachute descent,Demonstrate safe landing; select calm forecast,facility_roof,room_plate,0,Separate structure; enables activities below,standard,1,none,"top-left (0,0); floor y=20",room timber/stone/tile palette; no furniture,structure faults use separate interactive components,P2,planned,110x20 roof; launch hatch; clear lamp beam; possible late idea; maximum height and safety decision unresolved; source: docs/EXPANSION_DESIGN.md; HANDOFF_TO_CLAUDE.md
roof,Lamp-room roof / parachute launch,extension,parent-attached bay; integer structural seam,False,5x35,maximum tower; wind safety,Late comic parachute descent,Demonstrate safe landing; select calm forecast,seam_extension,structural_kit,0,Connect without resizing furniture,standard,1,none,integer parent seam; walking-plane y=0,shared wall/beam/pipe segments,none; parent component controls faults,P2,planned,Core remains 110x35; 105x35 plate; world-Y stripes. Extensions consume no standard slot.
roof,Lamp-room roof / parachute launch,extension,parent-attached bay; integer structural seam,False,22x20,maximum tower; wind safety,Late comic parachute descent,Demonstrate safe landing; select calm forecast,obj_parachutepack,interactive_item,1,"PROPOSED, not coded: one usable interaction; no mechanical reason for tiers",standard;on;broken,standard 1; on 4@8fps; broken 1 + shared FX,reach_use,"bottom-centre (11,20); keeper floor anchor (16,40)",obj_parachutepack; shared single chassis/pose,"shared wobble(1px), smoke, intermittent sparks + loose fitting",P2,planned,"Basic parachutepack. Basic: simple manual mechanism and few visible controls. ON: 4-frame use if applicable. Proposed location (15,0), logical frame 22x20; stable usePoint(-8,0), effectOrigin(0,-20), bubbleOrigin(0,-28), z40. New tier mechanics and names require review; existing names preserved."
roof,Lamp-room roof / parachute launch,extension,parent-attached bay; integer structural seam,False,12x12,maximum tower; wind safety,Late comic parachute descent,Demonstrate safe landing; select calm forecast,prop_roof_hatch,dressing_or_activity_prop,1,Supports Late comic parachute descent; single tier,standard,1,reach_use,bottom-centre; water surface top-left,shared prop_roof_hatch,not independently interactive; no repair tier,P2,planned,Separate prop; do not bake interactive furniture into plates. Exact final appearance proposal.
roof,Lamp-room roof / parachute launch,extension,parent-attached bay; integer structural seam,False,12x12,maximum tower; wind safety,Late comic parachute descent,Demonstrate safe landing; select calm forecast,prop_landing_marker,dressing_or_activity_prop,1,Supports Late comic parachute descent; single tier,standard,1,reach_use,bottom-centre; water surface top-left,shared prop_landing_marker,not independently interactive; no repair tier,P2,planned,Separate prop; do not bake interactive furniture into plates. Exact final appearance proposal.
roof,Lamp-room roof / parachute launch,extension,parent-attached bay; integer structural seam,False,32x40,maximum tower; wind safety,Late comic parachute descent,Demonstrate safe landing; select calm forecast,keeper_greet,keeper_clip,0,Reusable task pose,on,5@8fps,greet,"floor (16,40); neck (16,11); shoulders (10,15)/(22,15); hips (13,25)/(19,25)",shared keeper_greet,not repairable,P2,planned,32x40 aligned frames; hand-drawn angles and integer translation; no arbitrary raster rotation.
roof,Lamp-room roof / parachute launch,extension,parent-attached bay; integer structural seam,False,32x40,maximum tower; wind safety,Late comic parachute descent,Demonstrate safe landing; select calm forecast,keeper_idle,keeper_clip,0,Reusable task pose,on,4@6fps,idle,"floor (16,40); neck (16,11); shoulders (10,15)/(22,15); hips (13,25)/(19,25)",shared keeper_idle,not repairable,P2,delivered-review,32x40 aligned frames; hand-drawn angles and integer translation; no arbitrary raster rotation.
roof,Lamp-room roof / parachute launch,extension,parent-attached bay; integer structural seam,False,32x40,maximum tower; wind safety,Late comic parachute descent,Demonstrate safe landing; select calm forecast,keeper_reach_use,keeper_clip,0,Reusable task pose,on,5@10fps,reach_use,"floor (16,40); neck (16,11); shoulders (10,15)/(22,15); hips (13,25)/(19,25)",shared keeper_reach_use,not repairable,P2,planned,32x40 aligned frames; hand-drawn angles and integer translation; no arbitrary raster rotation.
roof,Lamp-room roof / parachute launch,extension,parent-attached bay; integer structural seam,False,32x40,maximum tower; wind safety,Late comic parachute descent,Demonstrate safe landing; select calm forecast,keeper_shrug,keeper_clip,0,Reusable task pose,on,4@8fps,shrug,"floor (16,40); neck (16,11); shoulders (10,15)/(22,15); hips (13,25)/(19,25)",shared keeper_shrug,not repairable,P2,planned,32x40 aligned frames; hand-drawn angles and integer translation; no arbitrary raster rotation.
roof,Lamp-room roof / parachute launch,extension,parent-attached bay; integer structural seam,False,32x40,maximum tower; wind safety,Late comic parachute descent,Demonstrate safe landing; select calm forecast,keeper_walk,keeper_clip,0,Reusable task pose,on,8@10fps,walk,"floor (16,40); neck (16,11); shoulders (10,15)/(22,15); hips (13,25)/(19,25)",shared keeper_walk,not repairable,P2,delivered-review,32x40 aligned frames; hand-drawn angles and integer translation; no arbitrary raster rotation.
roof,Lamp-room roof / parachute launch,extension,parent-attached bay; integer structural seam,False,12x16,maximum tower; wind safety,Late comic parachute descent,Demonstrate safe landing; select calm forecast,fx_broken_smoke,shared_effect,0,Reusable fault/reveal feedback,on,8@8fps,none,"[6, 16]",fx_broken_smoke,overlay; does not move anchors,P2,delivered-review,FX shared; casing/body motion is separately integer-safe.
roof,Lamp-room roof / parachute launch,extension,parent-attached bay; integer structural seam,False,12x12,maximum tower; wind safety,Late comic parachute descent,Demonstrate safe landing; select calm forecast,fx_broken_sparks,shared_effect,0,Reusable fault/reveal feedback,on,6@12fps,none,"[6, 6]",fx_broken_sparks,overlay; does not move anchors,P2,delivered-review,FX shared; casing/body motion is separately integer-safe.
roof,Lamp-room roof / parachute launch,extension,parent-attached bay; integer structural seam,False,64x64,maximum tower; wind safety,Late comic parachute descent,Demonstrate safe landing; select calm forecast,fx_floor_arrival_smoke,shared_effect,0,Reusable fault/reveal feedback,on,8@12fps,none,"[32, 64]",fx_floor_arrival_smoke,overlay; does not move anchors,P2,planned,FX shared; casing/body motion is separately integer-safe.
roof,Lamp-room roof / parachute launch,extension,parent-attached bay; integer structural seam,False,16x16,maximum tower; wind safety,Late comic parachute descent,Demonstrate safe landing; select calm forecast,fx_shine,shared_effect,0,Reusable fault/reveal feedback,on,4@8fps,none,"[8, 16]",fx_shine,overlay; does not move anchors,P2,planned,FX shared; casing/body motion is separately integer-safe.
garden,Garden / raised beds,island,island/shore terrace; no tower stack position,False,55x25,mission unlock; seed supplies,Grow; harvest; water; dig,Choose sunny site; match seeds; nurture and harvest mixed crop,facility_garden,room_plate,0,Separate structure; enables activities below,standard,1,none,"top-left (0,0); floor y=25",room timber/stone/tile palette; no furniture,structure faults use separate interactive components,P2,planned,55x25 patch; three crop slots; fence edge; mission design proposed; absent day one in final design; source: docs/EXPANSION_DESIGN.md
garden,Garden / raised beds,island,island/shore terrace; no tower stack position,False,5x35,mission unlock; seed supplies,Grow; harvest; water; dig,Choose sunny site; match seeds; nurture and harvest mixed crop,seam_island,structural_kit,0,Connect without resizing furniture,standard,1,none,integer parent seam; walking-plane y=0,shared wall/beam/pipe segments,none; parent component controls faults,P2,planned,Core remains 110x35; 105x35 plate; world-Y stripes. Extensions consume no standard slot.
garden,Garden / raised beds,island,island/shore terrace; no tower stack position,False,30x18,mission unlock; seed supplies,Grow; harvest; water; dig,Choose sunny site; match seeds; nurture and harvest mixed crop,obj_garden,interactive_item,1,"Runtime: Tend the garden; 30 game min; fun +12, energy -6, hygiene -10, tidiness +6 (need caps apply); proposed specialist perk: 3 crop yields / 2 completed game days",standard;on;broken,standard 1; on 4@8fps; broken 1 + shared FX,dig,"bottom-centre (15,18); keeper floor anchor (16,40)",obj_garden; shared growing chassis/pose,"shared wobble(1px), smoke, intermittent sparks + broken fence or glass",P2,planned,"Veg patch. Ground patch and three crop slots. ON: 2. Proposed location (19,0), logical frame 30x18; stable usePoint(-8,0), effectOrigin(0,-18), bubbleOrigin(0,-26), z40. New tier mechanics and names require review; existing names preserved."
garden,Garden / raised beds,island,island/shore terrace; no tower stack position,False,30x18,mission unlock; seed supplies,Grow; harvest; water; dig,Choose sunny site; match seeds; nurture and harvest mixed crop,obj_garden_t2,interactive_item,2,"Runtime: Tend the garden; 26 game min; fun +15, energy -6, hygiene -10, tidiness +8 (need caps apply); proposed specialist perk: 6 crop yields / 2 days",standard;on;broken,standard 1; on 4@8fps; broken 1 + shared FX,dig,"bottom-centre (15,18); keeper floor anchor (16,40)",obj_garden; shared growing chassis/pose,"shared wobble(1px), smoke, intermittent sparks + broken fence or glass",P2,planned,"Raised beds. Raised beds with irrigation line. ON: 2. Proposed location (19,0), logical frame 30x18; stable usePoint(-8,0), effectOrigin(0,-18), bubbleOrigin(0,-26), z40. New tier mechanics and names require review; existing names preserved."
garden,Garden / raised beds,island,island/shore terrace; no tower stack position,False,30x18,mission unlock; seed supplies,Grow; harvest; water; dig,Choose sunny site; match seeds; nurture and harvest mixed crop,obj_garden_t3,interactive_item,3,"Runtime: Tend the garden; 21 game min; fun +18, energy -6, hygiene -10, tidiness +9 (need caps apply); proposed specialist perk: 9 crop yields / 2 days",standard;on;broken,standard 1; on 4@8fps; broken 1 + shared FX,dig,"bottom-centre (15,18); keeper floor anchor (16,40)",obj_garden; shared growing chassis/pose,"shared wobble(1px), smoke, intermittent sparks + broken fence or glass",P2,planned,"Greenhouse. Glass greenhouse and protected crop gauge. ON: 2. Proposed location (19,0), logical frame 30x18; stable usePoint(-8,0), effectOrigin(0,-18), bubbleOrigin(0,-26), z40. New tier mechanics and names require review; existing names preserved."
garden,Garden / raised beds,island,island/shore terrace; no tower stack position,False,8x12,mission unlock; seed supplies,Grow; harvest; water; dig,Choose sunny site; match seeds; nurture and harvest mixed crop,obj_wateringcan,interactive_item,1,"PROPOSED, not coded: one usable interaction; no mechanical reason for tiers",standard;on;broken,standard 1; on 4@8fps; broken 1 + shared FX,reach_use,"bottom-centre (4,12); keeper floor anchor (16,40)",obj_wateringcan; shared single chassis/pose,"shared wobble(1px), smoke, intermittent sparks + loose fitting",P2,planned,"Basic wateringcan. Basic: simple manual mechanism and few visible controls. ON: 4-frame use if applicable. Proposed location (42,0), logical frame 8x12; stable usePoint(-8,0), effectOrigin(0,-12), bubbleOrigin(0,-20), z40. New tier mechanics and names require review; existing names preserved."
garden,Garden / raised beds,island,island/shore terrace; no tower stack position,False,12x12,mission unlock; seed supplies,Grow; harvest; water; dig,Choose sunny site; match seeds; nurture and harvest mixed crop,prop_soil_tile,dressing_or_activity_prop,1,Supports Grow; harvest; water; dig; single tier,standard,1,reach_use,bottom-centre; water surface top-left,shared prop_soil_tile,not independently interactive; no repair tier,P2,planned,Separate prop; do not bake interactive furniture into plates. Exact final appearance proposal.
garden,Garden / raised beds,island,island/shore terrace; no tower stack position,False,12x12,mission unlock; seed supplies,Grow; harvest; water; dig,Choose sunny site; match seeds; nurture and harvest mixed crop,prop_crop_stages,dressing_or_activity_prop,1,Supports Grow; harvest; water; dig; single tier,standard,1,reach_use,bottom-centre; water surface top-left,shared prop_crop_stages,not independently interactive; no repair tier,P2,planned,Separate prop; do not bake interactive furniture into plates. Exact final appearance proposal.
garden,Garden / raised beds,island,island/shore terrace; no tower stack position,False,12x12,mission unlock; seed supplies,Grow; harvest; water; dig,Choose sunny site; match seeds; nurture and harvest mixed crop,prop_fence,dressing_or_activity_prop,1,Supports Grow; harvest; water; dig; single tier,standard,1,reach_use,bottom-centre; water surface top-left,shared prop_fence,not independently interactive; no repair tier,P2,planned,Separate prop; do not bake interactive furniture into plates. Exact final appearance proposal.
garden,Garden / raised beds,island,island/shore terrace; no tower stack position,False,32x40,mission unlock; seed supplies,Grow; harvest; water; dig,Choose sunny site; match seeds; nurture and harvest mixed crop,keeper_dig,keeper_clip,0,Reusable task pose,on,8@8fps,dig,"floor (16,40); neck (16,11); shoulders (10,15)/(22,15); hips (13,25)/(19,25)",shared keeper_dig,not repairable,P2,delivered-review,32x40 aligned frames; hand-drawn angles and integer translation; no arbitrary raster rotation.
garden,Garden / raised beds,island,island/shore terrace; no tower stack position,False,32x40,mission unlock; seed supplies,Grow; harvest; water; dig,Choose sunny site; match seeds; nurture and harvest mixed crop,keeper_greet,keeper_clip,0,Reusable task pose,on,5@8fps,greet,"floor (16,40); neck (16,11); shoulders (10,15)/(22,15); hips (13,25)/(19,25)",shared keeper_greet,not repairable,P2,planned,32x40 aligned frames; hand-drawn angles and integer translation; no arbitrary raster rotation.
garden,Garden / raised beds,island,island/shore terrace; no tower stack position,False,32x40,mission unlock; seed supplies,Grow; harvest; water; dig,Choose sunny site; match seeds; nurture and harvest mixed crop,keeper_idle,keeper_clip,0,Reusable task pose,on,4@6fps,idle,"floor (16,40); neck (16,11); shoulders (10,15)/(22,15); hips (13,25)/(19,25)",shared keeper_idle,not repairable,P2,delivered-review,32x40 aligned frames; hand-drawn angles and integer translation; no arbitrary raster rotation.
garden,Garden / raised beds,island,island/shore terrace; no tower stack position,False,32x40,mission unlock; seed supplies,Grow; harvest; water; dig,Choose sunny site; match seeds; nurture and harvest mixed crop,keeper_reach_use,keeper_clip,0,Reusable task pose,on,5@10fps,reach_use,"floor (16,40); neck (16,11); shoulders (10,15)/(22,15); hips (13,25)/(19,25)",shared keeper_reach_use,not repairable,P2,planned,32x40 aligned frames; hand-drawn angles and integer translation; no arbitrary raster rotation.
garden,Garden / raised beds,island,island/shore terrace; no tower stack position,False,32x40,mission unlock; seed supplies,Grow; harvest; water; dig,Choose sunny site; match seeds; nurture and harvest mixed crop,keeper_shrug,keeper_clip,0,Reusable task pose,on,4@8fps,shrug,"floor (16,40); neck (16,11); shoulders (10,15)/(22,15); hips (13,25)/(19,25)",shared keeper_shrug,not repairable,P2,planned,32x40 aligned frames; hand-drawn angles and integer translation; no arbitrary raster rotation.
garden,Garden / raised beds,island,island/shore terrace; no tower stack position,False,32x40,mission unlock; seed supplies,Grow; harvest; water; dig,Choose sunny site; match seeds; nurture and harvest mixed crop,keeper_walk,keeper_clip,0,Reusable task pose,on,8@10fps,walk,"floor (16,40); neck (16,11); shoulders (10,15)/(22,15); hips (13,25)/(19,25)",shared keeper_walk,not repairable,P2,delivered-review,32x40 aligned frames; hand-drawn angles and integer translation; no arbitrary raster rotation.
garden,Garden / raised beds,island,island/shore terrace; no tower stack position,False,12x16,mission unlock; seed supplies,Grow; harvest; water; dig,Choose sunny site; match seeds; nurture and harvest mixed crop,fx_broken_smoke,shared_effect,0,Reusable fault/reveal feedback,on,8@8fps,none,"[6, 16]",fx_broken_smoke,overlay; does not move anchors,P2,delivered-review,FX shared; casing/body motion is separately integer-safe.
garden,Garden / raised beds,island,island/shore terrace; no tower stack position,False,12x12,mission unlock; seed supplies,Grow; harvest; water; dig,Choose sunny site; match seeds; nurture and harvest mixed crop,fx_broken_sparks,shared_effect,0,Reusable fault/reveal feedback,on,6@12fps,none,"[6, 6]",fx_broken_sparks,overlay; does not move anchors,P2,delivered-review,FX shared; casing/body motion is separately integer-safe.
garden,Garden / raised beds,island,island/shore terrace; no tower stack position,False,64x64,mission unlock; seed supplies,Grow; harvest; water; dig,Choose sunny site; match seeds; nurture and harvest mixed crop,fx_floor_arrival_smoke,shared_effect,0,Reusable fault/reveal feedback,on,8@12fps,none,"[32, 64]",fx_floor_arrival_smoke,overlay; does not move anchors,P2,planned,FX shared; casing/body motion is separately integer-safe.
garden,Garden / raised beds,island,island/shore terrace; no tower stack position,False,16x16,mission unlock; seed supplies,Grow; harvest; water; dig,Choose sunny site; match seeds; nurture and harvest mixed crop,fx_shine,shared_effect,0,Reusable fault/reveal feedback,on,4@8fps,none,"[8, 16]",fx_shine,overlay; does not move anchors,P2,planned,FX shared; casing/body motion is separately integer-safe.
greenhouse,Food greenhouse,island,island/shore terrace; no tower stack position,False,66x35,garden; irrigation,Protected crops; water; repair glass,Balance water; grow varied crop; replace glass panel,facility_greenhouse,room_plate,0,Separate structure; enables activities below,standard,1,none,"top-left (0,0); floor y=35",room timber/stone/tile palette; no furniture,structure faults use separate interactive components,P2,planned,66x35 glass house; beds left; irrigation right; proposed separate place or garden tier 3 same asset; source: docs/EXPANSION_DESIGN.md
greenhouse,Food greenhouse,island,island/shore terrace; no tower stack position,False,5x35,garden; irrigation,Protected crops; water; repair glass,Balance water; grow varied crop; replace glass panel,seam_island,structural_kit,0,Connect without resizing furniture,standard,1,none,integer parent seam; walking-plane y=0,shared wall/beam/pipe segments,none; parent component controls faults,P2,planned,Core remains 110x35; 105x35 plate; world-Y stripes. Extensions consume no standard slot.
greenhouse,Food greenhouse,island,island/shore terrace; no tower stack position,False,30x18,garden; irrigation,Protected crops; water; repair glass,Balance water; grow varied crop; replace glass panel,obj_garden,interactive_item,1,"Runtime: Tend the garden; 30 game min; fun +12, energy -6, hygiene -10, tidiness +6 (need caps apply); proposed specialist perk: 3 crop yields / 2 completed game days",standard;on;broken,standard 1; on 4@8fps; broken 1 + shared FX,dig,"bottom-centre (15,18); keeper floor anchor (16,40)",obj_garden; shared growing chassis/pose,"shared wobble(1px), smoke, intermittent sparks + broken fence or glass",P2,planned,"Veg patch. Ground patch and three crop slots. ON: 2. Proposed location (33,0), logical frame 30x18; stable usePoint(-8,0), effectOrigin(0,-18), bubbleOrigin(0,-26), z40. New tier mechanics and names require review; existing names preserved. This station replaces the central activity bay when selected; never draw all stations simultaneously."
greenhouse,Food greenhouse,island,island/shore terrace; no tower stack position,False,30x18,garden; irrigation,Protected crops; water; repair glass,Balance water; grow varied crop; replace glass panel,obj_garden_t2,interactive_item,2,"Runtime: Tend the garden; 26 game min; fun +15, energy -6, hygiene -10, tidiness +8 (need caps apply); proposed specialist perk: 6 crop yields / 2 days",standard;on;broken,standard 1; on 4@8fps; broken 1 + shared FX,dig,"bottom-centre (15,18); keeper floor anchor (16,40)",obj_garden; shared growing chassis/pose,"shared wobble(1px), smoke, intermittent sparks + broken fence or glass",P2,planned,"Raised beds. Raised beds with irrigation line. ON: 2. Proposed location (33,0), logical frame 30x18; stable usePoint(-8,0), effectOrigin(0,-18), bubbleOrigin(0,-26), z40. New tier mechanics and names require review; existing names preserved. This station replaces the central activity bay when selected; never draw all stations simultaneously."
greenhouse,Food greenhouse,island,island/shore terrace; no tower stack position,False,30x18,garden; irrigation,Protected crops; water; repair glass,Balance water; grow varied crop; replace glass panel,obj_garden_t3,interactive_item,3,"Runtime: Tend the garden; 21 game min; fun +18, energy -6, hygiene -10, tidiness +9 (need caps apply); proposed specialist perk: 9 crop yields / 2 days",standard;on;broken,standard 1; on 4@8fps; broken 1 + shared FX,dig,"bottom-centre (15,18); keeper floor anchor (16,40)",obj_garden; shared growing chassis/pose,"shared wobble(1px), smoke, intermittent sparks + broken fence or glass",P2,planned,"Greenhouse. Glass greenhouse and protected crop gauge. ON: 2. Proposed location (33,0), logical frame 30x18; stable usePoint(-8,0), effectOrigin(0,-18), bubbleOrigin(0,-26), z40. New tier mechanics and names require review; existing names preserved. This station replaces the central activity bay when selected; never draw all stations simultaneously."
greenhouse,Food greenhouse,island,island/shore terrace; no tower stack position,False,22x20,garden; irrigation,Protected crops; water; repair glass,Balance water; grow varied crop; replace glass panel,obj_irrigation,interactive_item,1,"PROPOSED, not coded: clean 1 water bay / 20 min",standard;on;broken,standard 1; on 4@8fps; broken 1 + shared FX,wash_back,"bottom-centre (11,20); keeper floor anchor (16,40)",obj_irrigation; shared water chassis/pose,"shared wobble(1px), smoke, intermittent sparks + leaking seal",P2,planned,"Basic irrigation. Single manual pump and pipe. ON: 4-frame water flow. Proposed location (33,0), logical frame 22x20; stable usePoint(-8,0), effectOrigin(0,-20), bubbleOrigin(0,-28), z40. New tier mechanics and names require review; existing names preserved. This station replaces the central activity bay when selected; never draw all stations simultaneously."
greenhouse,Food greenhouse,island,island/shore terrace; no tower stack position,False,22x20,garden; irrigation,Protected crops; water; repair glass,Balance water; grow varied crop; replace glass panel,obj_irrigation_t2,interactive_item,2,"PROPOSED, not coded: 2 bays / 17 min",standard;on;broken,standard 1; on 4@8fps; broken 1 + shared FX,wash_back,"bottom-centre (11,20); keeper floor anchor (16,40)",obj_irrigation; shared water chassis/pose,"shared wobble(1px), smoke, intermittent sparks + leaking seal",P2,planned,"Mid-tier irrigation. Two-way pump with visible valve. ON: 4-frame water flow. Proposed location (33,0), logical frame 22x20; stable usePoint(-8,0), effectOrigin(0,-20), bubbleOrigin(0,-28), z40. New tier mechanics and names require review; existing names preserved. This station replaces the central activity bay when selected; never draw all stations simultaneously."
greenhouse,Food greenhouse,island,island/shore terrace; no tower stack position,False,22x20,garden; irrigation,Protected crops; water; repair glass,Balance water; grow varied crop; replace glass panel,obj_irrigation_t3,interactive_item,3,"PROPOSED, not coded: 3 bays / 14 min",standard;on;broken,standard 1; on 4@8fps; broken 1 + shared FX,wash_back,"bottom-centre (11,20); keeper floor anchor (16,40)",obj_irrigation; shared water chassis/pose,"shared wobble(1px), smoke, intermittent sparks + leaking seal",P2,planned,"Top-tier irrigation. Three-way pump with filtering gauge. ON: 4-frame water flow. Proposed location (33,0), logical frame 22x20; stable usePoint(-8,0), effectOrigin(0,-20), bubbleOrigin(0,-28), z40. New tier mechanics and names require review; existing names preserved. This station replaces the central activity bay when selected; never draw all stations simultaneously."
greenhouse,Food greenhouse,island,island/shore terrace; no tower stack position,False,12x12,garden; irrigation,Protected crops; water; repair glass,Balance water; grow varied crop; replace glass panel,prop_glass_panels,dressing_or_activity_prop,1,Supports Protected crops; water; repair glass; single tier,standard,1,reach_use,bottom-centre; water surface top-left,shared prop_glass_panels,not independently interactive; no repair tier,P2,planned,Separate prop; do not bake interactive furniture into plates. Exact final appearance proposal.
greenhouse,Food greenhouse,island,island/shore terrace; no tower stack position,False,12x12,garden; irrigation,Protected crops; water; repair glass,Balance water; grow varied crop; replace glass panel,prop_crop_stages,dressing_or_activity_prop,1,Supports Protected crops; water; repair glass; single tier,standard,1,reach_use,bottom-centre; water surface top-left,shared prop_crop_stages,not independently interactive; no repair tier,P2,planned,Separate prop; do not bake interactive furniture into plates. Exact final appearance proposal.
greenhouse,Food greenhouse,island,island/shore terrace; no tower stack position,False,32x40,garden; irrigation,Protected crops; water; repair glass,Balance water; grow varied crop; replace glass panel,keeper_dig,keeper_clip,0,Reusable task pose,on,8@8fps,dig,"floor (16,40); neck (16,11); shoulders (10,15)/(22,15); hips (13,25)/(19,25)",shared keeper_dig,not repairable,P2,delivered-review,32x40 aligned frames; hand-drawn angles and integer translation; no arbitrary raster rotation.
greenhouse,Food greenhouse,island,island/shore terrace; no tower stack position,False,32x40,garden; irrigation,Protected crops; water; repair glass,Balance water; grow varied crop; replace glass panel,keeper_greet,keeper_clip,0,Reusable task pose,on,5@8fps,greet,"floor (16,40); neck (16,11); shoulders (10,15)/(22,15); hips (13,25)/(19,25)",shared keeper_greet,not repairable,P2,planned,32x40 aligned frames; hand-drawn angles and integer translation; no arbitrary raster rotation.
greenhouse,Food greenhouse,island,island/shore terrace; no tower stack position,False,32x40,garden; irrigation,Protected crops; water; repair glass,Balance water; grow varied crop; replace glass panel,keeper_idle,keeper_clip,0,Reusable task pose,on,4@6fps,idle,"floor (16,40); neck (16,11); shoulders (10,15)/(22,15); hips (13,25)/(19,25)",shared keeper_idle,not repairable,P2,delivered-review,32x40 aligned frames; hand-drawn angles and integer translation; no arbitrary raster rotation.
greenhouse,Food greenhouse,island,island/shore terrace; no tower stack position,False,32x40,garden; irrigation,Protected crops; water; repair glass,Balance water; grow varied crop; replace glass panel,keeper_reach_use,keeper_clip,0,Reusable task pose,on,5@10fps,reach_use,"floor (16,40); neck (16,11); shoulders (10,15)/(22,15); hips (13,25)/(19,25)",shared keeper_reach_use,not repairable,P2,planned,32x40 aligned frames; hand-drawn angles and integer translation; no arbitrary raster rotation.
greenhouse,Food greenhouse,island,island/shore terrace; no tower stack position,False,32x40,garden; irrigation,Protected crops; water; repair glass,Balance water; grow varied crop; replace glass panel,keeper_shrug,keeper_clip,0,Reusable task pose,on,4@8fps,shrug,"floor (16,40); neck (16,11); shoulders (10,15)/(22,15); hips (13,25)/(19,25)",shared keeper_shrug,not repairable,P2,planned,32x40 aligned frames; hand-drawn angles and integer translation; no arbitrary raster rotation.
greenhouse,Food greenhouse,island,island/shore terrace; no tower stack position,False,32x40,garden; irrigation,Protected crops; water; repair glass,Balance water; grow varied crop; replace glass panel,keeper_walk,keeper_clip,0,Reusable task pose,on,8@10fps,walk,"floor (16,40); neck (16,11); shoulders (10,15)/(22,15); hips (13,25)/(19,25)",shared keeper_walk,not repairable,P2,delivered-review,32x40 aligned frames; hand-drawn angles and integer translation; no arbitrary raster rotation.
greenhouse,Food greenhouse,island,island/shore terrace; no tower stack position,False,32x40,garden; irrigation,Protected crops; water; repair glass,Balance water; grow varied crop; replace glass panel,keeper_wash_back,keeper_clip,0,Reusable task pose,on,8@8fps,wash_back,"floor (16,40); neck (16,11); shoulders (10,15)/(22,15); hips (13,25)/(19,25)",shared keeper_wash_back,not repairable,P2,delivered-review,32x40 aligned frames; hand-drawn angles and integer translation; no arbitrary raster rotation.
greenhouse,Food greenhouse,island,island/shore terrace; no tower stack position,False,12x16,garden; irrigation,Protected crops; water; repair glass,Balance water; grow varied crop; replace glass panel,fx_broken_smoke,shared_effect,0,Reusable fault/reveal feedback,on,8@8fps,none,"[6, 16]",fx_broken_smoke,overlay; does not move anchors,P2,delivered-review,FX shared; casing/body motion is separately integer-safe.
greenhouse,Food greenhouse,island,island/shore terrace; no tower stack position,False,12x12,garden; irrigation,Protected crops; water; repair glass,Balance water; grow varied crop; replace glass panel,fx_broken_sparks,shared_effect,0,Reusable fault/reveal feedback,on,6@12fps,none,"[6, 6]",fx_broken_sparks,overlay; does not move anchors,P2,delivered-review,FX shared; casing/body motion is separately integer-safe.
greenhouse,Food greenhouse,island,island/shore terrace; no tower stack position,False,64x64,garden; irrigation,Protected crops; water; repair glass,Balance water; grow varied crop; replace glass panel,fx_floor_arrival_smoke,shared_effect,0,Reusable fault/reveal feedback,on,8@12fps,none,"[32, 64]",fx_floor_arrival_smoke,overlay; does not move anchors,P2,planned,FX shared; casing/body motion is separately integer-safe.
greenhouse,Food greenhouse,island,island/shore terrace; no tower stack position,False,16x16,garden; irrigation,Protected crops; water; repair glass,Balance water; grow varied crop; replace glass panel,fx_shine,shared_effect,0,Reusable fault/reveal feedback,on,4@8fps,none,"[8, 16]",fx_shine,overlay; does not move anchors,P2,planned,FX shared; casing/body motion is separately integer-safe.
orchard,Orchard,island,island/shore terrace; no tower stack position,False,88x40,island expansion; planting,Fruit; pruning; harvest,Identify saplings; plan spacing; harvest seasonal fruit,facility_orchard,room_plate,0,Separate structure; enables activities below,standard,1,none,"top-left (0,0); floor y=40",room timber/stone/tile palette; no furniture,structure faults use separate interactive components,P2,planned,88x40 terrace; trees in three zones; clear walkway; approved expansion idea; season simulation review; source: docs/EXPANSION_DESIGN.md
orchard,Orchard,island,island/shore terrace; no tower stack position,False,5x35,island expansion; planting,Fruit; pruning; harvest,Identify saplings; plan spacing; harvest seasonal fruit,seam_island,structural_kit,0,Connect without resizing furniture,standard,1,none,integer parent seam; walking-plane y=0,shared wall/beam/pipe segments,none; parent component controls faults,P2,planned,Core remains 110x35; 105x35 plate; world-Y stripes. Extensions consume no standard slot.
orchard,Orchard,island,island/shore terrace; no tower stack position,False,22x20,island expansion; planting,Fruit; pruning; harvest,Identify saplings; plan spacing; harvest seasonal fruit,obj_fruittree,interactive_item,1,"PROPOSED, not coded: 3 crop yields / 2 completed game days",standard;on;broken,standard 1; on 4@8fps; broken 1 + shared FX,dig,"bottom-centre (11,20); keeper floor anchor (16,40)",obj_fruittree; shared growing chassis/pose,"shared wobble(1px), smoke, intermittent sparks + broken fence or glass",P2,planned,"Basic fruittree. Ground patch and three crop slots. ON: 2. Proposed location (15,0), logical frame 22x20; stable usePoint(-8,0), effectOrigin(0,-20), bubbleOrigin(0,-28), z40. New tier mechanics and names require review; existing names preserved."
orchard,Orchard,island,island/shore terrace; no tower stack position,False,22x20,island expansion; planting,Fruit; pruning; harvest,Identify saplings; plan spacing; harvest seasonal fruit,obj_fruittree_t2,interactive_item,2,"PROPOSED, not coded: 6 crop yields / 2 days",standard;on;broken,standard 1; on 4@8fps; broken 1 + shared FX,dig,"bottom-centre (11,20); keeper floor anchor (16,40)",obj_fruittree; shared growing chassis/pose,"shared wobble(1px), smoke, intermittent sparks + broken fence or glass",P2,planned,"Mid-tier fruittree. Raised beds with irrigation line. ON: 2. Proposed location (15,0), logical frame 22x20; stable usePoint(-8,0), effectOrigin(0,-20), bubbleOrigin(0,-28), z40. New tier mechanics and names require review; existing names preserved."
orchard,Orchard,island,island/shore terrace; no tower stack position,False,22x20,island expansion; planting,Fruit; pruning; harvest,Identify saplings; plan spacing; harvest seasonal fruit,obj_fruittree_t3,interactive_item,3,"PROPOSED, not coded: 9 crop yields / 2 days",standard;on;broken,standard 1; on 4@8fps; broken 1 + shared FX,dig,"bottom-centre (11,20); keeper floor anchor (16,40)",obj_fruittree; shared growing chassis/pose,"shared wobble(1px), smoke, intermittent sparks + broken fence or glass",P2,planned,"Top-tier fruittree. Glass greenhouse and protected crop gauge. ON: 2. Proposed location (15,0), logical frame 22x20; stable usePoint(-8,0), effectOrigin(0,-20), bubbleOrigin(0,-28), z40. New tier mechanics and names require review; existing names preserved."
orchard,Orchard,island,island/shore terrace; no tower stack position,False,12x12,island expansion; planting,Fruit; pruning; harvest,Identify saplings; plan spacing; harvest seasonal fruit,prop_tree_stages,dressing_or_activity_prop,1,Supports Fruit; pruning; harvest; single tier,standard,1,reach_use,bottom-centre; water surface top-left,shared prop_tree_stages,not independently interactive; no repair tier,P2,planned,Separate prop; do not bake interactive furniture into plates. Exact final appearance proposal.
orchard,Orchard,island,island/shore terrace; no tower stack position,False,12x12,island expansion; planting,Fruit; pruning; harvest,Identify saplings; plan spacing; harvest seasonal fruit,prop_fruit_crate,dressing_or_activity_prop,1,Supports Fruit; pruning; harvest; single tier,standard,1,reach_use,bottom-centre; water surface top-left,shared prop_fruit_crate,not independently interactive; no repair tier,P2,planned,Separate prop; do not bake interactive furniture into plates. Exact final appearance proposal.
orchard,Orchard,island,island/shore terrace; no tower stack position,False,32x40,island expansion; planting,Fruit; pruning; harvest,Identify saplings; plan spacing; harvest seasonal fruit,keeper_dig,keeper_clip,0,Reusable task pose,on,8@8fps,dig,"floor (16,40); neck (16,11); shoulders (10,15)/(22,15); hips (13,25)/(19,25)",shared keeper_dig,not repairable,P2,delivered-review,32x40 aligned frames; hand-drawn angles and integer translation; no arbitrary raster rotation.
orchard,Orchard,island,island/shore terrace; no tower stack position,False,32x40,island expansion; planting,Fruit; pruning; harvest,Identify saplings; plan spacing; harvest seasonal fruit,keeper_greet,keeper_clip,0,Reusable task pose,on,5@8fps,greet,"floor (16,40); neck (16,11); shoulders (10,15)/(22,15); hips (13,25)/(19,25)",shared keeper_greet,not repairable,P2,planned,32x40 aligned frames; hand-drawn angles and integer translation; no arbitrary raster rotation.
orchard,Orchard,island,island/shore terrace; no tower stack position,False,32x40,island expansion; planting,Fruit; pruning; harvest,Identify saplings; plan spacing; harvest seasonal fruit,keeper_idle,keeper_clip,0,Reusable task pose,on,4@6fps,idle,"floor (16,40); neck (16,11); shoulders (10,15)/(22,15); hips (13,25)/(19,25)",shared keeper_idle,not repairable,P2,delivered-review,32x40 aligned frames; hand-drawn angles and integer translation; no arbitrary raster rotation.
orchard,Orchard,island,island/shore terrace; no tower stack position,False,32x40,island expansion; planting,Fruit; pruning; harvest,Identify saplings; plan spacing; harvest seasonal fruit,keeper_reach_use,keeper_clip,0,Reusable task pose,on,5@10fps,reach_use,"floor (16,40); neck (16,11); shoulders (10,15)/(22,15); hips (13,25)/(19,25)",shared keeper_reach_use,not repairable,P2,planned,32x40 aligned frames; hand-drawn angles and integer translation; no arbitrary raster rotation.
orchard,Orchard,island,island/shore terrace; no tower stack position,False,32x40,island expansion; planting,Fruit; pruning; harvest,Identify saplings; plan spacing; harvest seasonal fruit,keeper_shrug,keeper_clip,0,Reusable task pose,on,4@8fps,shrug,"floor (16,40); neck (16,11); shoulders (10,15)/(22,15); hips (13,25)/(19,25)",shared keeper_shrug,not repairable,P2,planned,32x40 aligned frames; hand-drawn angles and integer translation; no arbitrary raster rotation.
orchard,Orchard,island,island/shore terrace; no tower stack position,False,32x40,island expansion; planting,Fruit; pruning; harvest,Identify saplings; plan spacing; harvest seasonal fruit,keeper_walk,keeper_clip,0,Reusable task pose,on,8@10fps,walk,"floor (16,40); neck (16,11); shoulders (10,15)/(22,15); hips (13,25)/(19,25)",shared keeper_walk,not repairable,P2,delivered-review,32x40 aligned frames; hand-drawn angles and integer translation; no arbitrary raster rotation.
orchard,Orchard,island,island/shore terrace; no tower stack position,False,12x16,island expansion; planting,Fruit; pruning; harvest,Identify saplings; plan spacing; harvest seasonal fruit,fx_broken_smoke,shared_effect,0,Reusable fault/reveal feedback,on,8@8fps,none,"[6, 16]",fx_broken_smoke,overlay; does not move anchors,P2,delivered-review,FX shared; casing/body motion is separately integer-safe.
orchard,Orchard,island,island/shore terrace; no tower stack position,False,12x12,island expansion; planting,Fruit; pruning; harvest,Identify saplings; plan spacing; harvest seasonal fruit,fx_broken_sparks,shared_effect,0,Reusable fault/reveal feedback,on,6@12fps,none,"[6, 6]",fx_broken_sparks,overlay; does not move anchors,P2,delivered-review,FX shared; casing/body motion is separately integer-safe.
orchard,Orchard,island,island/shore terrace; no tower stack position,False,64x64,island expansion; planting,Fruit; pruning; harvest,Identify saplings; plan spacing; harvest seasonal fruit,fx_floor_arrival_smoke,shared_effect,0,Reusable fault/reveal feedback,on,8@12fps,none,"[32, 64]",fx_floor_arrival_smoke,overlay; does not move anchors,P2,planned,FX shared; casing/body motion is separately integer-safe.
orchard,Orchard,island,island/shore terrace; no tower stack position,False,16x16,island expansion; planting,Fruit; pruning; harvest,Identify saplings; plan spacing; harvest seasonal fruit,fx_shine,shared_effect,0,Reusable fault/reveal feedback,on,4@8fps,none,"[8, 16]",fx_shine,overlay; does not move anchors,P2,planned,FX shared; casing/body motion is separately integer-safe.
jetty,Jetty / harbour,island,island/shore terrace; no tower stack position,False,55x15,mission unlock; shoreline,Fish; launch; load supplies,Tie knots; select safe tide; catch and identify fish,facility_jetty,room_plate,0,Separate structure; enables activities below,standard,1,none,"top-left (0,0); floor y=15",room timber/stone/tile palette; no furniture,structure faults use separate interactive components,P2,planned,55x15 dock; floor plane stable; water below; owned repairable; fishing remains reachable; source: docs/EXPANSION_DESIGN.md
jetty,Jetty / harbour,island,island/shore terrace; no tower stack position,False,5x35,mission unlock; shoreline,Fish; launch; load supplies,Tie knots; select safe tide; catch and identify fish,seam_island,structural_kit,0,Connect without resizing furniture,standard,1,none,integer parent seam; walking-plane y=0,shared wall/beam/pipe segments,none; parent component controls faults,P2,planned,Core remains 110x35; 105x35 plate; world-Y stripes. Extensions consume no standard slot.
jetty,Jetty / harbour,island,island/shore terrace; no tower stack position,False,55x15,mission unlock; shoreline,Fish; launch; load supplies,Tie knots; select safe tide; catch and identify fish,obj_jetty,interactive_item,1,"Runtime: Go fishing; 45 game min; fun +22, hunger +14, energy -6, hygiene -4 (need caps apply); proposed specialist perk: 22 fun and 14 hunger / 45 min",standard;on;broken,standard 1; on 4@8fps; broken 1 + shared FX,fish,"bottom-centre (27,15); keeper floor anchor (16,40)",obj_jetty; shared fish chassis/pose,"shared wobble(1px), smoke, intermittent sparks + loose plank",P2,planned,"Rickety jetty. Weathered dock and rod support. ON: 4-frame line. Proposed location (27,0), logical frame 55x15; stable usePoint(-8,0), effectOrigin(0,-15), bubbleOrigin(0,-23), z40. New tier mechanics and names require review; existing names preserved. This station replaces the central activity bay when selected; never draw all stations simultaneously."
jetty,Jetty / harbour,island,island/shore terrace; no tower stack position,False,55x15,mission unlock; shoreline,Fish; launch; load supplies,Tie knots; select safe tide; catch and identify fish,obj_jetty_t2,interactive_item,2,"Runtime: Go fishing; 38 game min; fun +28, hunger +18, energy -6, hygiene -4 (need caps apply); proposed specialist perk: 28 fun and 18 hunger / 38 min",standard;on;broken,standard 1; on 4@8fps; broken 1 + shared FX,fish,"bottom-centre (27,15); keeper floor anchor (16,40)",obj_jetty; shared fish chassis/pose,"shared wobble(1px), smoke, intermittent sparks + loose plank",P2,planned,"Proper jetty. Reinforced dock and bait stand. ON: 4-frame line. Proposed location (27,0), logical frame 55x15; stable usePoint(-8,0), effectOrigin(0,-15), bubbleOrigin(0,-23), z40. New tier mechanics and names require review; existing names preserved. This station replaces the central activity bay when selected; never draw all stations simultaneously."
jetty,Jetty / harbour,island,island/shore terrace; no tower stack position,False,55x15,mission unlock; shoreline,Fish; launch; load supplies,Tie knots; select safe tide; catch and identify fish,obj_jetty_t3,interactive_item,3,"Runtime: Go fishing; 31 game min; fun +33, hunger +21, energy -6, hygiene -4 (need caps apply); proposed specialist perk: 33 fun and 21 hunger / 32 min",standard;on;broken,standard 1; on 4@8fps; broken 1 + shared FX,fish,"bottom-centre (27,15); keeper floor anchor (16,40)",obj_jetty; shared fish chassis/pose,"shared wobble(1px), smoke, intermittent sparks + loose plank",P2,planned,"Harbour with boat shed. Harbour dock with launch fittings. ON: 4-frame line. Proposed location (27,0), logical frame 55x15; stable usePoint(-8,0), effectOrigin(0,-15), bubbleOrigin(0,-23), z40. New tier mechanics and names require review; existing names preserved. This station replaces the central activity bay when selected; never draw all stations simultaneously."
jetty,Jetty / harbour,island,island/shore terrace; no tower stack position,False,12x12,mission unlock; shoreline,Fish; launch; load supplies,Tie knots; select safe tide; catch and identify fish,prop_bollard,dressing_or_activity_prop,1,Supports Fish; launch; load supplies; single tier,standard,1,reach_use,bottom-centre; water surface top-left,shared prop_bollard,not independently interactive; no repair tier,P2,planned,Separate prop; do not bake interactive furniture into plates. Exact final appearance proposal.
jetty,Jetty / harbour,island,island/shore terrace; no tower stack position,False,12x12,mission unlock; shoreline,Fish; launch; load supplies,Tie knots; select safe tide; catch and identify fish,prop_rope,dressing_or_activity_prop,1,Supports Fish; launch; load supplies; single tier,standard,1,reach_use,bottom-centre; water surface top-left,shared prop_rope,not independently interactive; no repair tier,P2,planned,Separate prop; do not bake interactive furniture into plates. Exact final appearance proposal.
jetty,Jetty / harbour,island,island/shore terrace; no tower stack position,False,12x12,mission unlock; shoreline,Fish; launch; load supplies,Tie knots; select safe tide; catch and identify fish,prop_buoy,dressing_or_activity_prop,1,Supports Fish; launch; load supplies; single tier,standard,1,reach_use,bottom-centre; water surface top-left,shared prop_buoy,not independently interactive; no repair tier,P2,planned,Separate prop; do not bake interactive furniture into plates. Exact final appearance proposal.
jetty,Jetty / harbour,island,island/shore terrace; no tower stack position,False,32x40,mission unlock; shoreline,Fish; launch; load supplies,Tie knots; select safe tide; catch and identify fish,keeper_fish,keeper_clip,0,Reusable task pose,on,8@8fps,fish,"floor (16,40); neck (16,11); shoulders (10,15)/(22,15); hips (13,25)/(19,25)",shared keeper_fish,not repairable,P2,planned,32x40 aligned frames; hand-drawn angles and integer translation; no arbitrary raster rotation.
jetty,Jetty / harbour,island,island/shore terrace; no tower stack position,False,32x40,mission unlock; shoreline,Fish; launch; load supplies,Tie knots; select safe tide; catch and identify fish,keeper_greet,keeper_clip,0,Reusable task pose,on,5@8fps,greet,"floor (16,40); neck (16,11); shoulders (10,15)/(22,15); hips (13,25)/(19,25)",shared keeper_greet,not repairable,P2,planned,32x40 aligned frames; hand-drawn angles and integer translation; no arbitrary raster rotation.
jetty,Jetty / harbour,island,island/shore terrace; no tower stack position,False,32x40,mission unlock; shoreline,Fish; launch; load supplies,Tie knots; select safe tide; catch and identify fish,keeper_idle,keeper_clip,0,Reusable task pose,on,4@6fps,idle,"floor (16,40); neck (16,11); shoulders (10,15)/(22,15); hips (13,25)/(19,25)",shared keeper_idle,not repairable,P2,delivered-review,32x40 aligned frames; hand-drawn angles and integer translation; no arbitrary raster rotation.
jetty,Jetty / harbour,island,island/shore terrace; no tower stack position,False,32x40,mission unlock; shoreline,Fish; launch; load supplies,Tie knots; select safe tide; catch and identify fish,keeper_reach_use,keeper_clip,0,Reusable task pose,on,5@10fps,reach_use,"floor (16,40); neck (16,11); shoulders (10,15)/(22,15); hips (13,25)/(19,25)",shared keeper_reach_use,not repairable,P2,planned,32x40 aligned frames; hand-drawn angles and integer translation; no arbitrary raster rotation.
jetty,Jetty / harbour,island,island/shore terrace; no tower stack position,False,32x40,mission unlock; shoreline,Fish; launch; load supplies,Tie knots; select safe tide; catch and identify fish,keeper_shrug,keeper_clip,0,Reusable task pose,on,4@8fps,shrug,"floor (16,40); neck (16,11); shoulders (10,15)/(22,15); hips (13,25)/(19,25)",shared keeper_shrug,not repairable,P2,planned,32x40 aligned frames; hand-drawn angles and integer translation; no arbitrary raster rotation.
jetty,Jetty / harbour,island,island/shore terrace; no tower stack position,False,32x40,mission unlock; shoreline,Fish; launch; load supplies,Tie knots; select safe tide; catch and identify fish,keeper_walk,keeper_clip,0,Reusable task pose,on,8@10fps,walk,"floor (16,40); neck (16,11); shoulders (10,15)/(22,15); hips (13,25)/(19,25)",shared keeper_walk,not repairable,P2,delivered-review,32x40 aligned frames; hand-drawn angles and integer translation; no arbitrary raster rotation.
jetty,Jetty / harbour,island,island/shore terrace; no tower stack position,False,12x16,mission unlock; shoreline,Fish; launch; load supplies,Tie knots; select safe tide; catch and identify fish,fx_broken_smoke,shared_effect,0,Reusable fault/reveal feedback,on,8@8fps,none,"[6, 16]",fx_broken_smoke,overlay; does not move anchors,P2,delivered-review,FX shared; casing/body motion is separately integer-safe.
jetty,Jetty / harbour,island,island/shore terrace; no tower stack position,False,12x12,mission unlock; shoreline,Fish; launch; load supplies,Tie knots; select safe tide; catch and identify fish,fx_broken_sparks,shared_effect,0,Reusable fault/reveal feedback,on,6@12fps,none,"[6, 6]",fx_broken_sparks,overlay; does not move anchors,P2,delivered-review,FX shared; casing/body motion is separately integer-safe.
jetty,Jetty / harbour,island,island/shore terrace; no tower stack position,False,64x64,mission unlock; shoreline,Fish; launch; load supplies,Tie knots; select safe tide; catch and identify fish,fx_floor_arrival_smoke,shared_effect,0,Reusable fault/reveal feedback,on,8@12fps,none,"[32, 64]",fx_floor_arrival_smoke,overlay; does not move anchors,P2,planned,FX shared; casing/body motion is separately integer-safe.
jetty,Jetty / harbour,island,island/shore terrace; no tower stack position,False,16x16,mission unlock; shoreline,Fish; launch; load supplies,Tie knots; select safe tide; catch and identify fish,fx_shine,shared_effect,0,Reusable fault/reveal feedback,on,4@8fps,none,"[8, 16]",fx_shine,overlay; does not move anchors,P2,planned,FX shared; casing/body motion is separately integer-safe.
boathouse,Boathouse / indoor dry dock,island,island/shore terrace; no tower stack position,False,110x50,shoreline expansion; boat; weather,Launch; fuel; clean; repair; load; berth upgrades,Open inlet; check hull; load supplies; safe practice trip,facility_boathouse,room_plate,0,Separate structure; enables activities below,standard,1,none,"top-left (0,0); floor y=50",room timber/stone/tile palette; no furniture,structure faults use separate interactive components,P2,planned,110x50 shore facility; water berth centre; repair bench left; fuel and doors right; approved replacement for garage; capacity/fuel tuning proposal; source: docs/EXPANSION_DESIGN.md
boathouse,Boathouse / indoor dry dock,island,island/shore terrace; no tower stack position,False,5x35,shoreline expansion; boat; weather,Launch; fuel; clean; repair; load; berth upgrades,Open inlet; check hull; load supplies; safe practice trip,seam_island,structural_kit,0,Connect without resizing furniture,standard,1,none,integer parent seam; walking-plane y=0,shared wall/beam/pipe segments,none; parent component controls faults,P2,planned,Core remains 110x35; 105x35 plate; world-Y stripes. Extensions consume no standard slot.
boathouse,Boathouse / indoor dry dock,island,island/shore terrace; no tower stack position,False,55x24,shoreline expansion; boat; weather,Launch; fuel; clean; repair; load; berth upgrades,Open inlet; check hull; load supplies; safe practice trip,obj_boat,interactive_item,1,"PROPOSED, not coded: rowing: 30 min shop leg; 1 crate; no fuel",standard;on;broken,standard 1; on 4@8fps; broken 1 + shared FX,row,"bottom-centre (27,24); keeper floor anchor (16,40)",obj_boat; shared boat chassis/pose,"shared wobble(1px), smoke, intermittent sparks + hull leak or propeller jam",P2,planned,"Rowing boat. Rowboat and oars. ON: 4-frame oars. Proposed location (55,0), logical frame 55x24; stable usePoint(-8,0), effectOrigin(0,-24), bubbleOrigin(0,-32), z40. New tier mechanics and names require review; existing names preserved."
boathouse,Boathouse / indoor dry dock,island,island/shore terrace; no tower stack position,False,55x24,shoreline expansion; boat; weather,Launch; fuel; clean; repair; load; berth upgrades,Open inlet; check hull; load supplies; safe practice trip,obj_boat_t2,interactive_item,2,"PROPOSED, not coded: tug: 20 min shop leg; 2 crates; 4 legs per tank",standard;on;broken,standard 1; on 4@8fps; broken 1 + shared FX,row,"bottom-centre (27,24); keeper floor anchor (16,40)",obj_boat; shared boat chassis/pose,"shared wobble(1px), smoke, intermittent sparks + hull leak or propeller jam",P2,planned,"Tug. Small tug with engine stack. ON: 4-frame oars. Proposed location (55,0), logical frame 55x24; stable usePoint(-8,0), effectOrigin(0,-24), bubbleOrigin(0,-32), z40. New tier mechanics and names require review; existing names preserved."
boathouse,Boathouse / indoor dry dock,island,island/shore terrace; no tower stack position,False,55x24,shoreline expansion; boat; weather,Launch; fuel; clean; repair; load; berth upgrades,Open inlet; check hull; load supplies; safe practice trip,obj_boat_t3,interactive_item,3,"PROPOSED, not coded: speedboat: 10 min shop leg; 3 crates; 6 legs per tank",standard;on;broken,standard 1; on 4@8fps; broken 1 + shared FX,row,"bottom-centre (27,24); keeper floor anchor (16,40)",obj_boat; shared boat chassis/pose,"shared wobble(1px), smoke, intermittent sparks + hull leak or propeller jam",P2,planned,"Speedboat. Compact speedboat with engine hood; shared waterline. ON: 4-frame oars. Proposed location (55,0), logical frame 55x24; stable usePoint(-8,0), effectOrigin(0,-24), bubbleOrigin(0,-32), z40. New tier mechanics and names require review; existing names preserved."
boathouse,Boathouse / indoor dry dock,island,island/shore terrace; no tower stack position,False,22x20,shoreline expansion; boat; weather,Launch; fuel; clean; repair; load; berth upgrades,Open inlet; check hull; load supplies; safe practice trip,obj_seadoors,interactive_item,1,"PROPOSED, not coded: one boat bay open/close in 8 min",standard;on;broken,standard 1; on 4@8fps; broken 1 + shared FX,reach_use,"bottom-centre (11,20); keeper floor anchor (16,40)",obj_seadoors; shared capacity chassis/pose,"shared wobble(1px), smoke, intermittent sparks + jammed mechanism",P2,planned,"Basic seadoors. Basic: simple manual mechanism and few visible controls. ON: 4-frame transfer. Proposed location (87,-25), logical frame 22x20; stable usePoint(-8,0), effectOrigin(0,-20), bubbleOrigin(0,-28), z40. New tier mechanics and names require review; existing names preserved."
boathouse,Boathouse / indoor dry dock,island,island/shore terrace; no tower stack position,False,22x20,shoreline expansion; boat; weather,Launch; fuel; clean; repair; load; berth upgrades,Open inlet; check hull; load supplies; safe practice trip,obj_seadoors_t2,interactive_item,2,"PROPOSED, not coded: one bay in 6 min",standard;on;broken,standard 1; on 4@8fps; broken 1 + shared FX,reach_use,"bottom-centre (11,20); keeper floor anchor (16,40)",obj_seadoors; shared capacity chassis/pose,"shared wobble(1px), smoke, intermittent sparks + jammed mechanism",P2,planned,"Mid-tier seadoors. Mid: sturdier housing; second visible functional control and clear status indicator. ON: 4-frame transfer. Proposed location (87,-25), logical frame 22x20; stable usePoint(-8,0), effectOrigin(0,-20), bubbleOrigin(0,-28), z40. New tier mechanics and names require review; existing names preserved."
boathouse,Boathouse / indoor dry dock,island,island/shore terrace; no tower stack position,False,22x20,shoreline expansion; boat; weather,Launch; fuel; clean; repair; load; berth upgrades,Open inlet; check hull; load supplies; safe practice trip,obj_seadoors_t3,interactive_item,3,"PROPOSED, not coded: one bay in 4 min",standard;on;broken,standard 1; on 4@8fps; broken 1 + shared FX,reach_use,"bottom-centre (11,20); keeper floor anchor (16,40)",obj_seadoors; shared capacity chassis/pose,"shared wobble(1px), smoke, intermittent sparks + jammed mechanism",P2,planned,"Top-tier seadoors. Top: automatic mechanism; readable capacity/output gauge; same anchor and frame bounds. ON: 4-frame transfer. Proposed location (87,-25), logical frame 22x20; stable usePoint(-8,0), effectOrigin(0,-20), bubbleOrigin(0,-28), z40. New tier mechanics and names require review; existing names preserved."
boathouse,Boathouse / indoor dry dock,island,island/shore terrace; no tower stack position,False,22x20,shoreline expansion; boat; weather,Launch; fuel; clean; repair; load; berth upgrades,Open inlet; check hull; load supplies; safe practice trip,obj_fuelpump,interactive_item,1,"PROPOSED, not coded: 1 tank fill / 10 min",standard;on;broken,standard 1; on 4@8fps; broken 1 + shared FX,reach_use,"bottom-centre (11,20); keeper floor anchor (16,40)",obj_fuelpump; shared capacity chassis/pose,"shared wobble(1px), smoke, intermittent sparks + jammed mechanism",P2,planned,"Basic fuelpump. Basic: simple manual mechanism and few visible controls. ON: 4-frame transfer. Proposed location (98,0), logical frame 22x20; stable usePoint(-8,0), effectOrigin(0,-20), bubbleOrigin(0,-28), z40. New tier mechanics and names require review; existing names preserved."
boathouse,Boathouse / indoor dry dock,island,island/shore terrace; no tower stack position,False,22x20,shoreline expansion; boat; weather,Launch; fuel; clean; repair; load; berth upgrades,Open inlet; check hull; load supplies; safe practice trip,obj_fuelpump_t2,interactive_item,2,"PROPOSED, not coded: 1 tank / 8 min",standard;on;broken,standard 1; on 4@8fps; broken 1 + shared FX,reach_use,"bottom-centre (11,20); keeper floor anchor (16,40)",obj_fuelpump; shared capacity chassis/pose,"shared wobble(1px), smoke, intermittent sparks + jammed mechanism",P2,planned,"Mid-tier fuelpump. Mid: sturdier housing; second visible functional control and clear status indicator. ON: 4-frame transfer. Proposed location (98,0), logical frame 22x20; stable usePoint(-8,0), effectOrigin(0,-20), bubbleOrigin(0,-28), z40. New tier mechanics and names require review; existing names preserved."
boathouse,Boathouse / indoor dry dock,island,island/shore terrace; no tower stack position,False,22x20,shoreline expansion; boat; weather,Launch; fuel; clean; repair; load; berth upgrades,Open inlet; check hull; load supplies; safe practice trip,obj_fuelpump_t3,interactive_item,3,"PROPOSED, not coded: 1 tank / 6 min",standard;on;broken,standard 1; on 4@8fps; broken 1 + shared FX,reach_use,"bottom-centre (11,20); keeper floor anchor (16,40)",obj_fuelpump; shared capacity chassis/pose,"shared wobble(1px), smoke, intermittent sparks + jammed mechanism",P2,planned,"Top-tier fuelpump. Top: automatic mechanism; readable capacity/output gauge; same anchor and frame bounds. ON: 4-frame transfer. Proposed location (98,0), logical frame 22x20; stable usePoint(-8,0), effectOrigin(0,-20), bubbleOrigin(0,-28), z40. New tier mechanics and names require review; existing names preserved."
boathouse,Boathouse / indoor dry dock,island,island/shore terrace; no tower stack position,False,22x20,shoreline expansion; boat; weather,Launch; fuel; clean; repair; load; berth upgrades,Open inlet; check hull; load supplies; safe practice trip,obj_marinebench,interactive_item,1,"PROPOSED, not coded: 25 game min per repair",standard;on;broken,standard 1; on 4@8fps; broken 1 + shared FX,cook_back,"bottom-centre (11,20); keeper floor anchor (16,40)",obj_marinebench; shared repair chassis/pose,"shared wobble(1px), smoke, intermittent sparks + jammed tool; repair still possible manually",P2,planned,"Basic marinebench. Hand tools and pegboard. ON: 4-frame tool jig. Proposed location (16,0), logical frame 22x20; stable usePoint(-8,0), effectOrigin(0,-20), bubbleOrigin(0,-28), z40. New tier mechanics and names require review; existing names preserved."
boathouse,Boathouse / indoor dry dock,island,island/shore terrace; no tower stack position,False,22x20,shoreline expansion; boat; weather,Launch; fuel; clean; repair; load; berth upgrades,Open inlet; check hull; load supplies; safe practice trip,obj_marinebench_t2,interactive_item,2,"PROPOSED, not coded: 20 game min per repair",standard;on;broken,standard 1; on 4@8fps; broken 1 + shared FX,cook_back,"bottom-centre (11,20); keeper floor anchor (16,40)",obj_marinebench; shared repair chassis/pose,"shared wobble(1px), smoke, intermittent sparks + jammed tool; repair still possible manually",P2,planned,"Mid-tier marinebench. Powered repair jig. ON: 4-frame tool jig. Proposed location (16,0), logical frame 22x20; stable usePoint(-8,0), effectOrigin(0,-20), bubbleOrigin(0,-28), z40. New tier mechanics and names require review; existing names preserved."
boathouse,Boathouse / indoor dry dock,island,island/shore terrace; no tower stack position,False,22x20,shoreline expansion; boat; weather,Launch; fuel; clean; repair; load; berth upgrades,Open inlet; check hull; load supplies; safe practice trip,obj_marinebench_t3,interactive_item,3,"PROPOSED, not coded: 15 game min per repair",standard;on;broken,standard 1; on 4@8fps; broken 1 + shared FX,cook_back,"bottom-centre (11,20); keeper floor anchor (16,40)",obj_marinebench; shared repair chassis/pose,"shared wobble(1px), smoke, intermittent sparks + jammed tool; repair still possible manually",P2,planned,"Top-tier marinebench. Diagnostic display and efficient tool station; do not promise global fault reduction. ON: 4-frame tool jig. Proposed location (16,0), logical frame 22x20; stable usePoint(-8,0), effectOrigin(0,-20), bubbleOrigin(0,-28), z40. New tier mechanics and names require review; existing names preserved."
boathouse,Boathouse / indoor dry dock,island,island/shore terrace; no tower stack position,False,22x20,shoreline expansion; boat; weather,Launch; fuel; clean; repair; load; berth upgrades,Open inlet; check hull; load supplies; safe practice trip,obj_berth,interactive_item,1,"PROPOSED, not coded: one rowing-size berth; 1 repair station",standard;on;broken,standard 1; on 4@8fps; broken 1 + shared FX,reach_use,"bottom-centre (11,20); keeper floor anchor (16,40)",obj_berth; shared capacity chassis/pose,"shared wobble(1px), smoke, intermittent sparks + jammed mechanism",P2,planned,"Basic berth. Basic: simple manual mechanism and few visible controls. ON: 4-frame transfer. Proposed location (55,-25), logical frame 22x20; stable usePoint(-8,0), effectOrigin(0,-20), bubbleOrigin(0,-28), z40. New tier mechanics and names require review; existing names preserved."
boathouse,Boathouse / indoor dry dock,island,island/shore terrace; no tower stack position,False,22x20,shoreline expansion; boat; weather,Launch; fuel; clean; repair; load; berth upgrades,Open inlet; check hull; load supplies; safe practice trip,obj_berth_t2,interactive_item,2,"PROPOSED, not coded: one tug-size berth; 2 repair stations",standard;on;broken,standard 1; on 4@8fps; broken 1 + shared FX,reach_use,"bottom-centre (11,20); keeper floor anchor (16,40)",obj_berth; shared capacity chassis/pose,"shared wobble(1px), smoke, intermittent sparks + jammed mechanism",P2,planned,"Mid-tier berth. Mid: sturdier housing; second visible functional control and clear status indicator. ON: 4-frame transfer. Proposed location (55,-25), logical frame 22x20; stable usePoint(-8,0), effectOrigin(0,-20), bubbleOrigin(0,-28), z40. New tier mechanics and names require review; existing names preserved."
boathouse,Boathouse / indoor dry dock,island,island/shore terrace; no tower stack position,False,22x20,shoreline expansion; boat; weather,Launch; fuel; clean; repair; load; berth upgrades,Open inlet; check hull; load supplies; safe practice trip,obj_berth_t3,interactive_item,3,"PROPOSED, not coded: one speedboat-size berth; 3 repair stations",standard;on;broken,standard 1; on 4@8fps; broken 1 + shared FX,reach_use,"bottom-centre (11,20); keeper floor anchor (16,40)",obj_berth; shared capacity chassis/pose,"shared wobble(1px), smoke, intermittent sparks + jammed mechanism",P2,planned,"Top-tier berth. Top: automatic mechanism; readable capacity/output gauge; same anchor and frame bounds. ON: 4-frame transfer. Proposed location (55,-25), logical frame 22x20; stable usePoint(-8,0), effectOrigin(0,-20), bubbleOrigin(0,-28), z40. New tier mechanics and names require review; existing names preserved."
boathouse,Boathouse / indoor dry dock,island,island/shore terrace; no tower stack position,False,48x8,shoreline expansion; boat; weather,Launch; fuel; clean; repair; load; berth upgrades,Open inlet; check hull; load supplies; safe practice trip,prop_indoor_water,dressing_or_activity_prop,1,Supports Launch; fuel; clean; repair; load; berth upgrades; single tier,standard;on,on 4@8fps; standard 1,reach_use,bottom-centre; water surface top-left,shared prop_indoor_water,not independently interactive; no repair tier,P2,planned,Separate prop; do not bake interactive furniture into plates. Exact final appearance proposal.
boathouse,Boathouse / indoor dry dock,island,island/shore terrace; no tower stack position,False,12x12,shoreline expansion; boat; weather,Launch; fuel; clean; repair; load; berth upgrades,Open inlet; check hull; load supplies; safe practice trip,prop_buoy,dressing_or_activity_prop,1,Supports Launch; fuel; clean; repair; load; berth upgrades; single tier,standard,1,reach_use,bottom-centre; water surface top-left,shared prop_buoy,not independently interactive; no repair tier,P2,planned,Separate prop; do not bake interactive furniture into plates. Exact final appearance proposal.
boathouse,Boathouse / indoor dry dock,island,island/shore terrace; no tower stack position,False,12x12,shoreline expansion; boat; weather,Launch; fuel; clean; repair; load; berth upgrades,Open inlet; check hull; load supplies; safe practice trip,prop_seaweed,dressing_or_activity_prop,1,Supports Launch; fuel; clean; repair; load; berth upgrades; single tier,standard,1,reach_use,bottom-centre; water surface top-left,shared prop_seaweed,not independently interactive; no repair tier,P2,planned,Separate prop; do not bake interactive furniture into plates. Exact final appearance proposal.
boathouse,Boathouse / indoor dry dock,island,island/shore terrace; no tower stack position,False,12x12,shoreline expansion; boat; weather,Launch; fuel; clean; repair; load; berth upgrades,Open inlet; check hull; load supplies; safe practice trip,prop_cargo,dressing_or_activity_prop,1,Supports Launch; fuel; clean; repair; load; berth upgrades; single tier,standard,1,reach_use,bottom-centre; water surface top-left,shared prop_cargo,not independently interactive; no repair tier,P2,planned,Separate prop; do not bake interactive furniture into plates. Exact final appearance proposal.
boathouse,Boathouse / indoor dry dock,island,island/shore terrace; no tower stack position,False,32x40,shoreline expansion; boat; weather,Launch; fuel; clean; repair; load; berth upgrades,Open inlet; check hull; load supplies; safe practice trip,keeper_cook_back,keeper_clip,0,Reusable task pose,on,8@8fps,cook_back,"floor (16,40); neck (16,11); shoulders (10,15)/(22,15); hips (13,25)/(19,25)",shared keeper_cook_back,not repairable,P2,delivered-review,32x40 aligned frames; hand-drawn angles and integer translation; no arbitrary raster rotation.
boathouse,Boathouse / indoor dry dock,island,island/shore terrace; no tower stack position,False,32x40,shoreline expansion; boat; weather,Launch; fuel; clean; repair; load; berth upgrades,Open inlet; check hull; load supplies; safe practice trip,keeper_greet,keeper_clip,0,Reusable task pose,on,5@8fps,greet,"floor (16,40); neck (16,11); shoulders (10,15)/(22,15); hips (13,25)/(19,25)",shared keeper_greet,not repairable,P2,planned,32x40 aligned frames; hand-drawn angles and integer translation; no arbitrary raster rotation.
boathouse,Boathouse / indoor dry dock,island,island/shore terrace; no tower stack position,False,32x40,shoreline expansion; boat; weather,Launch; fuel; clean; repair; load; berth upgrades,Open inlet; check hull; load supplies; safe practice trip,keeper_idle,keeper_clip,0,Reusable task pose,on,4@6fps,idle,"floor (16,40); neck (16,11); shoulders (10,15)/(22,15); hips (13,25)/(19,25)",shared keeper_idle,not repairable,P2,delivered-review,32x40 aligned frames; hand-drawn angles and integer translation; no arbitrary raster rotation.
boathouse,Boathouse / indoor dry dock,island,island/shore terrace; no tower stack position,False,32x40,shoreline expansion; boat; weather,Launch; fuel; clean; repair; load; berth upgrades,Open inlet; check hull; load supplies; safe practice trip,keeper_reach_use,keeper_clip,0,Reusable task pose,on,5@10fps,reach_use,"floor (16,40); neck (16,11); shoulders (10,15)/(22,15); hips (13,25)/(19,25)",shared keeper_reach_use,not repairable,P2,planned,32x40 aligned frames; hand-drawn angles and integer translation; no arbitrary raster rotation.
boathouse,Boathouse / indoor dry dock,island,island/shore terrace; no tower stack position,False,32x40,shoreline expansion; boat; weather,Launch; fuel; clean; repair; load; berth upgrades,Open inlet; check hull; load supplies; safe practice trip,keeper_row,keeper_clip,0,Reusable task pose,on,8@8fps,row,"floor (16,40); neck (16,11); shoulders (10,15)/(22,15); hips (13,25)/(19,25)",shared keeper_row,not repairable,P2,planned,32x40 aligned frames; hand-drawn angles and integer translation; no arbitrary raster rotation.
boathouse,Boathouse / indoor dry dock,island,island/shore terrace; no tower stack position,False,32x40,shoreline expansion; boat; weather,Launch; fuel; clean; repair; load; berth upgrades,Open inlet; check hull; load supplies; safe practice trip,keeper_shrug,keeper_clip,0,Reusable task pose,on,4@8fps,shrug,"floor (16,40); neck (16,11); shoulders (10,15)/(22,15); hips (13,25)/(19,25)",shared keeper_shrug,not repairable,P2,planned,32x40 aligned frames; hand-drawn angles and integer translation; no arbitrary raster rotation.
boathouse,Boathouse / indoor dry dock,island,island/shore terrace; no tower stack position,False,32x40,shoreline expansion; boat; weather,Launch; fuel; clean; repair; load; berth upgrades,Open inlet; check hull; load supplies; safe practice trip,keeper_walk,keeper_clip,0,Reusable task pose,on,8@10fps,walk,"floor (16,40); neck (16,11); shoulders (10,15)/(22,15); hips (13,25)/(19,25)",shared keeper_walk,not repairable,P2,delivered-review,32x40 aligned frames; hand-drawn angles and integer translation; no arbitrary raster rotation.
boathouse,Boathouse / indoor dry dock,island,island/shore terrace; no tower stack position,False,12x16,shoreline expansion; boat; weather,Launch; fuel; clean; repair; load; berth upgrades,Open inlet; check hull; load supplies; safe practice trip,fx_broken_smoke,shared_effect,0,Reusable fault/reveal feedback,on,8@8fps,none,"[6, 16]",fx_broken_smoke,overlay; does not move anchors,P2,delivered-review,FX shared; casing/body motion is separately integer-safe.
boathouse,Boathouse / indoor dry dock,island,island/shore terrace; no tower stack position,False,12x12,shoreline expansion; boat; weather,Launch; fuel; clean; repair; load; berth upgrades,Open inlet; check hull; load supplies; safe practice trip,fx_broken_sparks,shared_effect,0,Reusable fault/reveal feedback,on,6@12fps,none,"[6, 6]",fx_broken_sparks,overlay; does not move anchors,P2,delivered-review,FX shared; casing/body motion is separately integer-safe.
boathouse,Boathouse / indoor dry dock,island,island/shore terrace; no tower stack position,False,64x64,shoreline expansion; boat; weather,Launch; fuel; clean; repair; load; berth upgrades,Open inlet; check hull; load supplies; safe practice trip,fx_floor_arrival_smoke,shared_effect,0,Reusable fault/reveal feedback,on,8@12fps,none,"[32, 64]",fx_floor_arrival_smoke,overlay; does not move anchors,P2,planned,FX shared; casing/body motion is separately integer-safe.
boathouse,Boathouse / indoor dry dock,island,island/shore terrace; no tower stack position,False,16x16,shoreline expansion; boat; weather,Launch; fuel; clean; repair; load; berth upgrades,Open inlet; check hull; load supplies; safe practice trip,fx_shine,shared_effect,0,Reusable fault/reveal feedback,on,4@8fps,none,"[8, 16]",fx_shine,overlay; does not move anchors,P2,planned,FX shared; casing/body motion is separately integer-safe.
shop,Off-island shop,destination,off-island; boat route,False,66x35,boat; safe route,Buy supplies; reserve orders; meet proprietor,Early route puzzle and first shopping trip,facility_shop,room_plate,0,Separate structure; enables activities below,standard,1,none,"top-left (0,0); floor y=35",room timber/stone/tile palette; no furniture,structure faults use separate interactive components,P2,planned,66x35 destination; shopfront left; landing right; not keeper-owned; no broken or repair state; source: docs/EXPANSION_DESIGN.md
shop,Off-island shop,destination,off-island; boat route,False,5x35,boat; safe route,Buy supplies; reserve orders; meet proprietor,Early route puzzle and first shopping trip,seam_destination,structural_kit,0,Connect without resizing furniture,standard,1,none,integer parent seam; walking-plane y=0,shared wall/beam/pipe segments,none; parent component controls faults,P2,planned,Core remains 110x35; 105x35 plate; world-Y stripes. Extensions consume no standard slot.
shop,Off-island shop,destination,off-island; boat route,False,33x30,boat; safe route,Buy supplies; reserve orders; meet proprietor,Early route puzzle and first shopping trip,obj_shop,interactive_item,1,"PROPOSED, not coded: one usable interaction; no mechanical reason for tiers",standard;on,standard 1; on 1,reach_use,"bottom-centre (16,30); keeper floor anchor (16,40)",obj_shop; shared single chassis/pose,none: proprietor-owned,P2,planned,"Basic shop. Basic: simple manual mechanism and few visible controls. ON: open doorway/engaged entrance, explicitly delivered at every tier. Proposed location (20,0), logical frame 33x30; stable usePoint(-8,0), effectOrigin(0,-30), bubbleOrigin(0,-38), z40. New tier mechanics and names require review; existing names preserved."
shop,Off-island shop,destination,off-island; boat route,False,12x12,boat; safe route,Buy supplies; reserve orders; meet proprietor,Early route puzzle and first shopping trip,prop_shop_counter,dressing_or_activity_prop,1,Supports Buy supplies; reserve orders; meet proprietor; single tier,standard,1,reach_use,bottom-centre; water surface top-left,shared prop_shop_counter,not independently interactive; no repair tier,P2,planned,Separate prop; do not bake interactive furniture into plates. Exact final appearance proposal.
shop,Off-island shop,destination,off-island; boat route,False,12x12,boat; safe route,Buy supplies; reserve orders; meet proprietor,Early route puzzle and first shopping trip,prop_supplies,dressing_or_activity_prop,1,Supports Buy supplies; reserve orders; meet proprietor; single tier,standard,1,reach_use,bottom-centre; water surface top-left,shared prop_supplies,not independently interactive; no repair tier,P2,planned,Separate prop; do not bake interactive furniture into plates. Exact final appearance proposal.
shop,Off-island shop,destination,off-island; boat route,False,12x12,boat; safe route,Buy supplies; reserve orders; meet proprietor,Early route puzzle and first shopping trip,prop_proprietor,dressing_or_activity_prop,1,Supports Buy supplies; reserve orders; meet proprietor; single tier,standard,1,reach_use,bottom-centre; water surface top-left,shared prop_proprietor,not independently interactive; no repair tier,P2,planned,Separate prop; do not bake interactive furniture into plates. Exact final appearance proposal.
shop,Off-island shop,destination,off-island; boat route,False,32x40,boat; safe route,Buy supplies; reserve orders; meet proprietor,Early route puzzle and first shopping trip,keeper_greet,keeper_clip,0,Reusable task pose,on,5@8fps,greet,"floor (16,40); neck (16,11); shoulders (10,15)/(22,15); hips (13,25)/(19,25)",shared keeper_greet,not repairable,P2,planned,32x40 aligned frames; hand-drawn angles and integer translation; no arbitrary raster rotation.
shop,Off-island shop,destination,off-island; boat route,False,32x40,boat; safe route,Buy supplies; reserve orders; meet proprietor,Early route puzzle and first shopping trip,keeper_idle,keeper_clip,0,Reusable task pose,on,4@6fps,idle,"floor (16,40); neck (16,11); shoulders (10,15)/(22,15); hips (13,25)/(19,25)",shared keeper_idle,not repairable,P2,delivered-review,32x40 aligned frames; hand-drawn angles and integer translation; no arbitrary raster rotation.
shop,Off-island shop,destination,off-island; boat route,False,32x40,boat; safe route,Buy supplies; reserve orders; meet proprietor,Early route puzzle and first shopping trip,keeper_reach_use,keeper_clip,0,Reusable task pose,on,5@10fps,reach_use,"floor (16,40); neck (16,11); shoulders (10,15)/(22,15); hips (13,25)/(19,25)",shared keeper_reach_use,not repairable,P2,planned,32x40 aligned frames; hand-drawn angles and integer translation; no arbitrary raster rotation.
shop,Off-island shop,destination,off-island; boat route,False,32x40,boat; safe route,Buy supplies; reserve orders; meet proprietor,Early route puzzle and first shopping trip,keeper_shrug,keeper_clip,0,Reusable task pose,on,4@8fps,shrug,"floor (16,40); neck (16,11); shoulders (10,15)/(22,15); hips (13,25)/(19,25)",shared keeper_shrug,not repairable,P2,planned,32x40 aligned frames; hand-drawn angles and integer translation; no arbitrary raster rotation.
shop,Off-island shop,destination,off-island; boat route,False,32x40,boat; safe route,Buy supplies; reserve orders; meet proprietor,Early route puzzle and first shopping trip,keeper_walk,keeper_clip,0,Reusable task pose,on,8@10fps,walk,"floor (16,40); neck (16,11); shoulders (10,15)/(22,15); hips (13,25)/(19,25)",shared keeper_walk,not repairable,P2,delivered-review,32x40 aligned frames; hand-drawn angles and integer translation; no arbitrary raster rotation.
shop,Off-island shop,destination,off-island; boat route,False,64x64,boat; safe route,Buy supplies; reserve orders; meet proprietor,Early route puzzle and first shopping trip,fx_floor_arrival_smoke,shared_effect,0,Reusable fault/reveal feedback,on,8@12fps,none,"[32, 64]",fx_floor_arrival_smoke,overlay; does not move anchors,P2,planned,FX shared; casing/body motion is separately integer-safe.
shop,Off-island shop,destination,off-island; boat route,False,16x16,boat; safe route,Buy supplies; reserve orders; meet proprietor,Early route puzzle and first shopping trip,fx_shine,shared_effect,0,Reusable fault/reveal feedback,on,4@8fps,none,"[8, 16]",fx_shine,overlay; does not move anchors,P2,planned,FX shared; casing/body motion is separately integer-safe.
coop,Chicken coop,island,island/shore terrace; no tower stack position,False,55x35,mission unlock; food,Feed; eggs; tidy; latch repair,Build latch; identify feed; care routine with distinct tasks,facility_coop,room_plate,0,Separate structure; enables activities below,standard,1,none,"top-left (0,0); floor y=35",room timber/stone/tile palette; no furniture,structure faults use separate interactive components,P2,planned,55x35 patch; coop left; run right; approved idea; no day-one coop; source: docs/EXPANSION_DESIGN.md
coop,Chicken coop,island,island/shore terrace; no tower stack position,False,5x35,mission unlock; food,Feed; eggs; tidy; latch repair,Build latch; identify feed; care routine with distinct tasks,seam_island,structural_kit,0,Connect without resizing furniture,standard,1,none,integer parent seam; walking-plane y=0,shared wall/beam/pipe segments,none; parent component controls faults,P2,planned,Core remains 110x35; 105x35 plate; world-Y stripes. Extensions consume no standard slot.
coop,Chicken coop,island,island/shore terrace; no tower stack position,False,22x20,mission unlock; food,Feed; eggs; tidy; latch repair,Build latch; identify feed; care routine with distinct tasks,obj_coop,interactive_item,1,"PROPOSED, not coded: 10 pet-care points / 12 min",standard;on;broken,standard 1; on 4@8fps; broken 1 + shared FX,chicken_care,"bottom-centre (11,20); keeper floor anchor (16,40)",obj_coop; shared pet chassis/pose,"shared wobble(1px), smoke, intermittent sparks + broken latch or feed jam",P2,planned,"Basic coop. Plain bowl or simple hand-fed coop. ON: 4-frame feeding. Proposed location (27,0), logical frame 22x20; stable usePoint(-8,0), effectOrigin(0,-20), bubbleOrigin(0,-28), z40. New tier mechanics and names require review; existing names preserved. This station replaces the central activity bay when selected; never draw all stations simultaneously."
coop,Chicken coop,island,island/shore terrace; no tower stack position,False,22x20,mission unlock; food,Feed; eggs; tidy; latch repair,Build latch; identify feed; care routine with distinct tasks,obj_coop_t2,interactive_item,2,"PROPOSED, not coded: 15 pet-care points / 10 min",standard;on;broken,standard 1; on 4@8fps; broken 1 + shared FX,chicken_care,"bottom-centre (11,20); keeper floor anchor (16,40)",obj_coop; shared pet chassis/pose,"shared wobble(1px), smoke, intermittent sparks + broken latch or feed jam",P2,planned,"Mid-tier coop. Sturdier vessel with visible larger feed measure. ON: 4-frame feeding. Proposed location (27,0), logical frame 22x20; stable usePoint(-8,0), effectOrigin(0,-20), bubbleOrigin(0,-28), z40. New tier mechanics and names require review; existing names preserved. This station replaces the central activity bay when selected; never draw all stations simultaneously."
coop,Chicken coop,island,island/shore terrace; no tower stack position,False,22x20,mission unlock; food,Feed; eggs; tidy; latch repair,Build latch; identify feed; care routine with distinct tasks,obj_coop_t3,interactive_item,3,"PROPOSED, not coded: 20 pet-care points / 8 min",standard;on;broken,standard 1; on 4@8fps; broken 1 + shared FX,chicken_care,"bottom-centre (11,20); keeper floor anchor (16,40)",obj_coop; shared pet chassis/pose,"shared wobble(1px), smoke, intermittent sparks + broken latch or feed jam",P2,planned,"Top-tier coop. Automatic feed dispenser and timed indicator. ON: 4-frame feeding. Proposed location (27,0), logical frame 22x20; stable usePoint(-8,0), effectOrigin(0,-20), bubbleOrigin(0,-28), z40. New tier mechanics and names require review; existing names preserved. This station replaces the central activity bay when selected; never draw all stations simultaneously."
coop,Chicken coop,island,island/shore terrace; no tower stack position,False,22x20,mission unlock; food,Feed; eggs; tidy; latch repair,Build latch; identify feed; care routine with distinct tasks,obj_eggtray,interactive_item,1,"PROPOSED, not coded: 4 item slots",standard;on;broken,standard 1; on 4@8fps; broken 1 + shared FX,reach_use,"bottom-centre (11,20); keeper floor anchor (16,40)",obj_eggtray; shared storage chassis/pose,"shared wobble(1px), smoke, intermittent sparks + jammed hinge; contents never destroyed",P2,planned,"Basic eggtray. Small four-slot shelves or single chest. ON: 4-frame opening. Proposed location (27,0), logical frame 22x20; stable usePoint(-8,0), effectOrigin(0,-20), bubbleOrigin(0,-28), z40. New tier mechanics and names require review; existing names preserved. This station replaces the central activity bay when selected; never draw all stations simultaneously."
coop,Chicken coop,island,island/shore terrace; no tower stack position,False,22x20,mission unlock; food,Feed; eggs; tidy; latch repair,Build latch; identify feed; care routine with distinct tasks,obj_eggtray_t2,interactive_item,2,"PROPOSED, not coded: 8 item slots",standard;on;broken,standard 1; on 4@8fps; broken 1 + shared FX,reach_use,"bottom-centre (11,20); keeper floor anchor (16,40)",obj_eggtray; shared storage chassis/pose,"shared wobble(1px), smoke, intermittent sparks + jammed hinge; contents never destroyed",P2,planned,"Mid-tier eggtray. Divided eight-slot cabinet with double doors. ON: 4-frame opening. Proposed location (27,0), logical frame 22x20; stable usePoint(-8,0), effectOrigin(0,-20), bubbleOrigin(0,-28), z40. New tier mechanics and names require review; existing names preserved. This station replaces the central activity bay when selected; never draw all stations simultaneously."
coop,Chicken coop,island,island/shore terrace; no tower stack position,False,22x20,mission unlock; food,Feed; eggs; tidy; latch repair,Build latch; identify feed; care routine with distinct tasks,obj_eggtray_t3,interactive_item,3,"PROPOSED, not coded: 12 item slots",standard;on;broken,standard 1; on 4@8fps; broken 1 + shared FX,reach_use,"bottom-centre (11,20); keeper floor anchor (16,40)",obj_eggtray; shared storage chassis/pose,"shared wobble(1px), smoke, intermittent sparks + jammed hinge; contents never destroyed",P2,planned,"Top-tier eggtray. Twelve-slot cabinet with labelled bays; same footprint. ON: 4-frame opening. Proposed location (27,0), logical frame 22x20; stable usePoint(-8,0), effectOrigin(0,-20), bubbleOrigin(0,-28), z40. New tier mechanics and names require review; existing names preserved. This station replaces the central activity bay when selected; never draw all stations simultaneously."
coop,Chicken coop,island,island/shore terrace; no tower stack position,False,12x12,mission unlock; food,Feed; eggs; tidy; latch repair,Build latch; identify feed; care routine with distinct tasks,prop_chicken_idle,dressing_or_activity_prop,1,Supports Feed; eggs; tidy; latch repair; single tier,standard;on,on 4@8fps; standard 1,reach_use,bottom-centre; water surface top-left,shared prop_chicken_idle,not independently interactive; no repair tier,P2,planned,Separate prop; do not bake interactive furniture into plates. Exact final appearance proposal.
coop,Chicken coop,island,island/shore terrace; no tower stack position,False,12x12,mission unlock; food,Feed; eggs; tidy; latch repair,Build latch; identify feed; care routine with distinct tasks,prop_chicken_peck,dressing_or_activity_prop,1,Supports Feed; eggs; tidy; latch repair; single tier,standard;on,on 4@8fps; standard 1,reach_use,bottom-centre; water surface top-left,shared prop_chicken_peck,not independently interactive; no repair tier,P2,planned,Separate prop; do not bake interactive furniture into plates. Exact final appearance proposal.
coop,Chicken coop,island,island/shore terrace; no tower stack position,False,12x12,mission unlock; food,Feed; eggs; tidy; latch repair,Build latch; identify feed; care routine with distinct tasks,prop_straw,dressing_or_activity_prop,1,Supports Feed; eggs; tidy; latch repair; single tier,standard,1,reach_use,bottom-centre; water surface top-left,shared prop_straw,not independently interactive; no repair tier,P2,planned,Separate prop; do not bake interactive furniture into plates. Exact final appearance proposal.
coop,Chicken coop,island,island/shore terrace; no tower stack position,False,32x40,mission unlock; food,Feed; eggs; tidy; latch repair,Build latch; identify feed; care routine with distinct tasks,keeper_chicken_care,keeper_clip,0,Reusable task pose,on,6@8fps,chicken_care,"floor (16,40); neck (16,11); shoulders (10,15)/(22,15); hips (13,25)/(19,25)",shared keeper_chicken_care,not repairable,P2,planned,32x40 aligned frames; hand-drawn angles and integer translation; no arbitrary raster rotation.
coop,Chicken coop,island,island/shore terrace; no tower stack position,False,32x40,mission unlock; food,Feed; eggs; tidy; latch repair,Build latch; identify feed; care routine with distinct tasks,keeper_greet,keeper_clip,0,Reusable task pose,on,5@8fps,greet,"floor (16,40); neck (16,11); shoulders (10,15)/(22,15); hips (13,25)/(19,25)",shared keeper_greet,not repairable,P2,planned,32x40 aligned frames; hand-drawn angles and integer translation; no arbitrary raster rotation.
coop,Chicken coop,island,island/shore terrace; no tower stack position,False,32x40,mission unlock; food,Feed; eggs; tidy; latch repair,Build latch; identify feed; care routine with distinct tasks,keeper_idle,keeper_clip,0,Reusable task pose,on,4@6fps,idle,"floor (16,40); neck (16,11); shoulders (10,15)/(22,15); hips (13,25)/(19,25)",shared keeper_idle,not repairable,P2,delivered-review,32x40 aligned frames; hand-drawn angles and integer translation; no arbitrary raster rotation.
coop,Chicken coop,island,island/shore terrace; no tower stack position,False,32x40,mission unlock; food,Feed; eggs; tidy; latch repair,Build latch; identify feed; care routine with distinct tasks,keeper_reach_use,keeper_clip,0,Reusable task pose,on,5@10fps,reach_use,"floor (16,40); neck (16,11); shoulders (10,15)/(22,15); hips (13,25)/(19,25)",shared keeper_reach_use,not repairable,P2,planned,32x40 aligned frames; hand-drawn angles and integer translation; no arbitrary raster rotation.
coop,Chicken coop,island,island/shore terrace; no tower stack position,False,32x40,mission unlock; food,Feed; eggs; tidy; latch repair,Build latch; identify feed; care routine with distinct tasks,keeper_shrug,keeper_clip,0,Reusable task pose,on,4@8fps,shrug,"floor (16,40); neck (16,11); shoulders (10,15)/(22,15); hips (13,25)/(19,25)",shared keeper_shrug,not repairable,P2,planned,32x40 aligned frames; hand-drawn angles and integer translation; no arbitrary raster rotation.
coop,Chicken coop,island,island/shore terrace; no tower stack position,False,32x40,mission unlock; food,Feed; eggs; tidy; latch repair,Build latch; identify feed; care routine with distinct tasks,keeper_walk,keeper_clip,0,Reusable task pose,on,8@10fps,walk,"floor (16,40); neck (16,11); shoulders (10,15)/(22,15); hips (13,25)/(19,25)",shared keeper_walk,not repairable,P2,delivered-review,32x40 aligned frames; hand-drawn angles and integer translation; no arbitrary raster rotation.
coop,Chicken coop,island,island/shore terrace; no tower stack position,False,12x16,mission unlock; food,Feed; eggs; tidy; latch repair,Build latch; identify feed; care routine with distinct tasks,fx_broken_smoke,shared_effect,0,Reusable fault/reveal feedback,on,8@8fps,none,"[6, 16]",fx_broken_smoke,overlay; does not move anchors,P2,delivered-review,FX shared; casing/body motion is separately integer-safe.
coop,Chicken coop,island,island/shore terrace; no tower stack position,False,12x12,mission unlock; food,Feed; eggs; tidy; latch repair,Build latch; identify feed; care routine with distinct tasks,fx_broken_sparks,shared_effect,0,Reusable fault/reveal feedback,on,6@12fps,none,"[6, 6]",fx_broken_sparks,overlay; does not move anchors,P2,delivered-review,FX shared; casing/body motion is separately integer-safe.
coop,Chicken coop,island,island/shore terrace; no tower stack position,False,64x64,mission unlock; food,Feed; eggs; tidy; latch repair,Build latch; identify feed; care routine with distinct tasks,fx_floor_arrival_smoke,shared_effect,0,Reusable fault/reveal feedback,on,8@12fps,none,"[32, 64]",fx_floor_arrival_smoke,overlay; does not move anchors,P2,planned,FX shared; casing/body motion is separately integer-safe.
coop,Chicken coop,island,island/shore terrace; no tower stack position,False,16x16,mission unlock; food,Feed; eggs; tidy; latch repair,Build latch; identify feed; care routine with distinct tasks,fx_shine,shared_effect,0,Reusable fault/reveal feedback,on,4@8fps,none,"[8, 16]",fx_shine,overlay; does not move anchors,P2,planned,FX shared; casing/body motion is separately integer-safe.
lido,Outdoor pool / lido,island,island/shore terrace; no tower stack position,False,110x45,boiler; water pump; expanded terrace,Swim; float; picnic; gentle rescue,Check water; rescue float; warm pool,facility_lido,room_plate,0,Separate structure; enables activities below,standard,1,none,"top-left (0,0); floor y=45",room timber/stone/tile palette; no furniture,structure faults use separate interactive components,P2,planned,110x45 terrace; large water basin and tiled edge; approved spectacle idea; footprint proposal; source: docs/EXPANSION_DESIGN.md
lido,Outdoor pool / lido,island,island/shore terrace; no tower stack position,False,5x35,boiler; water pump; expanded terrace,Swim; float; picnic; gentle rescue,Check water; rescue float; warm pool,seam_island,structural_kit,0,Connect without resizing furniture,standard,1,none,integer parent seam; walking-plane y=0,shared wall/beam/pipe segments,none; parent component controls faults,P2,planned,Core remains 110x35; 105x35 plate; world-Y stripes. Extensions consume no standard slot.
lido,Outdoor pool / lido,island,island/shore terrace; no tower stack position,False,22x20,boiler; water pump; expanded terrace,Swim; float; picnic; gentle rescue,Check water; rescue float; warm pool,obj_poolpump,interactive_item,1,"PROPOSED, not coded: clean 1 water bay / 20 min",standard;on;broken,standard 1; on 4@8fps; broken 1 + shared FX,wash_back,"bottom-centre (11,20); keeper floor anchor (16,40)",obj_poolpump; shared water chassis/pose,"shared wobble(1px), smoke, intermittent sparks + leaking seal",P2,planned,"Basic poolpump. Single manual pump and pipe. ON: 4-frame water flow. Proposed location (15,0), logical frame 22x20; stable usePoint(-8,0), effectOrigin(0,-20), bubbleOrigin(0,-28), z40. New tier mechanics and names require review; existing names preserved."
lido,Outdoor pool / lido,island,island/shore terrace; no tower stack position,False,22x20,boiler; water pump; expanded terrace,Swim; float; picnic; gentle rescue,Check water; rescue float; warm pool,obj_poolpump_t2,interactive_item,2,"PROPOSED, not coded: 2 bays / 17 min",standard;on;broken,standard 1; on 4@8fps; broken 1 + shared FX,wash_back,"bottom-centre (11,20); keeper floor anchor (16,40)",obj_poolpump; shared water chassis/pose,"shared wobble(1px), smoke, intermittent sparks + leaking seal",P2,planned,"Mid-tier poolpump. Two-way pump with visible valve. ON: 4-frame water flow. Proposed location (15,0), logical frame 22x20; stable usePoint(-8,0), effectOrigin(0,-20), bubbleOrigin(0,-28), z40. New tier mechanics and names require review; existing names preserved."
lido,Outdoor pool / lido,island,island/shore terrace; no tower stack position,False,22x20,boiler; water pump; expanded terrace,Swim; float; picnic; gentle rescue,Check water; rescue float; warm pool,obj_poolpump_t3,interactive_item,3,"PROPOSED, not coded: 3 bays / 14 min",standard;on;broken,standard 1; on 4@8fps; broken 1 + shared FX,wash_back,"bottom-centre (11,20); keeper floor anchor (16,40)",obj_poolpump; shared water chassis/pose,"shared wobble(1px), smoke, intermittent sparks + leaking seal",P2,planned,"Top-tier poolpump. Three-way pump with filtering gauge. ON: 4-frame water flow. Proposed location (15,0), logical frame 22x20; stable usePoint(-8,0), effectOrigin(0,-20), bubbleOrigin(0,-28), z40. New tier mechanics and names require review; existing names preserved."
lido,Outdoor pool / lido,island,island/shore terrace; no tower stack position,False,22x20,boiler; water pump; expanded terrace,Swim; float; picnic; gentle rescue,Check water; rescue float; warm pool,obj_poolheater,interactive_item,1,"PROPOSED, not coded: heat pool for 30 min per charge",standard;on;broken,standard 1; on 4@8fps; broken 1 + shared FX,reach_use,"bottom-centre (11,20); keeper floor anchor (16,40)",obj_poolheater; shared heat chassis/pose,"shared wobble(1px), smoke, intermittent sparks + gauge fault; cold fallback remains",P2,planned,"Basic poolheater. Pilot flame and one pressure band. ON: 4-frame pressure flame. Proposed location (41,0), logical frame 22x20; stable usePoint(-8,0), effectOrigin(0,-20), bubbleOrigin(0,-28), z40. New tier mechanics and names require review; existing names preserved."
lido,Outdoor pool / lido,island,island/shore terrace; no tower stack position,False,22x20,boiler; water pump; expanded terrace,Swim; float; picnic; gentle rescue,Check water; rescue float; warm pool,obj_poolheater_t2,interactive_item,2,"PROPOSED, not coded: 60 min per charge",standard;on;broken,standard 1; on 4@8fps; broken 1 + shared FX,reach_use,"bottom-centre (11,20); keeper floor anchor (16,40)",obj_poolheater; shared heat chassis/pose,"shared wobble(1px), smoke, intermittent sparks + gauge fault; cold fallback remains",P2,planned,"Mid-tier poolheater. Larger exchanger and two pressure bands. ON: 4-frame pressure flame. Proposed location (41,0), logical frame 22x20; stable usePoint(-8,0), effectOrigin(0,-20), bubbleOrigin(0,-28), z40. New tier mechanics and names require review; existing names preserved."
lido,Outdoor pool / lido,island,island/shore terrace; no tower stack position,False,22x20,boiler; water pump; expanded terrace,Swim; float; picnic; gentle rescue,Check water; rescue float; warm pool,obj_poolheater_t3,interactive_item,3,"PROPOSED, not coded: 90 min per charge",standard;on;broken,standard 1; on 4@8fps; broken 1 + shared FX,reach_use,"bottom-centre (11,20); keeper floor anchor (16,40)",obj_poolheater; shared heat chassis/pose,"shared wobble(1px), smoke, intermittent sparks + gauge fault; cold fallback remains",P2,planned,"Top-tier poolheater. Three service circuits and efficiency gauge. ON: 4-frame pressure flame. Proposed location (41,0), logical frame 22x20; stable usePoint(-8,0), effectOrigin(0,-20), bubbleOrigin(0,-28), z40. New tier mechanics and names require review; existing names preserved."
lido,Outdoor pool / lido,island,island/shore terrace; no tower stack position,False,48x8,boiler; water pump; expanded terrace,Swim; float; picnic; gentle rescue,Check water; rescue float; warm pool,prop_water_surface,dressing_or_activity_prop,1,Supports Swim; float; picnic; gentle rescue; single tier,standard;on,on 4@8fps; standard 1,reach_use,bottom-centre; water surface top-left,shared prop_water_surface,not independently interactive; no repair tier,P2,planned,Separate prop; do not bake interactive furniture into plates. Exact final appearance proposal.
lido,Outdoor pool / lido,island,island/shore terrace; no tower stack position,False,12x12,boiler; water pump; expanded terrace,Swim; float; picnic; gentle rescue,Check water; rescue float; warm pool,prop_ladder,dressing_or_activity_prop,1,Supports Swim; float; picnic; gentle rescue; single tier,standard,1,reach_use,bottom-centre; water surface top-left,shared prop_ladder,not independently interactive; no repair tier,P2,planned,Separate prop; do not bake interactive furniture into plates. Exact final appearance proposal.
lido,Outdoor pool / lido,island,island/shore terrace; no tower stack position,False,12x12,boiler; water pump; expanded terrace,Swim; float; picnic; gentle rescue,Check water; rescue float; warm pool,prop_changing_cubicle,dressing_or_activity_prop,1,Supports Swim; float; picnic; gentle rescue; single tier,standard,1,reach_use,bottom-centre; water surface top-left,shared prop_changing_cubicle,not independently interactive; no repair tier,P2,planned,Separate prop; do not bake interactive furniture into plates. Exact final appearance proposal.
lido,Outdoor pool / lido,island,island/shore terrace; no tower stack position,False,32x40,boiler; water pump; expanded terrace,Swim; float; picnic; gentle rescue,Check water; rescue float; warm pool,keeper_change_to_dive,keeper_clip,0,Reusable task pose,on,0@0fps,change_to_dive,"floor (16,40); neck (16,11); shoulders (10,15)/(22,15); hips (13,25)/(19,25)",shared keeper_change_to_dive,not repairable,P2,hidden sequence,32x40 aligned frames; hand-drawn angles and integer translation; no arbitrary raster rotation.
lido,Outdoor pool / lido,island,island/shore terrace; no tower stack position,False,32x40,boiler; water pump; expanded terrace,Swim; float; picnic; gentle rescue,Check water; rescue float; warm pool,keeper_greet,keeper_clip,0,Reusable task pose,on,5@8fps,greet,"floor (16,40); neck (16,11); shoulders (10,15)/(22,15); hips (13,25)/(19,25)",shared keeper_greet,not repairable,P2,planned,32x40 aligned frames; hand-drawn angles and integer translation; no arbitrary raster rotation.
lido,Outdoor pool / lido,island,island/shore terrace; no tower stack position,False,32x40,boiler; water pump; expanded terrace,Swim; float; picnic; gentle rescue,Check water; rescue float; warm pool,keeper_idle,keeper_clip,0,Reusable task pose,on,4@6fps,idle,"floor (16,40); neck (16,11); shoulders (10,15)/(22,15); hips (13,25)/(19,25)",shared keeper_idle,not repairable,P2,delivered-review,32x40 aligned frames; hand-drawn angles and integer translation; no arbitrary raster rotation.
lido,Outdoor pool / lido,island,island/shore terrace; no tower stack position,False,32x40,boiler; water pump; expanded terrace,Swim; float; picnic; gentle rescue,Check water; rescue float; warm pool,keeper_pool_rescue,keeper_clip,0,Reusable task pose,on,8@8fps,pool_rescue,"floor (16,40); neck (16,11); shoulders (10,15)/(22,15); hips (13,25)/(19,25)",shared keeper_pool_rescue,not repairable,P2,planned,32x40 aligned frames; hand-drawn angles and integer translation; no arbitrary raster rotation.
lido,Outdoor pool / lido,island,island/shore terrace; no tower stack position,False,32x40,boiler; water pump; expanded terrace,Swim; float; picnic; gentle rescue,Check water; rescue float; warm pool,keeper_reach_use,keeper_clip,0,Reusable task pose,on,5@10fps,reach_use,"floor (16,40); neck (16,11); shoulders (10,15)/(22,15); hips (13,25)/(19,25)",shared keeper_reach_use,not repairable,P2,planned,32x40 aligned frames; hand-drawn angles and integer translation; no arbitrary raster rotation.
lido,Outdoor pool / lido,island,island/shore terrace; no tower stack position,False,32x40,boiler; water pump; expanded terrace,Swim; float; picnic; gentle rescue,Check water; rescue float; warm pool,keeper_shrug,keeper_clip,0,Reusable task pose,on,4@8fps,shrug,"floor (16,40); neck (16,11); shoulders (10,15)/(22,15); hips (13,25)/(19,25)",shared keeper_shrug,not repairable,P2,planned,32x40 aligned frames; hand-drawn angles and integer translation; no arbitrary raster rotation.
lido,Outdoor pool / lido,island,island/shore terrace; no tower stack position,False,32x40,boiler; water pump; expanded terrace,Swim; float; picnic; gentle rescue,Check water; rescue float; warm pool,keeper_swim_exit,keeper_clip,0,Reusable task pose,on,6@8fps,swim_exit,"floor (16,40); neck (16,11); shoulders (10,15)/(22,15); hips (13,25)/(19,25)",shared keeper_swim_exit,not repairable,P2,planned,32x40 aligned frames; hand-drawn angles and integer translation; no arbitrary raster rotation.
lido,Outdoor pool / lido,island,island/shore terrace; no tower stack position,False,32x40,boiler; water pump; expanded terrace,Swim; float; picnic; gentle rescue,Check water; rescue float; warm pool,keeper_swim_float,keeper_clip,0,Reusable task pose,on,4@4fps,swim_float,"floor (16,40); neck (16,11); shoulders (10,15)/(22,15); hips (13,25)/(19,25)",shared keeper_swim_float,not repairable,P2,planned,32x40 aligned frames; hand-drawn angles and integer translation; no arbitrary raster rotation.
lido,Outdoor pool / lido,island,island/shore terrace; no tower stack position,False,32x40,boiler; water pump; expanded terrace,Swim; float; picnic; gentle rescue,Check water; rescue float; warm pool,keeper_swim_idle,keeper_clip,0,Reusable task pose,on,6@8fps,swim_idle,"floor (16,40); neck (16,11); shoulders (10,15)/(22,15); hips (13,25)/(19,25)",shared keeper_swim_idle,not repairable,P2,planned,32x40 aligned frames; hand-drawn angles and integer translation; no arbitrary raster rotation.
lido,Outdoor pool / lido,island,island/shore terrace; no tower stack position,False,32x40,boiler; water pump; expanded terrace,Swim; float; picnic; gentle rescue,Check water; rescue float; warm pool,keeper_swim_lengths,keeper_clip,0,Reusable task pose,on,8@8fps,swim_lengths,"floor (16,40); neck (16,11); shoulders (10,15)/(22,15); hips (13,25)/(19,25)",shared keeper_swim_lengths,not repairable,P2,planned,32x40 aligned frames; hand-drawn angles and integer translation; no arbitrary raster rotation.
lido,Outdoor pool / lido,island,island/shore terrace; no tower stack position,False,32x40,boiler; water pump; expanded terrace,Swim; float; picnic; gentle rescue,Check water; rescue float; warm pool,keeper_swim_splash,keeper_clip,0,Reusable task pose,on,6@8fps,swim_splash,"floor (16,40); neck (16,11); shoulders (10,15)/(22,15); hips (13,25)/(19,25)",shared keeper_swim_splash,not repairable,P2,planned,32x40 aligned frames; hand-drawn angles and integer translation; no arbitrary raster rotation.
lido,Outdoor pool / lido,island,island/shore terrace; no tower stack position,False,32x40,boiler; water pump; expanded terrace,Swim; float; picnic; gentle rescue,Check water; rescue float; warm pool,keeper_walk,keeper_clip,0,Reusable task pose,on,8@10fps,walk,"floor (16,40); neck (16,11); shoulders (10,15)/(22,15); hips (13,25)/(19,25)",shared keeper_walk,not repairable,P2,delivered-review,32x40 aligned frames; hand-drawn angles and integer translation; no arbitrary raster rotation.
lido,Outdoor pool / lido,island,island/shore terrace; no tower stack position,False,32x40,boiler; water pump; expanded terrace,Swim; float; picnic; gentle rescue,Check water; rescue float; warm pool,keeper_wash_back,keeper_clip,0,Reusable task pose,on,8@8fps,wash_back,"floor (16,40); neck (16,11); shoulders (10,15)/(22,15); hips (13,25)/(19,25)",shared keeper_wash_back,not repairable,P2,delivered-review,32x40 aligned frames; hand-drawn angles and integer translation; no arbitrary raster rotation.
lido,Outdoor pool / lido,island,island/shore terrace; no tower stack position,False,12x16,boiler; water pump; expanded terrace,Swim; float; picnic; gentle rescue,Check water; rescue float; warm pool,fx_broken_smoke,shared_effect,0,Reusable fault/reveal feedback,on,8@8fps,none,"[6, 16]",fx_broken_smoke,overlay; does not move anchors,P2,delivered-review,FX shared; casing/body motion is separately integer-safe.
lido,Outdoor pool / lido,island,island/shore terrace; no tower stack position,False,12x12,boiler; water pump; expanded terrace,Swim; float; picnic; gentle rescue,Check water; rescue float; warm pool,fx_broken_sparks,shared_effect,0,Reusable fault/reveal feedback,on,6@12fps,none,"[6, 6]",fx_broken_sparks,overlay; does not move anchors,P2,delivered-review,FX shared; casing/body motion is separately integer-safe.
lido,Outdoor pool / lido,island,island/shore terrace; no tower stack position,False,64x64,boiler; water pump; expanded terrace,Swim; float; picnic; gentle rescue,Check water; rescue float; warm pool,fx_floor_arrival_smoke,shared_effect,0,Reusable fault/reveal feedback,on,8@12fps,none,"[32, 64]",fx_floor_arrival_smoke,overlay; does not move anchors,P2,planned,FX shared; casing/body motion is separately integer-safe.
lido,Outdoor pool / lido,island,island/shore terrace; no tower stack position,False,16x16,boiler; water pump; expanded terrace,Swim; float; picnic; gentle rescue,Check water; rescue float; warm pool,fx_shine,shared_effect,0,Reusable fault/reveal feedback,on,4@8fps,none,"[8, 16]",fx_shine,overlay; does not move anchors,P2,planned,FX shared; casing/body motion is separately integer-safe.
rescue,Rescue station / helipad,island,island/shore terrace; no tower stack position,False,110x40,radio; weather; rescue gear,Prepare equipment; signal; rescue dispatch,Relay location; choose gear; secure terrace,facility_rescue,room_plate,0,Separate structure; enables activities below,standard,1,none,"top-left (0,0); floor y=40",room timber/stone/tile palette; no furniture,structure faults use separate interactive components,P2,planned,110x40 cliff terrace; pad centre; equipment left; review: rescue vehicle and playable dispatch; source: docs/EXPANSION_DESIGN.md
rescue,Rescue station / helipad,island,island/shore terrace; no tower stack position,False,5x35,radio; weather; rescue gear,Prepare equipment; signal; rescue dispatch,Relay location; choose gear; secure terrace,seam_island,structural_kit,0,Connect without resizing furniture,standard,1,none,integer parent seam; walking-plane y=0,shared wall/beam/pipe segments,none; parent component controls faults,P2,planned,Core remains 110x35; 105x35 plate; world-Y stripes. Extensions consume no standard slot.
rescue,Rescue station / helipad,island,island/shore terrace; no tower stack position,False,22x20,radio; weather; rescue gear,Prepare equipment; signal; rescue dispatch,Relay location; choose gear; secure terrace,obj_rescuewinch,interactive_item,1,"PROPOSED, not coded: 1 cargo or task slot",standard;on;broken,standard 1; on 4@8fps; broken 1 + shared FX,reach_use,"bottom-centre (11,20); keeper floor anchor (16,40)",obj_rescuewinch; shared capacity chassis/pose,"shared wobble(1px), smoke, intermittent sparks + jammed mechanism",P2,planned,"Basic rescuewinch. Basic: simple manual mechanism and few visible controls. ON: 4-frame transfer. Proposed location (15,0), logical frame 22x20; stable usePoint(-8,0), effectOrigin(0,-20), bubbleOrigin(0,-28), z40. New tier mechanics and names require review; existing names preserved."
rescue,Rescue station / helipad,island,island/shore terrace; no tower stack position,False,22x20,radio; weather; rescue gear,Prepare equipment; signal; rescue dispatch,Relay location; choose gear; secure terrace,obj_rescuewinch_t2,interactive_item,2,"PROPOSED, not coded: 2 cargo or task slots",standard;on;broken,standard 1; on 4@8fps; broken 1 + shared FX,reach_use,"bottom-centre (11,20); keeper floor anchor (16,40)",obj_rescuewinch; shared capacity chassis/pose,"shared wobble(1px), smoke, intermittent sparks + jammed mechanism",P2,planned,"Mid-tier rescuewinch. Mid: sturdier housing; second visible functional control and clear status indicator. ON: 4-frame transfer. Proposed location (15,0), logical frame 22x20; stable usePoint(-8,0), effectOrigin(0,-20), bubbleOrigin(0,-28), z40. New tier mechanics and names require review; existing names preserved."
rescue,Rescue station / helipad,island,island/shore terrace; no tower stack position,False,22x20,radio; weather; rescue gear,Prepare equipment; signal; rescue dispatch,Relay location; choose gear; secure terrace,obj_rescuewinch_t3,interactive_item,3,"PROPOSED, not coded: 3 cargo or task slots",standard;on;broken,standard 1; on 4@8fps; broken 1 + shared FX,reach_use,"bottom-centre (11,20); keeper floor anchor (16,40)",obj_rescuewinch; shared capacity chassis/pose,"shared wobble(1px), smoke, intermittent sparks + jammed mechanism",P2,planned,"Top-tier rescuewinch. Top: automatic mechanism; readable capacity/output gauge; same anchor and frame bounds. ON: 4-frame transfer. Proposed location (15,0), logical frame 22x20; stable usePoint(-8,0), effectOrigin(0,-20), bubbleOrigin(0,-28), z40. New tier mechanics and names require review; existing names preserved."
rescue,Rescue station / helipad,island,island/shore terrace; no tower stack position,False,22x20,radio; weather; rescue gear,Prepare equipment; signal; rescue dispatch,Relay location; choose gear; secure terrace,obj_rescuecabinet,interactive_item,1,"PROPOSED, not coded: 4 item slots",standard;on;broken,standard 1; on 4@8fps; broken 1 + shared FX,reach_use,"bottom-centre (11,20); keeper floor anchor (16,40)",obj_rescuecabinet; shared storage chassis/pose,"shared wobble(1px), smoke, intermittent sparks + jammed hinge; contents never destroyed",P2,planned,"Basic rescuecabinet. Small four-slot shelves or single chest. ON: 4-frame opening. Proposed location (41,0), logical frame 22x20; stable usePoint(-8,0), effectOrigin(0,-20), bubbleOrigin(0,-28), z40. New tier mechanics and names require review; existing names preserved."
rescue,Rescue station / helipad,island,island/shore terrace; no tower stack position,False,22x20,radio; weather; rescue gear,Prepare equipment; signal; rescue dispatch,Relay location; choose gear; secure terrace,obj_rescuecabinet_t2,interactive_item,2,"PROPOSED, not coded: 8 item slots",standard;on;broken,standard 1; on 4@8fps; broken 1 + shared FX,reach_use,"bottom-centre (11,20); keeper floor anchor (16,40)",obj_rescuecabinet; shared storage chassis/pose,"shared wobble(1px), smoke, intermittent sparks + jammed hinge; contents never destroyed",P2,planned,"Mid-tier rescuecabinet. Divided eight-slot cabinet with double doors. ON: 4-frame opening. Proposed location (41,0), logical frame 22x20; stable usePoint(-8,0), effectOrigin(0,-20), bubbleOrigin(0,-28), z40. New tier mechanics and names require review; existing names preserved."
rescue,Rescue station / helipad,island,island/shore terrace; no tower stack position,False,22x20,radio; weather; rescue gear,Prepare equipment; signal; rescue dispatch,Relay location; choose gear; secure terrace,obj_rescuecabinet_t3,interactive_item,3,"PROPOSED, not coded: 12 item slots",standard;on;broken,standard 1; on 4@8fps; broken 1 + shared FX,reach_use,"bottom-centre (11,20); keeper floor anchor (16,40)",obj_rescuecabinet; shared storage chassis/pose,"shared wobble(1px), smoke, intermittent sparks + jammed hinge; contents never destroyed",P2,planned,"Top-tier rescuecabinet. Twelve-slot cabinet with labelled bays; same footprint. ON: 4-frame opening. Proposed location (41,0), logical frame 22x20; stable usePoint(-8,0), effectOrigin(0,-20), bubbleOrigin(0,-28), z40. New tier mechanics and names require review; existing names preserved."
rescue,Rescue station / helipad,island,island/shore terrace; no tower stack position,False,12x12,radio; weather; rescue gear,Prepare equipment; signal; rescue dispatch,Relay location; choose gear; secure terrace,prop_helipad_marking,dressing_or_activity_prop,1,Supports Prepare equipment; signal; rescue dispatch; single tier,standard,1,reach_use,bottom-centre; water surface top-left,shared prop_helipad_marking,not independently interactive; no repair tier,P2,planned,Separate prop; do not bake interactive furniture into plates. Exact final appearance proposal.
rescue,Rescue station / helipad,island,island/shore terrace; no tower stack position,False,55x30,radio; weather; rescue gear,Prepare equipment; signal; rescue dispatch,Relay location; choose gear; secure terrace,prop_helicopter,dressing_or_activity_prop,1,Supports Prepare equipment; signal; rescue dispatch; single tier,standard;on,on 4@8fps; standard 1,reach_use,bottom-centre; water surface top-left,shared prop_helicopter,not independently interactive; no repair tier,P2,planned,Separate prop; do not bake interactive furniture into plates. Exact final appearance proposal.
rescue,Rescue station / helipad,island,island/shore terrace; no tower stack position,False,12x12,radio; weather; rescue gear,Prepare equipment; signal; rescue dispatch,Relay location; choose gear; secure terrace,prop_firstaid_props,dressing_or_activity_prop,1,Supports Prepare equipment; signal; rescue dispatch; single tier,standard,1,reach_use,bottom-centre; water surface top-left,shared prop_firstaid_props,not independently interactive; no repair tier,P2,planned,Separate prop; do not bake interactive furniture into plates. Exact final appearance proposal.
rescue,Rescue station / helipad,island,island/shore terrace; no tower stack position,False,32x40,radio; weather; rescue gear,Prepare equipment; signal; rescue dispatch,Relay location; choose gear; secure terrace,keeper_greet,keeper_clip,0,Reusable task pose,on,5@8fps,greet,"floor (16,40); neck (16,11); shoulders (10,15)/(22,15); hips (13,25)/(19,25)",shared keeper_greet,not repairable,P2,planned,32x40 aligned frames; hand-drawn angles and integer translation; no arbitrary raster rotation.
rescue,Rescue station / helipad,island,island/shore terrace; no tower stack position,False,32x40,radio; weather; rescue gear,Prepare equipment; signal; rescue dispatch,Relay location; choose gear; secure terrace,keeper_idle,keeper_clip,0,Reusable task pose,on,4@6fps,idle,"floor (16,40); neck (16,11); shoulders (10,15)/(22,15); hips (13,25)/(19,25)",shared keeper_idle,not repairable,P2,delivered-review,32x40 aligned frames; hand-drawn angles and integer translation; no arbitrary raster rotation.
rescue,Rescue station / helipad,island,island/shore terrace; no tower stack position,False,32x40,radio; weather; rescue gear,Prepare equipment; signal; rescue dispatch,Relay location; choose gear; secure terrace,keeper_reach_use,keeper_clip,0,Reusable task pose,on,5@10fps,reach_use,"floor (16,40); neck (16,11); shoulders (10,15)/(22,15); hips (13,25)/(19,25)",shared keeper_reach_use,not repairable,P2,planned,32x40 aligned frames; hand-drawn angles and integer translation; no arbitrary raster rotation.
rescue,Rescue station / helipad,island,island/shore terrace; no tower stack position,False,32x40,radio; weather; rescue gear,Prepare equipment; signal; rescue dispatch,Relay location; choose gear; secure terrace,keeper_shrug,keeper_clip,0,Reusable task pose,on,4@8fps,shrug,"floor (16,40); neck (16,11); shoulders (10,15)/(22,15); hips (13,25)/(19,25)",shared keeper_shrug,not repairable,P2,planned,32x40 aligned frames; hand-drawn angles and integer translation; no arbitrary raster rotation.
rescue,Rescue station / helipad,island,island/shore terrace; no tower stack position,False,32x40,radio; weather; rescue gear,Prepare equipment; signal; rescue dispatch,Relay location; choose gear; secure terrace,keeper_walk,keeper_clip,0,Reusable task pose,on,8@10fps,walk,"floor (16,40); neck (16,11); shoulders (10,15)/(22,15); hips (13,25)/(19,25)",shared keeper_walk,not repairable,P2,delivered-review,32x40 aligned frames; hand-drawn angles and integer translation; no arbitrary raster rotation.
rescue,Rescue station / helipad,island,island/shore terrace; no tower stack position,False,12x16,radio; weather; rescue gear,Prepare equipment; signal; rescue dispatch,Relay location; choose gear; secure terrace,fx_broken_smoke,shared_effect,0,Reusable fault/reveal feedback,on,8@8fps,none,"[6, 16]",fx_broken_smoke,overlay; does not move anchors,P2,delivered-review,FX shared; casing/body motion is separately integer-safe.
rescue,Rescue station / helipad,island,island/shore terrace; no tower stack position,False,12x12,radio; weather; rescue gear,Prepare equipment; signal; rescue dispatch,Relay location; choose gear; secure terrace,fx_broken_sparks,shared_effect,0,Reusable fault/reveal feedback,on,6@12fps,none,"[6, 6]",fx_broken_sparks,overlay; does not move anchors,P2,delivered-review,FX shared; casing/body motion is separately integer-safe.
rescue,Rescue station / helipad,island,island/shore terrace; no tower stack position,False,64x64,radio; weather; rescue gear,Prepare equipment; signal; rescue dispatch,Relay location; choose gear; secure terrace,fx_floor_arrival_smoke,shared_effect,0,Reusable fault/reveal feedback,on,8@12fps,none,"[32, 64]",fx_floor_arrival_smoke,overlay; does not move anchors,P2,planned,FX shared; casing/body motion is separately integer-safe.
rescue,Rescue station / helipad,island,island/shore terrace; no tower stack position,False,16x16,radio; weather; rescue gear,Prepare equipment; signal; rescue dispatch,Relay location; choose gear; secure terrace,fx_shine,shared_effect,0,Reusable fault/reveal feedback,on,4@8fps,none,"[8, 16]",fx_shine,overlay; does not move anchors,P2,planned,FX shared; casing/body motion is separately integer-safe.
wind,Wind turbine,island,island/shore terrace; no tower stack position,False,44x70,power routing; wind forecast,Generate; brake; clear mechanical fault,Secure foundation; match windy site; route circuit,facility_wind,room_plate,0,Separate structure; enables activities below,standard,1,none,"top-left (0,0); floor y=70",room timber/stone/tile palette; no furniture,structure faults use separate interactive components,P2,planned,44x70 terrace; mast vertical; stable base; approved expansion idea; power units proposed; source: docs/EXPANSION_DESIGN.md
wind,Wind turbine,island,island/shore terrace; no tower stack position,False,5x35,power routing; wind forecast,Generate; brake; clear mechanical fault,Secure foundation; match windy site; route circuit,seam_island,structural_kit,0,Connect without resizing furniture,standard,1,none,integer parent seam; walking-plane y=0,shared wall/beam/pipe segments,none; parent component controls faults,P2,planned,Core remains 110x35; 105x35 plate; world-Y stripes. Extensions consume no standard slot.
wind,Wind turbine,island,island/shore terrace; no tower stack position,False,22x20,power routing; wind forecast,Generate; brake; clear mechanical fault,Secure foundation; match windy site; route circuit,obj_windturbine,interactive_item,1,"PROPOSED, not coded: 10 units per moderate-wind game day",standard;on;broken,standard 1; on 4@8fps; broken 1 + shared FX,reach_use,"bottom-centre (11,20); keeper floor anchor (16,40)",obj_windturbine; shared power chassis/pose,"shared wobble(1px), smoke, intermittent sparks + cracked cable or stalled motor",P2,planned,"Basic windturbine. Small manual panel/battery/motor with one status lamp. ON: 4-frame status lights. Proposed location (15,0), logical frame 22x20; stable usePoint(-8,0), effectOrigin(0,-20), bubbleOrigin(0,-28), z40. New tier mechanics and names require review; existing names preserved."
wind,Wind turbine,island,island/shore terrace; no tower stack position,False,22x20,power routing; wind forecast,Generate; brake; clear mechanical fault,Secure foundation; match windy site; route circuit,obj_windturbine_t2,interactive_item,2,"PROPOSED, not coded: 20 units per moderate-wind day",standard;on;broken,standard 1; on 4@8fps; broken 1 + shared FX,reach_use,"bottom-centre (11,20); keeper floor anchor (16,40)",obj_windturbine; shared power chassis/pose,"shared wobble(1px), smoke, intermittent sparks + cracked cable or stalled motor",P2,planned,"Mid-tier windturbine. Larger working surface and second capacity band. ON: 4-frame status lights. Proposed location (15,0), logical frame 22x20; stable usePoint(-8,0), effectOrigin(0,-20), bubbleOrigin(0,-28), z40. New tier mechanics and names require review; existing names preserved."
wind,Wind turbine,island,island/shore terrace; no tower stack position,False,22x20,power routing; wind forecast,Generate; brake; clear mechanical fault,Secure foundation; match windy site; route circuit,obj_windturbine_t3,interactive_item,3,"PROPOSED, not coded: 30 units per moderate-wind day",standard;on;broken,standard 1; on 4@8fps; broken 1 + shared FX,reach_use,"bottom-centre (11,20); keeper floor anchor (16,40)",obj_windturbine; shared power chassis/pose,"shared wobble(1px), smoke, intermittent sparks + cracked cable or stalled motor",P2,planned,"Top-tier windturbine. Automatic controller and three output bands. ON: 4-frame status lights. Proposed location (15,0), logical frame 22x20; stable usePoint(-8,0), effectOrigin(0,-20), bubbleOrigin(0,-28), z40. New tier mechanics and names require review; existing names preserved."
wind,Wind turbine,island,island/shore terrace; no tower stack position,False,12x12,power routing; wind forecast,Generate; brake; clear mechanical fault,Secure foundation; match windy site; route circuit,prop_foundation,dressing_or_activity_prop,1,Supports Generate; brake; clear mechanical fault; single tier,standard,1,reach_use,bottom-centre; water surface top-left,shared prop_foundation,not independently interactive; no repair tier,P2,planned,Separate prop; do not bake interactive furniture into plates. Exact final appearance proposal.
wind,Wind turbine,island,island/shore terrace; no tower stack position,False,12x12,power routing; wind forecast,Generate; brake; clear mechanical fault,Secure foundation; match windy site; route circuit,prop_wind_cable,dressing_or_activity_prop,1,Supports Generate; brake; clear mechanical fault; single tier,standard,1,reach_use,bottom-centre; water surface top-left,shared prop_wind_cable,not independently interactive; no repair tier,P2,planned,Separate prop; do not bake interactive furniture into plates. Exact final appearance proposal.
wind,Wind turbine,island,island/shore terrace; no tower stack position,False,32x40,power routing; wind forecast,Generate; brake; clear mechanical fault,Secure foundation; match windy site; route circuit,keeper_greet,keeper_clip,0,Reusable task pose,on,5@8fps,greet,"floor (16,40); neck (16,11); shoulders (10,15)/(22,15); hips (13,25)/(19,25)",shared keeper_greet,not repairable,P2,planned,32x40 aligned frames; hand-drawn angles and integer translation; no arbitrary raster rotation.
wind,Wind turbine,island,island/shore terrace; no tower stack position,False,32x40,power routing; wind forecast,Generate; brake; clear mechanical fault,Secure foundation; match windy site; route circuit,keeper_idle,keeper_clip,0,Reusable task pose,on,4@6fps,idle,"floor (16,40); neck (16,11); shoulders (10,15)/(22,15); hips (13,25)/(19,25)",shared keeper_idle,not repairable,P2,delivered-review,32x40 aligned frames; hand-drawn angles and integer translation; no arbitrary raster rotation.
wind,Wind turbine,island,island/shore terrace; no tower stack position,False,32x40,power routing; wind forecast,Generate; brake; clear mechanical fault,Secure foundation; match windy site; route circuit,keeper_reach_use,keeper_clip,0,Reusable task pose,on,5@10fps,reach_use,"floor (16,40); neck (16,11); shoulders (10,15)/(22,15); hips (13,25)/(19,25)",shared keeper_reach_use,not repairable,P2,planned,32x40 aligned frames; hand-drawn angles and integer translation; no arbitrary raster rotation.
wind,Wind turbine,island,island/shore terrace; no tower stack position,False,32x40,power routing; wind forecast,Generate; brake; clear mechanical fault,Secure foundation; match windy site; route circuit,keeper_shrug,keeper_clip,0,Reusable task pose,on,4@8fps,shrug,"floor (16,40); neck (16,11); shoulders (10,15)/(22,15); hips (13,25)/(19,25)",shared keeper_shrug,not repairable,P2,planned,32x40 aligned frames; hand-drawn angles and integer translation; no arbitrary raster rotation.
wind,Wind turbine,island,island/shore terrace; no tower stack position,False,32x40,power routing; wind forecast,Generate; brake; clear mechanical fault,Secure foundation; match windy site; route circuit,keeper_walk,keeper_clip,0,Reusable task pose,on,8@10fps,walk,"floor (16,40); neck (16,11); shoulders (10,15)/(22,15); hips (13,25)/(19,25)",shared keeper_walk,not repairable,P2,delivered-review,32x40 aligned frames; hand-drawn angles and integer translation; no arbitrary raster rotation.
wind,Wind turbine,island,island/shore terrace; no tower stack position,False,12x16,power routing; wind forecast,Generate; brake; clear mechanical fault,Secure foundation; match windy site; route circuit,fx_broken_smoke,shared_effect,0,Reusable fault/reveal feedback,on,8@8fps,none,"[6, 16]",fx_broken_smoke,overlay; does not move anchors,P2,delivered-review,FX shared; casing/body motion is separately integer-safe.
wind,Wind turbine,island,island/shore terrace; no tower stack position,False,12x12,power routing; wind forecast,Generate; brake; clear mechanical fault,Secure foundation; match windy site; route circuit,fx_broken_sparks,shared_effect,0,Reusable fault/reveal feedback,on,6@12fps,none,"[6, 6]",fx_broken_sparks,overlay; does not move anchors,P2,delivered-review,FX shared; casing/body motion is separately integer-safe.
wind,Wind turbine,island,island/shore terrace; no tower stack position,False,64x64,power routing; wind forecast,Generate; brake; clear mechanical fault,Secure foundation; match windy site; route circuit,fx_floor_arrival_smoke,shared_effect,0,Reusable fault/reveal feedback,on,8@12fps,none,"[32, 64]",fx_floor_arrival_smoke,overlay; does not move anchors,P2,planned,FX shared; casing/body motion is separately integer-safe.
wind,Wind turbine,island,island/shore terrace; no tower stack position,False,16x16,power routing; wind forecast,Generate; brake; clear mechanical fault,Secure foundation; match windy site; route circuit,fx_shine,shared_effect,0,Reusable fault/reveal feedback,on,4@8fps,none,"[8, 16]",fx_shine,overlay; does not move anchors,P2,planned,FX shared; casing/body motion is separately integer-safe.
funicular,Cliff funicular,island,island/shore terrace; no tower stack position,False,55x70,cliff track to jetty; power,Ride; carry supplies; repair track,Align track; test brake; deliver crate,facility_funicular,room_plate,0,Separate structure; enables activities below,standard,1,none,"top-left (0,0); floor y=70",room timber/stone/tile palette; no furniture,structure faults use separate interactive components,P2,planned,55x70 cliff route; two terminal stations; review: island levels and route length; source: docs/EXPANSION_DESIGN.md
funicular,Cliff funicular,island,island/shore terrace; no tower stack position,False,5x35,cliff track to jetty; power,Ride; carry supplies; repair track,Align track; test brake; deliver crate,seam_island,structural_kit,0,Connect without resizing furniture,standard,1,none,integer parent seam; walking-plane y=0,shared wall/beam/pipe segments,none; parent component controls faults,P2,planned,Core remains 110x35; 105x35 plate; world-Y stripes. Extensions consume no standard slot.
funicular,Cliff funicular,island,island/shore terrace; no tower stack position,False,22x20,cliff track to jetty; power,Ride; carry supplies; repair track,Align track; test brake; deliver crate,obj_funicular,interactive_item,1,"PROPOSED, not coded: 8 game min per floor or route segment",standard;on;broken,standard 1; on 4@8fps; broken 1 + shared FX,walk,"bottom-centre (11,20); keeper floor anchor (16,40)",obj_funicular; shared travel chassis/pose,"shared wobble(1px), smoke, intermittent sparks + jammed door; stairs remain usable",P2,planned,"Basic funicular. Simple manual carrier or landing. ON: 4-frame travel. Proposed location (15,0), logical frame 22x20; stable usePoint(-8,0), effectOrigin(0,-20), bubbleOrigin(0,-28), z40. New tier mechanics and names require review; existing names preserved."
funicular,Cliff funicular,island,island/shore terrace; no tower stack position,False,22x20,cliff track to jetty; power,Ride; carry supplies; repair track,Align track; test brake; deliver crate,obj_funicular_t2,interactive_item,2,"PROPOSED, not coded: 5 game min per segment",standard;on;broken,standard 1; on 4@8fps; broken 1 + shared FX,walk,"bottom-centre (11,20); keeper floor anchor (16,40)",obj_funicular; shared travel chassis/pose,"shared wobble(1px), smoke, intermittent sparks + jammed door; stairs remain usable",P2,planned,"Mid-tier funicular. Improved motor/brake and clear floor indicator. ON: 4-frame travel. Proposed location (15,0), logical frame 22x20; stable usePoint(-8,0), effectOrigin(0,-20), bubbleOrigin(0,-28), z40. New tier mechanics and names require review; existing names preserved."
funicular,Cliff funicular,island,island/shore terrace; no tower stack position,False,22x20,cliff track to jetty; power,Ride; carry supplies; repair track,Align track; test brake; deliver crate,obj_funicular_t3,interactive_item,3,"PROPOSED, not coded: 3 game min per segment",standard;on;broken,standard 1; on 4@8fps; broken 1 + shared FX,walk,"bottom-centre (11,20); keeper floor anchor (16,40)",obj_funicular; shared travel chassis/pose,"shared wobble(1px), smoke, intermittent sparks + jammed door; stairs remain usable",P2,planned,"Top-tier funicular. Fast automatic carrier with route and safety indicator. ON: 4-frame travel. Proposed location (15,0), logical frame 22x20; stable usePoint(-8,0), effectOrigin(0,-20), bubbleOrigin(0,-28), z40. New tier mechanics and names require review; existing names preserved."
funicular,Cliff funicular,island,island/shore terrace; no tower stack position,False,12x12,cliff track to jetty; power,Ride; carry supplies; repair track,Align track; test brake; deliver crate,prop_track,dressing_or_activity_prop,1,Supports Ride; carry supplies; repair track; single tier,standard,1,reach_use,bottom-centre; water surface top-left,shared prop_track,not independently interactive; no repair tier,P2,planned,Separate prop; do not bake interactive furniture into plates. Exact final appearance proposal.
funicular,Cliff funicular,island,island/shore terrace; no tower stack position,False,12x12,cliff track to jetty; power,Ride; carry supplies; repair track,Align track; test brake; deliver crate,prop_terminal,dressing_or_activity_prop,1,Supports Ride; carry supplies; repair track; single tier,standard,1,reach_use,bottom-centre; water surface top-left,shared prop_terminal,not independently interactive; no repair tier,P2,planned,Separate prop; do not bake interactive furniture into plates. Exact final appearance proposal.
funicular,Cliff funicular,island,island/shore terrace; no tower stack position,False,12x12,cliff track to jetty; power,Ride; carry supplies; repair track,Align track; test brake; deliver crate,prop_carriage,dressing_or_activity_prop,1,Supports Ride; carry supplies; repair track; single tier,standard,1,reach_use,bottom-centre; water surface top-left,shared prop_carriage,not independently interactive; no repair tier,P2,planned,Separate prop; do not bake interactive furniture into plates. Exact final appearance proposal.
funicular,Cliff funicular,island,island/shore terrace; no tower stack position,False,32x40,cliff track to jetty; power,Ride; carry supplies; repair track,Align track; test brake; deliver crate,keeper_greet,keeper_clip,0,Reusable task pose,on,5@8fps,greet,"floor (16,40); neck (16,11); shoulders (10,15)/(22,15); hips (13,25)/(19,25)",shared keeper_greet,not repairable,P2,planned,32x40 aligned frames; hand-drawn angles and integer translation; no arbitrary raster rotation.
funicular,Cliff funicular,island,island/shore terrace; no tower stack position,False,32x40,cliff track to jetty; power,Ride; carry supplies; repair track,Align track; test brake; deliver crate,keeper_idle,keeper_clip,0,Reusable task pose,on,4@6fps,idle,"floor (16,40); neck (16,11); shoulders (10,15)/(22,15); hips (13,25)/(19,25)",shared keeper_idle,not repairable,P2,delivered-review,32x40 aligned frames; hand-drawn angles and integer translation; no arbitrary raster rotation.
funicular,Cliff funicular,island,island/shore terrace; no tower stack position,False,32x40,cliff track to jetty; power,Ride; carry supplies; repair track,Align track; test brake; deliver crate,keeper_reach_use,keeper_clip,0,Reusable task pose,on,5@10fps,reach_use,"floor (16,40); neck (16,11); shoulders (10,15)/(22,15); hips (13,25)/(19,25)",shared keeper_reach_use,not repairable,P2,planned,32x40 aligned frames; hand-drawn angles and integer translation; no arbitrary raster rotation.
funicular,Cliff funicular,island,island/shore terrace; no tower stack position,False,32x40,cliff track to jetty; power,Ride; carry supplies; repair track,Align track; test brake; deliver crate,keeper_shrug,keeper_clip,0,Reusable task pose,on,4@8fps,shrug,"floor (16,40); neck (16,11); shoulders (10,15)/(22,15); hips (13,25)/(19,25)",shared keeper_shrug,not repairable,P2,planned,32x40 aligned frames; hand-drawn angles and integer translation; no arbitrary raster rotation.
funicular,Cliff funicular,island,island/shore terrace; no tower stack position,False,32x40,cliff track to jetty; power,Ride; carry supplies; repair track,Align track; test brake; deliver crate,keeper_walk,keeper_clip,0,Reusable task pose,on,8@10fps,walk,"floor (16,40); neck (16,11); shoulders (10,15)/(22,15); hips (13,25)/(19,25)",shared keeper_walk,not repairable,P2,delivered-review,32x40 aligned frames; hand-drawn angles and integer translation; no arbitrary raster rotation.
funicular,Cliff funicular,island,island/shore terrace; no tower stack position,False,12x16,cliff track to jetty; power,Ride; carry supplies; repair track,Align track; test brake; deliver crate,fx_broken_smoke,shared_effect,0,Reusable fault/reveal feedback,on,8@8fps,none,"[6, 16]",fx_broken_smoke,overlay; does not move anchors,P2,delivered-review,FX shared; casing/body motion is separately integer-safe.
funicular,Cliff funicular,island,island/shore terrace; no tower stack position,False,12x12,cliff track to jetty; power,Ride; carry supplies; repair track,Align track; test brake; deliver crate,fx_broken_sparks,shared_effect,0,Reusable fault/reveal feedback,on,6@12fps,none,"[6, 6]",fx_broken_sparks,overlay; does not move anchors,P2,delivered-review,FX shared; casing/body motion is separately integer-safe.
funicular,Cliff funicular,island,island/shore terrace; no tower stack position,False,64x64,cliff track to jetty; power,Ride; carry supplies; repair track,Align track; test brake; deliver crate,fx_floor_arrival_smoke,shared_effect,0,Reusable fault/reveal feedback,on,8@12fps,none,"[32, 64]",fx_floor_arrival_smoke,overlay; does not move anchors,P2,planned,FX shared; casing/body motion is separately integer-safe.
funicular,Cliff funicular,island,island/shore terrace; no tower stack position,False,16x16,cliff track to jetty; power,Ride; carry supplies; repair track,Align track; test brake; deliver crate,fx_shine,shared_effect,0,Reusable fault/reveal feedback,on,4@8fps,none,"[8, 16]",fx_shine,overlay; does not move anchors,P2,planned,FX shared; casing/body motion is separately integer-safe.
geothermal,Geothermal heating plant,underground,concealed below terrain; revealed only on unlock,False,110x50,drill; heating pipe network,Heat; pressure control; steam repair,Find warm ground; control pressure; test hot tap,facility_geothermal,room_plate,0,Separate structure; enables activities below,standard,1,none,"top-left (0,0); floor y=50",room timber/stone/tile palette; no furniture,structure faults use separate interactive components,P2,planned,110x50 below new terrace; drill left; exchanger right; approved idea; below terrain not standard stack; source: docs/EXPANSION_DESIGN.md
geothermal,Geothermal heating plant,underground,concealed below terrain; revealed only on unlock,False,5x35,drill; heating pipe network,Heat; pressure control; steam repair,Find warm ground; control pressure; test hot tap,seam_underground,structural_kit,0,Connect without resizing furniture,standard,1,none,integer parent seam; walking-plane y=0,shared wall/beam/pipe segments,none; parent component controls faults,P2,planned,Core remains 110x35; 105x35 plate; world-Y stripes. Extensions consume no standard slot.
geothermal,Geothermal heating plant,underground,concealed below terrain; revealed only on unlock,False,22x20,drill; heating pipe network,Heat; pressure control; steam repair,Find warm ground; control pressure; test hot tap,obj_drill,interactive_item,1,"PROPOSED, not coded: 1 completed batch / 30 min",standard;on;broken,standard 1; on 4@8fps; broken 1 + shared FX,cook_back,"bottom-centre (11,20); keeper floor anchor (16,40)",obj_drill; shared craft chassis/pose,"shared wobble(1px), smoke, intermittent sparks + blocked spindle",P2,planned,"Basic drill. Manual wheel, printer or assembly bench. ON: 4-frame tool movement. Proposed location (15,0), logical frame 22x20; stable usePoint(-8,0), effectOrigin(0,-20), bubbleOrigin(0,-28), z40. New tier mechanics and names require review; existing names preserved."
geothermal,Geothermal heating plant,underground,concealed below terrain; revealed only on unlock,False,22x20,drill; heating pipe network,Heat; pressure control; steam repair,Find warm ground; control pressure; test hot tap,obj_drill_t2,interactive_item,2,"PROPOSED, not coded: 2 batches / 26 min",standard;on;broken,standard 1; on 4@8fps; broken 1 + shared FX,cook_back,"bottom-centre (11,20); keeper floor anchor (16,40)",obj_drill; shared craft chassis/pose,"shared wobble(1px), smoke, intermittent sparks + blocked spindle",P2,planned,"Mid-tier drill. Two-batch fixture or feed tray. ON: 4-frame tool movement. Proposed location (15,0), logical frame 22x20; stable usePoint(-8,0), effectOrigin(0,-20), bubbleOrigin(0,-28), z40. New tier mechanics and names require review; existing names preserved."
geothermal,Geothermal heating plant,underground,concealed below terrain; revealed only on unlock,False,22x20,drill; heating pipe network,Heat; pressure control; steam repair,Find warm ground; control pressure; test hot tap,obj_drill_t3,interactive_item,3,"PROPOSED, not coded: 3 batches / 21 min",standard;on;broken,standard 1; on 4@8fps; broken 1 + shared FX,cook_back,"bottom-centre (11,20); keeper floor anchor (16,40)",obj_drill; shared craft chassis/pose,"shared wobble(1px), smoke, intermittent sparks + blocked spindle",P2,planned,"Top-tier drill. Three-batch automated fixture; same anchor. ON: 4-frame tool movement. Proposed location (15,0), logical frame 22x20; stable usePoint(-8,0), effectOrigin(0,-20), bubbleOrigin(0,-28), z40. New tier mechanics and names require review; existing names preserved."
geothermal,Geothermal heating plant,underground,concealed below terrain; revealed only on unlock,False,22x20,drill; heating pipe network,Heat; pressure control; steam repair,Find warm ground; control pressure; test hot tap,obj_heatexchanger,interactive_item,1,"PROPOSED, not coded: heat 1 connected service bay per charge",standard;on;broken,standard 1; on 4@8fps; broken 1 + shared FX,reach_use,"bottom-centre (11,20); keeper floor anchor (16,40)",obj_heatexchanger; shared heat chassis/pose,"shared wobble(1px), smoke, intermittent sparks + gauge fault; cold fallback remains",P2,planned,"Basic heatexchanger. Pilot flame and one pressure band. ON: 4-frame pressure flame. Proposed location (41,0), logical frame 22x20; stable usePoint(-8,0), effectOrigin(0,-20), bubbleOrigin(0,-28), z40. New tier mechanics and names require review; existing names preserved."
geothermal,Geothermal heating plant,underground,concealed below terrain; revealed only on unlock,False,22x20,drill; heating pipe network,Heat; pressure control; steam repair,Find warm ground; control pressure; test hot tap,obj_heatexchanger_t2,interactive_item,2,"PROPOSED, not coded: heat 2 service bays per charge",standard;on;broken,standard 1; on 4@8fps; broken 1 + shared FX,reach_use,"bottom-centre (11,20); keeper floor anchor (16,40)",obj_heatexchanger; shared heat chassis/pose,"shared wobble(1px), smoke, intermittent sparks + gauge fault; cold fallback remains",P2,planned,"Mid-tier heatexchanger. Larger exchanger and two pressure bands. ON: 4-frame pressure flame. Proposed location (41,0), logical frame 22x20; stable usePoint(-8,0), effectOrigin(0,-20), bubbleOrigin(0,-28), z40. New tier mechanics and names require review; existing names preserved."
geothermal,Geothermal heating plant,underground,concealed below terrain; revealed only on unlock,False,22x20,drill; heating pipe network,Heat; pressure control; steam repair,Find warm ground; control pressure; test hot tap,obj_heatexchanger_t3,interactive_item,3,"PROPOSED, not coded: heat 3 service bays per charge",standard;on;broken,standard 1; on 4@8fps; broken 1 + shared FX,reach_use,"bottom-centre (11,20); keeper floor anchor (16,40)",obj_heatexchanger; shared heat chassis/pose,"shared wobble(1px), smoke, intermittent sparks + gauge fault; cold fallback remains",P2,planned,"Top-tier heatexchanger. Three service circuits and efficiency gauge. ON: 4-frame pressure flame. Proposed location (41,0), logical frame 22x20; stable usePoint(-8,0), effectOrigin(0,-20), bubbleOrigin(0,-28), z40. New tier mechanics and names require review; existing names preserved."
geothermal,Geothermal heating plant,underground,concealed below terrain; revealed only on unlock,False,16x35,drill; heating pipe network,Heat; pressure control; steam repair,Find warm ground; control pressure; test hot tap,prop_rock_layers,dressing_or_activity_prop,1,Supports Heat; pressure control; steam repair; single tier,standard,1,reach_use,bottom-centre; water surface top-left,shared prop_rock_layers,not independently interactive; no repair tier,P2,planned,Separate prop; do not bake interactive furniture into plates. Exact final appearance proposal.
geothermal,Geothermal heating plant,underground,concealed below terrain; revealed only on unlock,False,12x12,drill; heating pipe network,Heat; pressure control; steam repair,Find warm ground; control pressure; test hot tap,prop_steam_vent,dressing_or_activity_prop,1,Supports Heat; pressure control; steam repair; single tier,standard,1,reach_use,bottom-centre; water surface top-left,shared prop_steam_vent,not independently interactive; no repair tier,P2,planned,Separate prop; do not bake interactive furniture into plates. Exact final appearance proposal.
geothermal,Geothermal heating plant,underground,concealed below terrain; revealed only on unlock,False,16x35,drill; heating pipe network,Heat; pressure control; steam repair,Find warm ground; control pressure; test hot tap,prop_pipe_set,dressing_or_activity_prop,1,Supports Heat; pressure control; steam repair; single tier,standard,1,reach_use,bottom-centre; water surface top-left,shared prop_pipe_set,not independently interactive; no repair tier,P2,planned,Separate prop; do not bake interactive furniture into plates. Exact final appearance proposal.
geothermal,Geothermal heating plant,underground,concealed below terrain; revealed only on unlock,False,32x40,drill; heating pipe network,Heat; pressure control; steam repair,Find warm ground; control pressure; test hot tap,keeper_cook_back,keeper_clip,0,Reusable task pose,on,8@8fps,cook_back,"floor (16,40); neck (16,11); shoulders (10,15)/(22,15); hips (13,25)/(19,25)",shared keeper_cook_back,not repairable,P2,delivered-review,32x40 aligned frames; hand-drawn angles and integer translation; no arbitrary raster rotation.
geothermal,Geothermal heating plant,underground,concealed below terrain; revealed only on unlock,False,32x40,drill; heating pipe network,Heat; pressure control; steam repair,Find warm ground; control pressure; test hot tap,keeper_greet,keeper_clip,0,Reusable task pose,on,5@8fps,greet,"floor (16,40); neck (16,11); shoulders (10,15)/(22,15); hips (13,25)/(19,25)",shared keeper_greet,not repairable,P2,planned,32x40 aligned frames; hand-drawn angles and integer translation; no arbitrary raster rotation.
geothermal,Geothermal heating plant,underground,concealed below terrain; revealed only on unlock,False,32x40,drill; heating pipe network,Heat; pressure control; steam repair,Find warm ground; control pressure; test hot tap,keeper_idle,keeper_clip,0,Reusable task pose,on,4@6fps,idle,"floor (16,40); neck (16,11); shoulders (10,15)/(22,15); hips (13,25)/(19,25)",shared keeper_idle,not repairable,P2,delivered-review,32x40 aligned frames; hand-drawn angles and integer translation; no arbitrary raster rotation.
geothermal,Geothermal heating plant,underground,concealed below terrain; revealed only on unlock,False,32x40,drill; heating pipe network,Heat; pressure control; steam repair,Find warm ground; control pressure; test hot tap,keeper_reach_use,keeper_clip,0,Reusable task pose,on,5@10fps,reach_use,"floor (16,40); neck (16,11); shoulders (10,15)/(22,15); hips (13,25)/(19,25)",shared keeper_reach_use,not repairable,P2,planned,32x40 aligned frames; hand-drawn angles and integer translation; no arbitrary raster rotation.
geothermal,Geothermal heating plant,underground,concealed below terrain; revealed only on unlock,False,32x40,drill; heating pipe network,Heat; pressure control; steam repair,Find warm ground; control pressure; test hot tap,keeper_shrug,keeper_clip,0,Reusable task pose,on,4@8fps,shrug,"floor (16,40); neck (16,11); shoulders (10,15)/(22,15); hips (13,25)/(19,25)",shared keeper_shrug,not repairable,P2,planned,32x40 aligned frames; hand-drawn angles and integer translation; no arbitrary raster rotation.
geothermal,Geothermal heating plant,underground,concealed below terrain; revealed only on unlock,False,32x40,drill; heating pipe network,Heat; pressure control; steam repair,Find warm ground; control pressure; test hot tap,keeper_walk,keeper_clip,0,Reusable task pose,on,8@10fps,walk,"floor (16,40); neck (16,11); shoulders (10,15)/(22,15); hips (13,25)/(19,25)",shared keeper_walk,not repairable,P2,delivered-review,32x40 aligned frames; hand-drawn angles and integer translation; no arbitrary raster rotation.
geothermal,Geothermal heating plant,underground,concealed below terrain; revealed only on unlock,False,12x16,drill; heating pipe network,Heat; pressure control; steam repair,Find warm ground; control pressure; test hot tap,fx_broken_smoke,shared_effect,0,Reusable fault/reveal feedback,on,8@8fps,none,"[6, 16]",fx_broken_smoke,overlay; does not move anchors,P2,delivered-review,FX shared; casing/body motion is separately integer-safe.
geothermal,Geothermal heating plant,underground,concealed below terrain; revealed only on unlock,False,12x12,drill; heating pipe network,Heat; pressure control; steam repair,Find warm ground; control pressure; test hot tap,fx_broken_sparks,shared_effect,0,Reusable fault/reveal feedback,on,6@12fps,none,"[6, 6]",fx_broken_sparks,overlay; does not move anchors,P2,delivered-review,FX shared; casing/body motion is separately integer-safe.
geothermal,Geothermal heating plant,underground,concealed below terrain; revealed only on unlock,False,64x64,drill; heating pipe network,Heat; pressure control; steam repair,Find warm ground; control pressure; test hot tap,fx_floor_arrival_smoke,shared_effect,0,Reusable fault/reveal feedback,on,8@12fps,none,"[32, 64]",fx_floor_arrival_smoke,overlay; does not move anchors,P2,planned,FX shared; casing/body motion is separately integer-safe.
geothermal,Geothermal heating plant,underground,concealed below terrain; revealed only on unlock,False,16x16,drill; heating pipe network,Heat; pressure control; steam repair,Find warm ground; control pressure; test hot tap,fx_shine,shared_effect,0,Reusable fault/reveal feedback,on,4@8fps,none,"[8, 16]",fx_shine,overlay; does not move anchors,P2,planned,FX shared; casing/body motion is separately integer-safe.
sea_tunnel,Sea-life underwater tunnel,underground,concealed below terrain; revealed only on unlock,False,165x35,shoreline expansion; seal integrity,Observe wildlife; identify habitats,Inspect seals; match species; trace safe exit,facility_sea_tunnel,room_plate,0,Separate structure; enables activities below,standard,1,none,"top-left (0,0); floor y=35",room timber/stone/tile palette; no furniture,structure faults use separate interactive components,P2,planned,165x35 below shoreline; glass passage with clear walking lane; review: underwater stage and viewing mechanics; source: docs/EXPANSION_DESIGN.md
sea_tunnel,Sea-life underwater tunnel,underground,concealed below terrain; revealed only on unlock,False,5x35,shoreline expansion; seal integrity,Observe wildlife; identify habitats,Inspect seals; match species; trace safe exit,seam_underground,structural_kit,0,Connect without resizing furniture,standard,1,none,integer parent seam; walking-plane y=0,shared wall/beam/pipe segments,none; parent component controls faults,P2,planned,Core remains 110x35; 105x35 plate; world-Y stripes. Extensions consume no standard slot.
sea_tunnel,Sea-life underwater tunnel,underground,concealed below terrain; revealed only on unlock,False,22x20,shoreline expansion; seal integrity,Observe wildlife; identify habitats,Inspect seals; match species; trace safe exit,obj_tunnelseals,interactive_item,1,"PROPOSED, not coded: usable in calm dry weather",standard;on;broken,standard 1; on 4@8fps; broken 1 + shared FX,reach_use,"bottom-centre (11,20); keeper floor anchor (16,40)",obj_tunnelseals; shared weatherproof chassis/pose,"shared wobble(1px), smoke, intermittent sparks + torn seal",P2,planned,"Basic tunnelseals. Plain exposed fixture. ON: 4-frame deployment. Proposed location (15,0), logical frame 22x20; stable usePoint(-8,0), effectOrigin(0,-20), bubbleOrigin(0,-28), z40. New tier mechanics and names require review; existing names preserved."
sea_tunnel,Sea-life underwater tunnel,underground,concealed below terrain; revealed only on unlock,False,22x20,shoreline expansion; seal integrity,Observe wildlife; identify habitats,Inspect seals; match species; trace safe exit,obj_tunnelseals_t2,interactive_item,2,"PROPOSED, not coded: also usable in light rain",standard;on;broken,standard 1; on 4@8fps; broken 1 + shared FX,reach_use,"bottom-centre (11,20); keeper floor anchor (16,40)",obj_tunnelseals; shared weatherproof chassis/pose,"shared wobble(1px), smoke, intermittent sparks + torn seal",P2,planned,"Mid-tier tunnelseals. Light-rain cover. ON: 4-frame deployment. Proposed location (15,0), logical frame 22x20; stable usePoint(-8,0), effectOrigin(0,-20), bubbleOrigin(0,-28), z40. New tier mechanics and names require review; existing names preserved."
sea_tunnel,Sea-life underwater tunnel,underground,concealed below terrain; revealed only on unlock,False,22x20,shoreline expansion; seal integrity,Observe wildlife; identify habitats,Inspect seals; match species; trace safe exit,obj_tunnelseals_t3,interactive_item,3,"PROPOSED, not coded: also usable in moderate rain; never lightning/extreme wind",standard;on;broken,standard 1; on 4@8fps; broken 1 + shared FX,reach_use,"bottom-centre (11,20); keeper floor anchor (16,40)",obj_tunnelseals; shared weatherproof chassis/pose,"shared wobble(1px), smoke, intermittent sparks + torn seal",P2,planned,"Top-tier tunnelseals. Stronger rain seal and status tab; no storm safety bypass. ON: 4-frame deployment. Proposed location (15,0), logical frame 22x20; stable usePoint(-8,0), effectOrigin(0,-20), bubbleOrigin(0,-28), z40. New tier mechanics and names require review; existing names preserved."
sea_tunnel,Sea-life underwater tunnel,underground,concealed below terrain; revealed only on unlock,False,16x35,shoreline expansion; seal integrity,Observe wildlife; identify habitats,Inspect seals; match species; trace safe exit,prop_glass_segments,dressing_or_activity_prop,1,Supports Observe wildlife; identify habitats; single tier,standard,1,reach_use,bottom-centre; water surface top-left,shared prop_glass_segments,not independently interactive; no repair tier,P2,planned,Separate prop; do not bake interactive furniture into plates. Exact final appearance proposal.
sea_tunnel,Sea-life underwater tunnel,underground,concealed below terrain; revealed only on unlock,False,12x12,shoreline expansion; seal integrity,Observe wildlife; identify habitats,Inspect seals; match species; trace safe exit,prop_sea_creatures,dressing_or_activity_prop,1,Supports Observe wildlife; identify habitats; single tier,standard;on,on 4@8fps; standard 1,reach_use,bottom-centre; water surface top-left,shared prop_sea_creatures,not independently interactive; no repair tier,P2,planned,Separate prop; do not bake interactive furniture into plates. Exact final appearance proposal.
sea_tunnel,Sea-life underwater tunnel,underground,concealed below terrain; revealed only on unlock,False,12x12,shoreline expansion; seal integrity,Observe wildlife; identify habitats,Inspect seals; match species; trace safe exit,prop_exit_sign,dressing_or_activity_prop,1,Supports Observe wildlife; identify habitats; single tier,standard,1,reach_use,bottom-centre; water surface top-left,shared prop_exit_sign,not independently interactive; no repair tier,P2,planned,Separate prop; do not bake interactive furniture into plates. Exact final appearance proposal.
sea_tunnel,Sea-life underwater tunnel,underground,concealed below terrain; revealed only on unlock,False,32x40,shoreline expansion; seal integrity,Observe wildlife; identify habitats,Inspect seals; match species; trace safe exit,keeper_greet,keeper_clip,0,Reusable task pose,on,5@8fps,greet,"floor (16,40); neck (16,11); shoulders (10,15)/(22,15); hips (13,25)/(19,25)",shared keeper_greet,not repairable,P2,planned,32x40 aligned frames; hand-drawn angles and integer translation; no arbitrary raster rotation.
sea_tunnel,Sea-life underwater tunnel,underground,concealed below terrain; revealed only on unlock,False,32x40,shoreline expansion; seal integrity,Observe wildlife; identify habitats,Inspect seals; match species; trace safe exit,keeper_idle,keeper_clip,0,Reusable task pose,on,4@6fps,idle,"floor (16,40); neck (16,11); shoulders (10,15)/(22,15); hips (13,25)/(19,25)",shared keeper_idle,not repairable,P2,delivered-review,32x40 aligned frames; hand-drawn angles and integer translation; no arbitrary raster rotation.
sea_tunnel,Sea-life underwater tunnel,underground,concealed below terrain; revealed only on unlock,False,32x40,shoreline expansion; seal integrity,Observe wildlife; identify habitats,Inspect seals; match species; trace safe exit,keeper_reach_use,keeper_clip,0,Reusable task pose,on,5@10fps,reach_use,"floor (16,40); neck (16,11); shoulders (10,15)/(22,15); hips (13,25)/(19,25)",shared keeper_reach_use,not repairable,P2,planned,32x40 aligned frames; hand-drawn angles and integer translation; no arbitrary raster rotation.
sea_tunnel,Sea-life underwater tunnel,underground,concealed below terrain; revealed only on unlock,False,32x40,shoreline expansion; seal integrity,Observe wildlife; identify habitats,Inspect seals; match species; trace safe exit,keeper_shrug,keeper_clip,0,Reusable task pose,on,4@8fps,shrug,"floor (16,40); neck (16,11); shoulders (10,15)/(22,15); hips (13,25)/(19,25)",shared keeper_shrug,not repairable,P2,planned,32x40 aligned frames; hand-drawn angles and integer translation; no arbitrary raster rotation.
sea_tunnel,Sea-life underwater tunnel,underground,concealed below terrain; revealed only on unlock,False,32x40,shoreline expansion; seal integrity,Observe wildlife; identify habitats,Inspect seals; match species; trace safe exit,keeper_walk,keeper_clip,0,Reusable task pose,on,8@10fps,walk,"floor (16,40); neck (16,11); shoulders (10,15)/(22,15); hips (13,25)/(19,25)",shared keeper_walk,not repairable,P2,delivered-review,32x40 aligned frames; hand-drawn angles and integer translation; no arbitrary raster rotation.
sea_tunnel,Sea-life underwater tunnel,underground,concealed below terrain; revealed only on unlock,False,12x16,shoreline expansion; seal integrity,Observe wildlife; identify habitats,Inspect seals; match species; trace safe exit,fx_broken_smoke,shared_effect,0,Reusable fault/reveal feedback,on,8@8fps,none,"[6, 16]",fx_broken_smoke,overlay; does not move anchors,P2,delivered-review,FX shared; casing/body motion is separately integer-safe.
sea_tunnel,Sea-life underwater tunnel,underground,concealed below terrain; revealed only on unlock,False,12x12,shoreline expansion; seal integrity,Observe wildlife; identify habitats,Inspect seals; match species; trace safe exit,fx_broken_sparks,shared_effect,0,Reusable fault/reveal feedback,on,6@12fps,none,"[6, 6]",fx_broken_sparks,overlay; does not move anchors,P2,delivered-review,FX shared; casing/body motion is separately integer-safe.
sea_tunnel,Sea-life underwater tunnel,underground,concealed below terrain; revealed only on unlock,False,64x64,shoreline expansion; seal integrity,Observe wildlife; identify habitats,Inspect seals; match species; trace safe exit,fx_floor_arrival_smoke,shared_effect,0,Reusable fault/reveal feedback,on,8@12fps,none,"[32, 64]",fx_floor_arrival_smoke,overlay; does not move anchors,P2,planned,FX shared; casing/body motion is separately integer-safe.
sea_tunnel,Sea-life underwater tunnel,underground,concealed below terrain; revealed only on unlock,False,16x16,shoreline expansion; seal integrity,Observe wildlife; identify habitats,Inspect seals; match species; trace safe exit,fx_shine,shared_effect,0,Reusable fault/reveal feedback,on,4@8fps,none,"[8, 16]",fx_shine,overlay; does not move anchors,P2,planned,FX shared; casing/body motion is separately integer-safe.
satellite,Satellite dish / radio mast,island,island/shore terrace; no tower stack position,False,66x50,signal network; expanded terrace,Relay; align; signal puzzles,Decode direction; align dish; test message,facility_satellite,room_plate,0,Separate structure; enables activities below,standard,1,none,"top-left (0,0); floor y=50",room timber/stone/tile palette; no furniture,structure faults use separate interactive components,P2,planned,66x50 terrace; dish centre; support legs and service box; approved expansion idea; no real internet; source: docs/EXPANSION_DESIGN.md
satellite,Satellite dish / radio mast,island,island/shore terrace; no tower stack position,False,5x35,signal network; expanded terrace,Relay; align; signal puzzles,Decode direction; align dish; test message,seam_island,structural_kit,0,Connect without resizing furniture,standard,1,none,integer parent seam; walking-plane y=0,shared wall/beam/pipe segments,none; parent component controls faults,P2,planned,Core remains 110x35; 105x35 plate; world-Y stripes. Extensions consume no standard slot.
satellite,Satellite dish / radio mast,island,island/shore terrace; no tower stack position,False,22x20,signal network; expanded terrace,Relay; align; signal puzzles,Decode direction; align dish; test message,obj_dish,interactive_item,1,"PROPOSED, not coded: 1 signal decoded / 20 min",standard;on;broken,standard 1; on 4@8fps; broken 1 + shared FX,phone,"bottom-centre (11,20); keeper floor anchor (16,40)",obj_dish; shared signal chassis/pose,"shared wobble(1px), smoke, intermittent sparks + aerial crack or static",P2,planned,"Basic dish. Small crackling speaker/aerial. ON: 4-frame signal lights. Proposed location (15,0), logical frame 22x20; stable usePoint(-8,0), effectOrigin(0,-20), bubbleOrigin(0,-28), z40. New tier mechanics and names require review; existing names preserved."
satellite,Satellite dish / radio mast,island,island/shore terrace; no tower stack position,False,22x20,signal network; expanded terrace,Relay; align; signal puzzles,Decode direction; align dish; test message,obj_dish_t2,interactive_item,2,"PROPOSED, not coded: 2 signals / 17 min",standard;on;broken,standard 1; on 4@8fps; broken 1 + shared FX,phone,"bottom-centre (11,20); keeper floor anchor (16,40)",obj_dish; shared signal chassis/pose,"shared wobble(1px), smoke, intermittent sparks + aerial crack or static",P2,planned,"Mid-tier dish. Ship-to-shore console and tuned indicator. ON: 4-frame signal lights. Proposed location (15,0), logical frame 22x20; stable usePoint(-8,0), effectOrigin(0,-20), bubbleOrigin(0,-28), z40. New tier mechanics and names require review; existing names preserved."
satellite,Satellite dish / radio mast,island,island/shore terrace; no tower stack position,False,22x20,signal network; expanded terrace,Relay; align; signal puzzles,Decode direction; align dish; test message,obj_dish_t3,interactive_item,3,"PROPOSED, not coded: 3 signals / 14 min",standard;on;broken,standard 1; on 4@8fps; broken 1 + shared FX,phone,"bottom-centre (11,20); keeper floor anchor (16,40)",obj_dish; shared signal chassis/pose,"shared wobble(1px), smoke, intermittent sparks + aerial crack or static",P2,planned,"Top-tier dish. Coastguard-style multi-signal console. ON: 4-frame signal lights. Proposed location (15,0), logical frame 22x20; stable usePoint(-8,0), effectOrigin(0,-20), bubbleOrigin(0,-28), z40. New tier mechanics and names require review; existing names preserved."
satellite,Satellite dish / radio mast,island,island/shore terrace; no tower stack position,False,22x20,signal network; expanded terrace,Relay; align; signal puzzles,Decode direction; align dish; test message,obj_mast,interactive_item,1,"PROPOSED, not coded: 1 signal decoded / 20 min",standard;on;broken,standard 1; on 4@8fps; broken 1 + shared FX,phone,"bottom-centre (11,20); keeper floor anchor (16,40)",obj_mast; shared signal chassis/pose,"shared wobble(1px), smoke, intermittent sparks + aerial crack or static",P2,planned,"Basic mast. Small crackling speaker/aerial. ON: 4-frame signal lights. Proposed location (41,0), logical frame 22x20; stable usePoint(-8,0), effectOrigin(0,-20), bubbleOrigin(0,-28), z40. New tier mechanics and names require review; existing names preserved."
satellite,Satellite dish / radio mast,island,island/shore terrace; no tower stack position,False,22x20,signal network; expanded terrace,Relay; align; signal puzzles,Decode direction; align dish; test message,obj_mast_t2,interactive_item,2,"PROPOSED, not coded: 2 signals / 17 min",standard;on;broken,standard 1; on 4@8fps; broken 1 + shared FX,phone,"bottom-centre (11,20); keeper floor anchor (16,40)",obj_mast; shared signal chassis/pose,"shared wobble(1px), smoke, intermittent sparks + aerial crack or static",P2,planned,"Mid-tier mast. Ship-to-shore console and tuned indicator. ON: 4-frame signal lights. Proposed location (41,0), logical frame 22x20; stable usePoint(-8,0), effectOrigin(0,-20), bubbleOrigin(0,-28), z40. New tier mechanics and names require review; existing names preserved."
satellite,Satellite dish / radio mast,island,island/shore terrace; no tower stack position,False,22x20,signal network; expanded terrace,Relay; align; signal puzzles,Decode direction; align dish; test message,obj_mast_t3,interactive_item,3,"PROPOSED, not coded: 3 signals / 14 min",standard;on;broken,standard 1; on 4@8fps; broken 1 + shared FX,phone,"bottom-centre (11,20); keeper floor anchor (16,40)",obj_mast; shared signal chassis/pose,"shared wobble(1px), smoke, intermittent sparks + aerial crack or static",P2,planned,"Top-tier mast. Coastguard-style multi-signal console. ON: 4-frame signal lights. Proposed location (41,0), logical frame 22x20; stable usePoint(-8,0), effectOrigin(0,-20), bubbleOrigin(0,-28), z40. New tier mechanics and names require review; existing names preserved."
satellite,Satellite dish / radio mast,island,island/shore terrace; no tower stack position,False,12x12,signal network; expanded terrace,Relay; align; signal puzzles,Decode direction; align dish; test message,prop_support_legs,dressing_or_activity_prop,1,Supports Relay; align; signal puzzles; single tier,standard,1,reach_use,bottom-centre; water surface top-left,shared prop_support_legs,not independently interactive; no repair tier,P2,planned,Separate prop; do not bake interactive furniture into plates. Exact final appearance proposal.
satellite,Satellite dish / radio mast,island,island/shore terrace; no tower stack position,False,12x12,signal network; expanded terrace,Relay; align; signal puzzles,Decode direction; align dish; test message,prop_cable,dressing_or_activity_prop,1,Supports Relay; align; signal puzzles; single tier,standard,1,reach_use,bottom-centre; water surface top-left,shared prop_cable,not independently interactive; no repair tier,P2,planned,Separate prop; do not bake interactive furniture into plates. Exact final appearance proposal.
satellite,Satellite dish / radio mast,island,island/shore terrace; no tower stack position,False,32x40,signal network; expanded terrace,Relay; align; signal puzzles,Decode direction; align dish; test message,keeper_greet,keeper_clip,0,Reusable task pose,on,5@8fps,greet,"floor (16,40); neck (16,11); shoulders (10,15)/(22,15); hips (13,25)/(19,25)",shared keeper_greet,not repairable,P2,planned,32x40 aligned frames; hand-drawn angles and integer translation; no arbitrary raster rotation.
satellite,Satellite dish / radio mast,island,island/shore terrace; no tower stack position,False,32x40,signal network; expanded terrace,Relay; align; signal puzzles,Decode direction; align dish; test message,keeper_idle,keeper_clip,0,Reusable task pose,on,4@6fps,idle,"floor (16,40); neck (16,11); shoulders (10,15)/(22,15); hips (13,25)/(19,25)",shared keeper_idle,not repairable,P2,delivered-review,32x40 aligned frames; hand-drawn angles and integer translation; no arbitrary raster rotation.
satellite,Satellite dish / radio mast,island,island/shore terrace; no tower stack position,False,32x40,signal network; expanded terrace,Relay; align; signal puzzles,Decode direction; align dish; test message,keeper_phone,keeper_clip,0,Reusable task pose,on,4@6fps,phone,"floor (16,40); neck (16,11); shoulders (10,15)/(22,15); hips (13,25)/(19,25)",shared keeper_phone,not repairable,P2,planned,32x40 aligned frames; hand-drawn angles and integer translation; no arbitrary raster rotation.
satellite,Satellite dish / radio mast,island,island/shore terrace; no tower stack position,False,32x40,signal network; expanded terrace,Relay; align; signal puzzles,Decode direction; align dish; test message,keeper_reach_use,keeper_clip,0,Reusable task pose,on,5@10fps,reach_use,"floor (16,40); neck (16,11); shoulders (10,15)/(22,15); hips (13,25)/(19,25)",shared keeper_reach_use,not repairable,P2,planned,32x40 aligned frames; hand-drawn angles and integer translation; no arbitrary raster rotation.
satellite,Satellite dish / radio mast,island,island/shore terrace; no tower stack position,False,32x40,signal network; expanded terrace,Relay; align; signal puzzles,Decode direction; align dish; test message,keeper_shrug,keeper_clip,0,Reusable task pose,on,4@8fps,shrug,"floor (16,40); neck (16,11); shoulders (10,15)/(22,15); hips (13,25)/(19,25)",shared keeper_shrug,not repairable,P2,planned,32x40 aligned frames; hand-drawn angles and integer translation; no arbitrary raster rotation.
satellite,Satellite dish / radio mast,island,island/shore terrace; no tower stack position,False,32x40,signal network; expanded terrace,Relay; align; signal puzzles,Decode direction; align dish; test message,keeper_walk,keeper_clip,0,Reusable task pose,on,8@10fps,walk,"floor (16,40); neck (16,11); shoulders (10,15)/(22,15); hips (13,25)/(19,25)",shared keeper_walk,not repairable,P2,delivered-review,32x40 aligned frames; hand-drawn angles and integer translation; no arbitrary raster rotation.
satellite,Satellite dish / radio mast,island,island/shore terrace; no tower stack position,False,12x16,signal network; expanded terrace,Relay; align; signal puzzles,Decode direction; align dish; test message,fx_broken_smoke,shared_effect,0,Reusable fault/reveal feedback,on,8@8fps,none,"[6, 16]",fx_broken_smoke,overlay; does not move anchors,P2,delivered-review,FX shared; casing/body motion is separately integer-safe.
satellite,Satellite dish / radio mast,island,island/shore terrace; no tower stack position,False,12x12,signal network; expanded terrace,Relay; align; signal puzzles,Decode direction; align dish; test message,fx_broken_sparks,shared_effect,0,Reusable fault/reveal feedback,on,6@12fps,none,"[6, 6]",fx_broken_sparks,overlay; does not move anchors,P2,delivered-review,FX shared; casing/body motion is separately integer-safe.
satellite,Satellite dish / radio mast,island,island/shore terrace; no tower stack position,False,64x64,signal network; expanded terrace,Relay; align; signal puzzles,Decode direction; align dish; test message,fx_floor_arrival_smoke,shared_effect,0,Reusable fault/reveal feedback,on,8@12fps,none,"[32, 64]",fx_floor_arrival_smoke,overlay; does not move anchors,P2,planned,FX shared; casing/body motion is separately integer-safe.
satellite,Satellite dish / radio mast,island,island/shore terrace; no tower stack position,False,16x16,signal network; expanded terrace,Relay; align; signal puzzles,Decode direction; align dish; test message,fx_shine,shared_effect,0,Reusable fault/reveal feedback,on,4@8fps,none,"[8, 16]",fx_shine,overlay; does not move anchors,P2,planned,FX shared; casing/body motion is separately integer-safe.
testing_yard,Workshop testing yard,island,island/shore terrace; no tower stack position,False,110x35,workshop; island expansion,Test inventions; labour-saving machines,Assemble safe mechanism; test fault; demonstrate useful output,facility_testing_yard,room_plate,0,Separate structure; enables activities below,standard,1,none,"top-left (0,0); floor y=35",room timber/stone/tile palette; no furniture,structure faults use separate interactive components,P2,planned,110x35 terrace; marked test lane; tools left; barriers right; approved expansion idea; invention scope review; source: docs/EXPANSION_DESIGN.md
testing_yard,Workshop testing yard,island,island/shore terrace; no tower stack position,False,5x35,workshop; island expansion,Test inventions; labour-saving machines,Assemble safe mechanism; test fault; demonstrate useful output,seam_island,structural_kit,0,Connect without resizing furniture,standard,1,none,integer parent seam; walking-plane y=0,shared wall/beam/pipe segments,none; parent component controls faults,P2,planned,Core remains 110x35; 105x35 plate; world-Y stripes. Extensions consume no standard slot.
testing_yard,Workshop testing yard,island,island/shore terrace; no tower stack position,False,22x20,workshop; island expansion,Test inventions; labour-saving machines,Assemble safe mechanism; test fault; demonstrate useful output,obj_testtrack,interactive_item,1,"PROPOSED, not coded: 1 completed batch / 30 min",standard;on;broken,standard 1; on 4@8fps; broken 1 + shared FX,cook_back,"bottom-centre (11,20); keeper floor anchor (16,40)",obj_testtrack; shared craft chassis/pose,"shared wobble(1px), smoke, intermittent sparks + blocked spindle",P2,planned,"Basic testtrack. Manual wheel, printer or assembly bench. ON: 4-frame tool movement. Proposed location (15,0), logical frame 22x20; stable usePoint(-8,0), effectOrigin(0,-20), bubbleOrigin(0,-28), z40. New tier mechanics and names require review; existing names preserved."
testing_yard,Workshop testing yard,island,island/shore terrace; no tower stack position,False,22x20,workshop; island expansion,Test inventions; labour-saving machines,Assemble safe mechanism; test fault; demonstrate useful output,obj_testtrack_t2,interactive_item,2,"PROPOSED, not coded: 2 batches / 26 min",standard;on;broken,standard 1; on 4@8fps; broken 1 + shared FX,cook_back,"bottom-centre (11,20); keeper floor anchor (16,40)",obj_testtrack; shared craft chassis/pose,"shared wobble(1px), smoke, intermittent sparks + blocked spindle",P2,planned,"Mid-tier testtrack. Two-batch fixture or feed tray. ON: 4-frame tool movement. Proposed location (15,0), logical frame 22x20; stable usePoint(-8,0), effectOrigin(0,-20), bubbleOrigin(0,-28), z40. New tier mechanics and names require review; existing names preserved."
testing_yard,Workshop testing yard,island,island/shore terrace; no tower stack position,False,22x20,workshop; island expansion,Test inventions; labour-saving machines,Assemble safe mechanism; test fault; demonstrate useful output,obj_testtrack_t3,interactive_item,3,"PROPOSED, not coded: 3 batches / 21 min",standard;on;broken,standard 1; on 4@8fps; broken 1 + shared FX,cook_back,"bottom-centre (11,20); keeper floor anchor (16,40)",obj_testtrack; shared craft chassis/pose,"shared wobble(1px), smoke, intermittent sparks + blocked spindle",P2,planned,"Top-tier testtrack. Three-batch automated fixture; same anchor. ON: 4-frame tool movement. Proposed location (15,0), logical frame 22x20; stable usePoint(-8,0), effectOrigin(0,-20), bubbleOrigin(0,-28), z40. New tier mechanics and names require review; existing names preserved."
testing_yard,Workshop testing yard,island,island/shore terrace; no tower stack position,False,22x20,workshop; island expansion,Test inventions; labour-saving machines,Assemble safe mechanism; test fault; demonstrate useful output,obj_butler,interactive_item,1,"PROPOSED, not coded: 40 tidiness / 25 min",standard;on;broken,standard 1; on 4@8fps; broken 1 + shared FX,tidy,"bottom-centre (11,20); keeper floor anchor (16,40)",obj_butler; shared clean chassis/pose,"shared wobble(1px), smoke, intermittent sparks + split bristle or stalled wheel",P2,planned,"Basic butler. Broom and bristles. ON: 4-frame tool motion. Proposed location (41,0), logical frame 22x20; stable usePoint(-8,0), effectOrigin(0,-20), bubbleOrigin(0,-28), z40. New tier mechanics and names require review; existing names preserved."
testing_yard,Workshop testing yard,island,island/shore terrace; no tower stack position,False,22x20,workshop; island expansion,Test inventions; labour-saving machines,Assemble safe mechanism; test fault; demonstrate useful output,obj_butler_t2,interactive_item,2,"PROPOSED, not coded: 50 tidiness / 21 min",standard;on;broken,standard 1; on 4@8fps; broken 1 + shared FX,tidy,"bottom-centre (11,20); keeper floor anchor (16,40)",obj_butler; shared clean chassis/pose,"shared wobble(1px), smoke, intermittent sparks + split bristle or stalled wheel",P2,planned,"Mid-tier butler. Hoover body with hose. ON: 4-frame tool motion. Proposed location (41,0), logical frame 22x20; stable usePoint(-8,0), effectOrigin(0,-20), bubbleOrigin(0,-28), z40. New tier mechanics and names require review; existing names preserved."
testing_yard,Workshop testing yard,island,island/shore terrace; no tower stack position,False,22x20,workshop; island expansion,Test inventions; labour-saving machines,Assemble safe mechanism; test fault; demonstrate useful output,obj_butler_t3,interactive_item,3,"PROPOSED, not coded: 60 tidiness / 18 min",standard;on;broken,standard 1; on 4@8fps; broken 1 + shared FX,tidy,"bottom-centre (11,20); keeper floor anchor (16,40)",obj_butler; shared clean chassis/pose,"shared wobble(1px), smoke, intermittent sparks + split bristle or stalled wheel",P2,planned,"Top-tier butler. Robot cleaner with wheels and automatic status light. ON: 4-frame tool motion. Proposed location (41,0), logical frame 22x20; stable usePoint(-8,0), effectOrigin(0,-20), bubbleOrigin(0,-28), z40. New tier mechanics and names require review; existing names preserved."
testing_yard,Workshop testing yard,island,island/shore terrace; no tower stack position,False,12x12,workshop; island expansion,Test inventions; labour-saving machines,Assemble safe mechanism; test fault; demonstrate useful output,prop_safety_barrier,dressing_or_activity_prop,1,Supports Test inventions; labour-saving machines; single tier,standard,1,reach_use,bottom-centre; water surface top-left,shared prop_safety_barrier,not independently interactive; no repair tier,P2,planned,Separate prop; do not bake interactive furniture into plates. Exact final appearance proposal.
testing_yard,Workshop testing yard,island,island/shore terrace; no tower stack position,False,12x12,workshop; island expansion,Test inventions; labour-saving machines,Assemble safe mechanism; test fault; demonstrate useful output,prop_crate_targets,dressing_or_activity_prop,1,Supports Test inventions; labour-saving machines; single tier,standard,1,reach_use,bottom-centre; water surface top-left,shared prop_crate_targets,not independently interactive; no repair tier,P2,planned,Separate prop; do not bake interactive furniture into plates. Exact final appearance proposal.
testing_yard,Workshop testing yard,island,island/shore terrace; no tower stack position,False,32x40,workshop; island expansion,Test inventions; labour-saving machines,Assemble safe mechanism; test fault; demonstrate useful output,keeper_cook_back,keeper_clip,0,Reusable task pose,on,8@8fps,cook_back,"floor (16,40); neck (16,11); shoulders (10,15)/(22,15); hips (13,25)/(19,25)",shared keeper_cook_back,not repairable,P2,delivered-review,32x40 aligned frames; hand-drawn angles and integer translation; no arbitrary raster rotation.
testing_yard,Workshop testing yard,island,island/shore terrace; no tower stack position,False,32x40,workshop; island expansion,Test inventions; labour-saving machines,Assemble safe mechanism; test fault; demonstrate useful output,keeper_greet,keeper_clip,0,Reusable task pose,on,5@8fps,greet,"floor (16,40); neck (16,11); shoulders (10,15)/(22,15); hips (13,25)/(19,25)",shared keeper_greet,not repairable,P2,planned,32x40 aligned frames; hand-drawn angles and integer translation; no arbitrary raster rotation.
testing_yard,Workshop testing yard,island,island/shore terrace; no tower stack position,False,32x40,workshop; island expansion,Test inventions; labour-saving machines,Assemble safe mechanism; test fault; demonstrate useful output,keeper_idle,keeper_clip,0,Reusable task pose,on,4@6fps,idle,"floor (16,40); neck (16,11); shoulders (10,15)/(22,15); hips (13,25)/(19,25)",shared keeper_idle,not repairable,P2,delivered-review,32x40 aligned frames; hand-drawn angles and integer translation; no arbitrary raster rotation.
testing_yard,Workshop testing yard,island,island/shore terrace; no tower stack position,False,32x40,workshop; island expansion,Test inventions; labour-saving machines,Assemble safe mechanism; test fault; demonstrate useful output,keeper_reach_use,keeper_clip,0,Reusable task pose,on,5@10fps,reach_use,"floor (16,40); neck (16,11); shoulders (10,15)/(22,15); hips (13,25)/(19,25)",shared keeper_reach_use,not repairable,P2,planned,32x40 aligned frames; hand-drawn angles and integer translation; no arbitrary raster rotation.
testing_yard,Workshop testing yard,island,island/shore terrace; no tower stack position,False,32x40,workshop; island expansion,Test inventions; labour-saving machines,Assemble safe mechanism; test fault; demonstrate useful output,keeper_shrug,keeper_clip,0,Reusable task pose,on,4@8fps,shrug,"floor (16,40); neck (16,11); shoulders (10,15)/(22,15); hips (13,25)/(19,25)",shared keeper_shrug,not repairable,P2,planned,32x40 aligned frames; hand-drawn angles and integer translation; no arbitrary raster rotation.
testing_yard,Workshop testing yard,island,island/shore terrace; no tower stack position,False,32x40,workshop; island expansion,Test inventions; labour-saving machines,Assemble safe mechanism; test fault; demonstrate useful output,keeper_tidy,keeper_clip,0,Reusable task pose,on,6@8fps,tidy,"floor (16,40); neck (16,11); shoulders (10,15)/(22,15); hips (13,25)/(19,25)",shared keeper_tidy,not repairable,P2,planned,32x40 aligned frames; hand-drawn angles and integer translation; no arbitrary raster rotation.
testing_yard,Workshop testing yard,island,island/shore terrace; no tower stack position,False,32x40,workshop; island expansion,Test inventions; labour-saving machines,Assemble safe mechanism; test fault; demonstrate useful output,keeper_walk,keeper_clip,0,Reusable task pose,on,8@10fps,walk,"floor (16,40); neck (16,11); shoulders (10,15)/(22,15); hips (13,25)/(19,25)",shared keeper_walk,not repairable,P2,delivered-review,32x40 aligned frames; hand-drawn angles and integer translation; no arbitrary raster rotation.
testing_yard,Workshop testing yard,island,island/shore terrace; no tower stack position,False,12x16,workshop; island expansion,Test inventions; labour-saving machines,Assemble safe mechanism; test fault; demonstrate useful output,fx_broken_smoke,shared_effect,0,Reusable fault/reveal feedback,on,8@8fps,none,"[6, 16]",fx_broken_smoke,overlay; does not move anchors,P2,delivered-review,FX shared; casing/body motion is separately integer-safe.
testing_yard,Workshop testing yard,island,island/shore terrace; no tower stack position,False,12x12,workshop; island expansion,Test inventions; labour-saving machines,Assemble safe mechanism; test fault; demonstrate useful output,fx_broken_sparks,shared_effect,0,Reusable fault/reveal feedback,on,6@12fps,none,"[6, 6]",fx_broken_sparks,overlay; does not move anchors,P2,delivered-review,FX shared; casing/body motion is separately integer-safe.
testing_yard,Workshop testing yard,island,island/shore terrace; no tower stack position,False,64x64,workshop; island expansion,Test inventions; labour-saving machines,Assemble safe mechanism; test fault; demonstrate useful output,fx_floor_arrival_smoke,shared_effect,0,Reusable fault/reveal feedback,on,8@12fps,none,"[32, 64]",fx_floor_arrival_smoke,overlay; does not move anchors,P2,planned,FX shared; casing/body motion is separately integer-safe.
testing_yard,Workshop testing yard,island,island/shore terrace; no tower stack position,False,16x16,workshop; island expansion,Test inventions; labour-saving machines,Assemble safe mechanism; test fault; demonstrate useful output,fx_shine,shared_effect,0,Reusable fault/reveal feedback,on,4@8fps,none,"[8, 16]",fx_shine,overlay; does not move anchors,P2,planned,FX shared; casing/body motion is separately integer-safe.
solar,Solar terraces / folding wall array,island,island/shore terrace; no tower stack position,False,110x35,power cut; forecasts; battery; circuit puzzle,Charge; prioritize lamp/boiler/lift; clear snow; repair glass,Find sunny site; repair circuit; route battery to lamp,facility_solar,room_plate,0,Separate structure; enables activities below,standard,1,none,"top-left (0,0); floor y=35",room timber/stone/tile palette; no furniture,structure faults use separate interactive components,P2,planned,"Basic 22x12 rail panel; mid 44x24 folding array; top 110x35 island field; review: tier 4 sun tracker considered optional, not silently removed; source: docs/EXPANSION_DESIGN.md"
solar,Solar terraces / folding wall array,island,island/shore terrace; no tower stack position,False,5x35,power cut; forecasts; battery; circuit puzzle,Charge; prioritize lamp/boiler/lift; clear snow; repair glass,Find sunny site; repair circuit; route battery to lamp,seam_island,structural_kit,0,Connect without resizing furniture,standard,1,none,integer parent seam; walking-plane y=0,shared wall/beam/pipe segments,none; parent component controls faults,P2,planned,Core remains 110x35; 105x35 plate; world-Y stripes. Extensions consume no standard slot.
solar,Solar terraces / folding wall array,island,island/shore terrace; no tower stack position,False,22x20,power cut; forecasts; battery; circuit puzzle,Charge; prioritize lamp/boiler/lift; clear snow; repair glass,Find sunny site; repair circuit; route battery to lamp,obj_solarpanel,interactive_item,1,"PROPOSED, not coded: 10 stored or generated energy units per clear game day",standard;on;broken,standard 1; on 4@8fps; broken 1 + shared FX,reach_use,"bottom-centre (11,20); keeper floor anchor (16,40)",obj_solarpanel; shared power chassis/pose,"shared wobble(1px), smoke, intermittent sparks + cracked cable or stalled motor",P2,planned,"Basic solarpanel. Small manual panel/battery/motor with one status lamp. ON: 4-frame status lights. Proposed location (15,0), logical frame 22x20; stable usePoint(-8,0), effectOrigin(0,-20), bubbleOrigin(0,-28), z40. New tier mechanics and names require review; existing names preserved."
solar,Solar terraces / folding wall array,island,island/shore terrace; no tower stack position,False,22x20,power cut; forecasts; battery; circuit puzzle,Charge; prioritize lamp/boiler/lift; clear snow; repair glass,Find sunny site; repair circuit; route battery to lamp,obj_solarpanel_t2,interactive_item,2,"PROPOSED, not coded: 20 energy units per clear day",standard;on;broken,standard 1; on 4@8fps; broken 1 + shared FX,reach_use,"bottom-centre (11,20); keeper floor anchor (16,40)",obj_solarpanel; shared power chassis/pose,"shared wobble(1px), smoke, intermittent sparks + cracked cable or stalled motor",P2,planned,"Mid-tier solarpanel. Larger working surface and second capacity band. ON: 4-frame status lights. Proposed location (15,0), logical frame 22x20; stable usePoint(-8,0), effectOrigin(0,-20), bubbleOrigin(0,-28), z40. New tier mechanics and names require review; existing names preserved."
solar,Solar terraces / folding wall array,island,island/shore terrace; no tower stack position,False,22x20,power cut; forecasts; battery; circuit puzzle,Charge; prioritize lamp/boiler/lift; clear snow; repair glass,Find sunny site; repair circuit; route battery to lamp,obj_solarpanel_t3,interactive_item,3,"PROPOSED, not coded: 30 energy units per clear day",standard;on;broken,standard 1; on 4@8fps; broken 1 + shared FX,reach_use,"bottom-centre (11,20); keeper floor anchor (16,40)",obj_solarpanel; shared power chassis/pose,"shared wobble(1px), smoke, intermittent sparks + cracked cable or stalled motor",P2,planned,"Top-tier solarpanel. Automatic controller and three output bands. ON: 4-frame status lights. Proposed location (15,0), logical frame 22x20; stable usePoint(-8,0), effectOrigin(0,-20), bubbleOrigin(0,-28), z40. New tier mechanics and names require review; existing names preserved."
solar,Solar terraces / folding wall array,island,island/shore terrace; no tower stack position,False,22x20,power cut; forecasts; battery; circuit puzzle,Charge; prioritize lamp/boiler/lift; clear snow; repair glass,Find sunny site; repair circuit; route battery to lamp,obj_battery,interactive_item,1,"PROPOSED, not coded: 20 energy units stored",standard;on;broken,standard 1; on 4@8fps; broken 1 + shared FX,reach_use,"bottom-centre (11,20); keeper floor anchor (16,40)",obj_battery; shared power chassis/pose,"shared wobble(1px), smoke, intermittent sparks + cracked cable or stalled motor",P2,planned,"Basic battery. Small manual panel/battery/motor with one status lamp. ON: 4-frame status lights. Proposed location (41,0), logical frame 22x20; stable usePoint(-8,0), effectOrigin(0,-20), bubbleOrigin(0,-28), z40. New tier mechanics and names require review; existing names preserved."
solar,Solar terraces / folding wall array,island,island/shore terrace; no tower stack position,False,22x20,power cut; forecasts; battery; circuit puzzle,Charge; prioritize lamp/boiler/lift; clear snow; repair glass,Find sunny site; repair circuit; route battery to lamp,obj_battery_t2,interactive_item,2,"PROPOSED, not coded: 40 units stored",standard;on;broken,standard 1; on 4@8fps; broken 1 + shared FX,reach_use,"bottom-centre (11,20); keeper floor anchor (16,40)",obj_battery; shared power chassis/pose,"shared wobble(1px), smoke, intermittent sparks + cracked cable or stalled motor",P2,planned,"Mid-tier battery. Larger working surface and second capacity band. ON: 4-frame status lights. Proposed location (41,0), logical frame 22x20; stable usePoint(-8,0), effectOrigin(0,-20), bubbleOrigin(0,-28), z40. New tier mechanics and names require review; existing names preserved."
solar,Solar terraces / folding wall array,island,island/shore terrace; no tower stack position,False,22x20,power cut; forecasts; battery; circuit puzzle,Charge; prioritize lamp/boiler/lift; clear snow; repair glass,Find sunny site; repair circuit; route battery to lamp,obj_battery_t3,interactive_item,3,"PROPOSED, not coded: 60 units stored",standard;on;broken,standard 1; on 4@8fps; broken 1 + shared FX,reach_use,"bottom-centre (11,20); keeper floor anchor (16,40)",obj_battery; shared power chassis/pose,"shared wobble(1px), smoke, intermittent sparks + cracked cable or stalled motor",P2,planned,"Top-tier battery. Automatic controller and three output bands. ON: 4-frame status lights. Proposed location (41,0), logical frame 22x20; stable usePoint(-8,0), effectOrigin(0,-20), bubbleOrigin(0,-28), z40. New tier mechanics and names require review; existing names preserved."
solar,Solar terraces / folding wall array,island,island/shore terrace; no tower stack position,False,22x20,power cut; forecasts; battery; circuit puzzle,Charge; prioritize lamp/boiler/lift; clear snow; repair glass,Find sunny site; repair circuit; route battery to lamp,obj_powerrouter,interactive_item,1,"PROPOSED, not coded: route power to 3 circuits",standard;on;broken,standard 1; on 4@8fps; broken 1 + shared FX,reach_use,"bottom-centre (11,20); keeper floor anchor (16,40)",obj_powerrouter; shared power chassis/pose,"shared wobble(1px), smoke, intermittent sparks + cracked cable or stalled motor",P2,planned,"Basic powerrouter. Small manual panel/battery/motor with one status lamp. ON: 4-frame status lights. Proposed location (67,0), logical frame 22x20; stable usePoint(-8,0), effectOrigin(0,-20), bubbleOrigin(0,-28), z40. New tier mechanics and names require review; existing names preserved."
solar,Solar terraces / folding wall array,island,island/shore terrace; no tower stack position,False,22x20,power cut; forecasts; battery; circuit puzzle,Charge; prioritize lamp/boiler/lift; clear snow; repair glass,Find sunny site; repair circuit; route battery to lamp,obj_powerrouter_t2,interactive_item,2,"PROPOSED, not coded: 6 circuits",standard;on;broken,standard 1; on 4@8fps; broken 1 + shared FX,reach_use,"bottom-centre (11,20); keeper floor anchor (16,40)",obj_powerrouter; shared power chassis/pose,"shared wobble(1px), smoke, intermittent sparks + cracked cable or stalled motor",P2,planned,"Mid-tier powerrouter. Larger working surface and second capacity band. ON: 4-frame status lights. Proposed location (67,0), logical frame 22x20; stable usePoint(-8,0), effectOrigin(0,-20), bubbleOrigin(0,-28), z40. New tier mechanics and names require review; existing names preserved."
solar,Solar terraces / folding wall array,island,island/shore terrace; no tower stack position,False,22x20,power cut; forecasts; battery; circuit puzzle,Charge; prioritize lamp/boiler/lift; clear snow; repair glass,Find sunny site; repair circuit; route battery to lamp,obj_powerrouter_t3,interactive_item,3,"PROPOSED, not coded: 9 circuits",standard;on;broken,standard 1; on 4@8fps; broken 1 + shared FX,reach_use,"bottom-centre (11,20); keeper floor anchor (16,40)",obj_powerrouter; shared power chassis/pose,"shared wobble(1px), smoke, intermittent sparks + cracked cable or stalled motor",P2,planned,"Top-tier powerrouter. Automatic controller and three output bands. ON: 4-frame status lights. Proposed location (67,0), logical frame 22x20; stable usePoint(-8,0), effectOrigin(0,-20), bubbleOrigin(0,-28), z40. New tier mechanics and names require review; existing names preserved."
solar,Solar terraces / folding wall array,island,island/shore terrace; no tower stack position,False,12x12,power cut; forecasts; battery; circuit puzzle,Charge; prioritize lamp/boiler/lift; clear snow; repair glass,Find sunny site; repair circuit; route battery to lamp,prop_panel_mount,dressing_or_activity_prop,1,Supports Charge; prioritize lamp/boiler/lift; clear snow; repair glass; single tier,standard,1,reach_use,bottom-centre; water surface top-left,shared prop_panel_mount,not independently interactive; no repair tier,P2,planned,Separate prop; do not bake interactive furniture into plates. Exact final appearance proposal.
solar,Solar terraces / folding wall array,island,island/shore terrace; no tower stack position,False,12x12,power cut; forecasts; battery; circuit puzzle,Charge; prioritize lamp/boiler/lift; clear snow; repair glass,Find sunny site; repair circuit; route battery to lamp,prop_cable,dressing_or_activity_prop,1,Supports Charge; prioritize lamp/boiler/lift; clear snow; repair glass; single tier,standard,1,reach_use,bottom-centre; water surface top-left,shared prop_cable,not independently interactive; no repair tier,P2,planned,Separate prop; do not bake interactive furniture into plates. Exact final appearance proposal.
solar,Solar terraces / folding wall array,island,island/shore terrace; no tower stack position,False,12x12,power cut; forecasts; battery; circuit puzzle,Charge; prioritize lamp/boiler/lift; clear snow; repair glass,Find sunny site; repair circuit; route battery to lamp,prop_snow_overlay,dressing_or_activity_prop,1,Supports Charge; prioritize lamp/boiler/lift; clear snow; repair glass; single tier,standard,1,reach_use,bottom-centre; water surface top-left,shared prop_snow_overlay,not independently interactive; no repair tier,P2,planned,Separate prop; do not bake interactive furniture into plates. Exact final appearance proposal.
solar,Solar terraces / folding wall array,island,island/shore terrace; no tower stack position,False,32x40,power cut; forecasts; battery; circuit puzzle,Charge; prioritize lamp/boiler/lift; clear snow; repair glass,Find sunny site; repair circuit; route battery to lamp,keeper_greet,keeper_clip,0,Reusable task pose,on,5@8fps,greet,"floor (16,40); neck (16,11); shoulders (10,15)/(22,15); hips (13,25)/(19,25)",shared keeper_greet,not repairable,P2,planned,32x40 aligned frames; hand-drawn angles and integer translation; no arbitrary raster rotation.
solar,Solar terraces / folding wall array,island,island/shore terrace; no tower stack position,False,32x40,power cut; forecasts; battery; circuit puzzle,Charge; prioritize lamp/boiler/lift; clear snow; repair glass,Find sunny site; repair circuit; route battery to lamp,keeper_idle,keeper_clip,0,Reusable task pose,on,4@6fps,idle,"floor (16,40); neck (16,11); shoulders (10,15)/(22,15); hips (13,25)/(19,25)",shared keeper_idle,not repairable,P2,delivered-review,32x40 aligned frames; hand-drawn angles and integer translation; no arbitrary raster rotation.
solar,Solar terraces / folding wall array,island,island/shore terrace; no tower stack position,False,32x40,power cut; forecasts; battery; circuit puzzle,Charge; prioritize lamp/boiler/lift; clear snow; repair glass,Find sunny site; repair circuit; route battery to lamp,keeper_reach_use,keeper_clip,0,Reusable task pose,on,5@10fps,reach_use,"floor (16,40); neck (16,11); shoulders (10,15)/(22,15); hips (13,25)/(19,25)",shared keeper_reach_use,not repairable,P2,planned,32x40 aligned frames; hand-drawn angles and integer translation; no arbitrary raster rotation.
solar,Solar terraces / folding wall array,island,island/shore terrace; no tower stack position,False,32x40,power cut; forecasts; battery; circuit puzzle,Charge; prioritize lamp/boiler/lift; clear snow; repair glass,Find sunny site; repair circuit; route battery to lamp,keeper_shrug,keeper_clip,0,Reusable task pose,on,4@8fps,shrug,"floor (16,40); neck (16,11); shoulders (10,15)/(22,15); hips (13,25)/(19,25)",shared keeper_shrug,not repairable,P2,planned,32x40 aligned frames; hand-drawn angles and integer translation; no arbitrary raster rotation.
solar,Solar terraces / folding wall array,island,island/shore terrace; no tower stack position,False,32x40,power cut; forecasts; battery; circuit puzzle,Charge; prioritize lamp/boiler/lift; clear snow; repair glass,Find sunny site; repair circuit; route battery to lamp,keeper_walk,keeper_clip,0,Reusable task pose,on,8@10fps,walk,"floor (16,40); neck (16,11); shoulders (10,15)/(22,15); hips (13,25)/(19,25)",shared keeper_walk,not repairable,P2,delivered-review,32x40 aligned frames; hand-drawn angles and integer translation; no arbitrary raster rotation.
solar,Solar terraces / folding wall array,island,island/shore terrace; no tower stack position,False,12x16,power cut; forecasts; battery; circuit puzzle,Charge; prioritize lamp/boiler/lift; clear snow; repair glass,Find sunny site; repair circuit; route battery to lamp,fx_broken_smoke,shared_effect,0,Reusable fault/reveal feedback,on,8@8fps,none,"[6, 16]",fx_broken_smoke,overlay; does not move anchors,P2,delivered-review,FX shared; casing/body motion is separately integer-safe.
solar,Solar terraces / folding wall array,island,island/shore terrace; no tower stack position,False,12x12,power cut; forecasts; battery; circuit puzzle,Charge; prioritize lamp/boiler/lift; clear snow; repair glass,Find sunny site; repair circuit; route battery to lamp,fx_broken_sparks,shared_effect,0,Reusable fault/reveal feedback,on,6@12fps,none,"[6, 6]",fx_broken_sparks,overlay; does not move anchors,P2,delivered-review,FX shared; casing/body motion is separately integer-safe.
solar,Solar terraces / folding wall array,island,island/shore terrace; no tower stack position,False,64x64,power cut; forecasts; battery; circuit puzzle,Charge; prioritize lamp/boiler/lift; clear snow; repair glass,Find sunny site; repair circuit; route battery to lamp,fx_floor_arrival_smoke,shared_effect,0,Reusable fault/reveal feedback,on,8@12fps,none,"[32, 64]",fx_floor_arrival_smoke,overlay; does not move anchors,P2,planned,FX shared; casing/body motion is separately integer-safe.
solar,Solar terraces / folding wall array,island,island/shore terrace; no tower stack position,False,16x16,power cut; forecasts; battery; circuit puzzle,Charge; prioritize lamp/boiler/lift; clear snow; repair glass,Find sunny site; repair circuit; route battery to lamp,fx_shine,shared_effect,0,Reusable fault/reveal feedback,on,4@8fps,none,"[8, 16]",fx_shine,overlay; does not move anchors,P2,planned,FX shared; casing/body motion is separately integer-safe.
solar_tracker,Comic sun-tracking array,island,island/shore terrace; no tower stack position,False,66x35,solar; tracking decision,Track sun; reset mistaken bright-target tracking,Compare sky targets; calibrate sensor,facility_solar_tracker,room_plate,0,Separate structure; enables activities below,standard,1,none,"top-left (0,0); floor y=35",room timber/stone/tile palette; no furniture,structure faults use separate interactive components,P2,planned,66x35 solar terrace add-on; tracking mount on stable base; discussed fourth tier; separate optional module pending approval; source: docs/EXPANSION_DESIGN.md
solar_tracker,Comic sun-tracking array,island,island/shore terrace; no tower stack position,False,5x35,solar; tracking decision,Track sun; reset mistaken bright-target tracking,Compare sky targets; calibrate sensor,seam_island,structural_kit,0,Connect without resizing furniture,standard,1,none,integer parent seam; walking-plane y=0,shared wall/beam/pipe segments,none; parent component controls faults,P2,planned,Core remains 110x35; 105x35 plate; world-Y stripes. Extensions consume no standard slot.
solar_tracker,Comic sun-tracking array,island,island/shore terrace; no tower stack position,False,22x20,solar; tracking decision,Track sun; reset mistaken bright-target tracking,Compare sky targets; calibrate sensor,obj_suntracker,interactive_item,1,"PROPOSED, not coded: 30 energy units on clear day; manual alignment",standard;on;broken,standard 1; on 4@8fps; broken 1 + shared FX,reach_use,"bottom-centre (11,20); keeper floor anchor (16,40)",obj_suntracker; shared power chassis/pose,"shared wobble(1px), smoke, intermittent sparks + cracked cable or stalled motor",P2,planned,"Basic suntracker. Small manual panel/battery/motor with one status lamp. ON: 4-frame status lights. Proposed location (15,0), logical frame 22x20; stable usePoint(-8,0), effectOrigin(0,-20), bubbleOrigin(0,-28), z40. New tier mechanics and names require review; existing names preserved."
solar_tracker,Comic sun-tracking array,island,island/shore terrace; no tower stack position,False,22x20,solar; tracking decision,Track sun; reset mistaken bright-target tracking,Compare sky targets; calibrate sensor,obj_suntracker_t2,interactive_item,2,"PROPOSED, not coded: 36 units; tracks every 2 game hours",standard;on;broken,standard 1; on 4@8fps; broken 1 + shared FX,reach_use,"bottom-centre (11,20); keeper floor anchor (16,40)",obj_suntracker; shared power chassis/pose,"shared wobble(1px), smoke, intermittent sparks + cracked cable or stalled motor",P2,planned,"Mid-tier suntracker. Larger working surface and second capacity band. ON: 4-frame status lights. Proposed location (15,0), logical frame 22x20; stable usePoint(-8,0), effectOrigin(0,-20), bubbleOrigin(0,-28), z40. New tier mechanics and names require review; existing names preserved."
solar_tracker,Comic sun-tracking array,island,island/shore terrace; no tower stack position,False,22x20,solar; tracking decision,Track sun; reset mistaken bright-target tracking,Compare sky targets; calibrate sensor,obj_suntracker_t3,interactive_item,3,"PROPOSED, not coded: 42 units; tracks hourly",standard;on;broken,standard 1; on 4@8fps; broken 1 + shared FX,reach_use,"bottom-centre (11,20); keeper floor anchor (16,40)",obj_suntracker; shared power chassis/pose,"shared wobble(1px), smoke, intermittent sparks + cracked cable or stalled motor",P2,planned,"Top-tier suntracker. Automatic controller and three output bands. ON: 4-frame status lights. Proposed location (15,0), logical frame 22x20; stable usePoint(-8,0), effectOrigin(0,-20), bubbleOrigin(0,-28), z40. New tier mechanics and names require review; existing names preserved."
solar_tracker,Comic sun-tracking array,island,island/shore terrace; no tower stack position,False,12x12,solar; tracking decision,Track sun; reset mistaken bright-target tracking,Compare sky targets; calibrate sensor,prop_tracking_mount,dressing_or_activity_prop,1,Supports Track sun; reset mistaken bright-target tracking; single tier,standard,1,reach_use,bottom-centre; water surface top-left,shared prop_tracking_mount,not independently interactive; no repair tier,P2,planned,Separate prop; do not bake interactive furniture into plates. Exact final appearance proposal.
solar_tracker,Comic sun-tracking array,island,island/shore terrace; no tower stack position,False,12x12,solar; tracking decision,Track sun; reset mistaken bright-target tracking,Compare sky targets; calibrate sensor,prop_brightness_targets,dressing_or_activity_prop,1,Supports Track sun; reset mistaken bright-target tracking; single tier,standard,1,reach_use,bottom-centre; water surface top-left,shared prop_brightness_targets,not independently interactive; no repair tier,P2,planned,Separate prop; do not bake interactive furniture into plates. Exact final appearance proposal.
solar_tracker,Comic sun-tracking array,island,island/shore terrace; no tower stack position,False,32x40,solar; tracking decision,Track sun; reset mistaken bright-target tracking,Compare sky targets; calibrate sensor,keeper_greet,keeper_clip,0,Reusable task pose,on,5@8fps,greet,"floor (16,40); neck (16,11); shoulders (10,15)/(22,15); hips (13,25)/(19,25)",shared keeper_greet,not repairable,P2,planned,32x40 aligned frames; hand-drawn angles and integer translation; no arbitrary raster rotation.
solar_tracker,Comic sun-tracking array,island,island/shore terrace; no tower stack position,False,32x40,solar; tracking decision,Track sun; reset mistaken bright-target tracking,Compare sky targets; calibrate sensor,keeper_idle,keeper_clip,0,Reusable task pose,on,4@6fps,idle,"floor (16,40); neck (16,11); shoulders (10,15)/(22,15); hips (13,25)/(19,25)",shared keeper_idle,not repairable,P2,delivered-review,32x40 aligned frames; hand-drawn angles and integer translation; no arbitrary raster rotation.
solar_tracker,Comic sun-tracking array,island,island/shore terrace; no tower stack position,False,32x40,solar; tracking decision,Track sun; reset mistaken bright-target tracking,Compare sky targets; calibrate sensor,keeper_reach_use,keeper_clip,0,Reusable task pose,on,5@10fps,reach_use,"floor (16,40); neck (16,11); shoulders (10,15)/(22,15); hips (13,25)/(19,25)",shared keeper_reach_use,not repairable,P2,planned,32x40 aligned frames; hand-drawn angles and integer translation; no arbitrary raster rotation.
solar_tracker,Comic sun-tracking array,island,island/shore terrace; no tower stack position,False,32x40,solar; tracking decision,Track sun; reset mistaken bright-target tracking,Compare sky targets; calibrate sensor,keeper_shrug,keeper_clip,0,Reusable task pose,on,4@8fps,shrug,"floor (16,40); neck (16,11); shoulders (10,15)/(22,15); hips (13,25)/(19,25)",shared keeper_shrug,not repairable,P2,planned,32x40 aligned frames; hand-drawn angles and integer translation; no arbitrary raster rotation.
solar_tracker,Comic sun-tracking array,island,island/shore terrace; no tower stack position,False,32x40,solar; tracking decision,Track sun; reset mistaken bright-target tracking,Compare sky targets; calibrate sensor,keeper_walk,keeper_clip,0,Reusable task pose,on,8@10fps,walk,"floor (16,40); neck (16,11); shoulders (10,15)/(22,15); hips (13,25)/(19,25)",shared keeper_walk,not repairable,P2,delivered-review,32x40 aligned frames; hand-drawn angles and integer translation; no arbitrary raster rotation.
solar_tracker,Comic sun-tracking array,island,island/shore terrace; no tower stack position,False,12x16,solar; tracking decision,Track sun; reset mistaken bright-target tracking,Compare sky targets; calibrate sensor,fx_broken_smoke,shared_effect,0,Reusable fault/reveal feedback,on,8@8fps,none,"[6, 16]",fx_broken_smoke,overlay; does not move anchors,P2,delivered-review,FX shared; casing/body motion is separately integer-safe.
solar_tracker,Comic sun-tracking array,island,island/shore terrace; no tower stack position,False,12x12,solar; tracking decision,Track sun; reset mistaken bright-target tracking,Compare sky targets; calibrate sensor,fx_broken_sparks,shared_effect,0,Reusable fault/reveal feedback,on,6@12fps,none,"[6, 6]",fx_broken_sparks,overlay; does not move anchors,P2,delivered-review,FX shared; casing/body motion is separately integer-safe.
solar_tracker,Comic sun-tracking array,island,island/shore terrace; no tower stack position,False,64x64,solar; tracking decision,Track sun; reset mistaken bright-target tracking,Compare sky targets; calibrate sensor,fx_floor_arrival_smoke,shared_effect,0,Reusable fault/reveal feedback,on,8@12fps,none,"[32, 64]",fx_floor_arrival_smoke,overlay; does not move anchors,P2,planned,FX shared; casing/body motion is separately integer-safe.
solar_tracker,Comic sun-tracking array,island,island/shore terrace; no tower stack position,False,16x16,solar; tracking decision,Track sun; reset mistaken bright-target tracking,Compare sky targets; calibrate sensor,fx_shine,shared_effect,0,Reusable fault/reveal feedback,on,4@8fps,none,"[8, 16]",fx_shine,overlay; does not move anchors,P2,planned,FX shared; casing/body motion is separately integer-safe.
castle_theme,Castle theme,theme,inside imagination room; interchangeable set,False,105x35,imagination room,Shield sequence; rescue toy,Match heraldry then solve drawbridge sequence,room_castle_theme,room_plate,0,Separate structure; enables activities below,standard,1,none,"top-left (0,0); floor y=35",room timber/stone/tile palette; no furniture,structure faults use separate interactive components,P2,planned,Same 105x35 set; gate left; toy castle centre; discussed variant; no stack slot; source: docs/EXPANSION_DESIGN.md
castle_theme,Castle theme,theme,inside imagination room; interchangeable set,False,5x35,imagination room,Shield sequence; rescue toy,Match heraldry then solve drawbridge sequence,seam_theme,structural_kit,0,Connect without resizing furniture,standard,1,none,integer parent seam; walking-plane y=0,shared wall/beam/pipe segments,none; parent component controls faults,P2,planned,Core remains 110x35; 105x35 plate; world-Y stripes. Extensions consume no standard slot.
castle_theme,Castle theme,theme,inside imagination room; interchangeable set,False,22x20,imagination room,Shield sequence; rescue toy,Match heraldry then solve drawbridge sequence,obj_drawbridge,interactive_item,1,"PROPOSED, not coded: one usable interaction; no mechanical reason for tiers",standard;on;broken,standard 1; on 4@8fps; broken 1 + shared FX,reach_use,"bottom-centre (11,20); keeper floor anchor (16,40)",obj_drawbridge; shared single chassis/pose,"shared wobble(1px), smoke, intermittent sparks + loose fitting",P2,planned,"Basic drawbridge. Basic: simple manual mechanism and few visible controls. ON: 4-frame use if applicable. Proposed location (15,0), logical frame 22x20; stable usePoint(-8,0), effectOrigin(0,-20), bubbleOrigin(0,-28), z40. New tier mechanics and names require review; existing names preserved. Theme prop remains single-tier; unlock variety instead of cosmetic upgrades."
castle_theme,Castle theme,theme,inside imagination room; interchangeable set,False,12x12,imagination room,Shield sequence; rescue toy,Match heraldry then solve drawbridge sequence,prop_banners,dressing_or_activity_prop,1,Supports Shield sequence; rescue toy; single tier,standard,1,reach_use,bottom-centre; water surface top-left,shared prop_banners,not independently interactive; no repair tier,P2,planned,Separate prop; do not bake interactive furniture into plates. Exact final appearance proposal.
castle_theme,Castle theme,theme,inside imagination room; interchangeable set,False,105x35,imagination room,Shield sequence; rescue toy,Match heraldry then solve drawbridge sequence,prop_castle_backdrop,dressing_or_activity_prop,1,Supports Shield sequence; rescue toy; single tier,standard,1,reach_use,bottom-centre; water surface top-left,shared prop_castle_backdrop,not independently interactive; no repair tier,P2,planned,Separate prop; do not bake interactive furniture into plates. Exact final appearance proposal.
castle_theme,Castle theme,theme,inside imagination room; interchangeable set,False,12x12,imagination room,Shield sequence; rescue toy,Match heraldry then solve drawbridge sequence,prop_shield_tiles,dressing_or_activity_prop,1,Supports Shield sequence; rescue toy; single tier,standard,1,reach_use,bottom-centre; water surface top-left,shared prop_shield_tiles,not independently interactive; no repair tier,P2,planned,Separate prop; do not bake interactive furniture into plates. Exact final appearance proposal.
castle_theme,Castle theme,theme,inside imagination room; interchangeable set,False,32x40,imagination room,Shield sequence; rescue toy,Match heraldry then solve drawbridge sequence,keeper_greet,keeper_clip,0,Reusable task pose,on,5@8fps,greet,"floor (16,40); neck (16,11); shoulders (10,15)/(22,15); hips (13,25)/(19,25)",shared keeper_greet,not repairable,P2,planned,32x40 aligned frames; hand-drawn angles and integer translation; no arbitrary raster rotation.
castle_theme,Castle theme,theme,inside imagination room; interchangeable set,False,32x40,imagination room,Shield sequence; rescue toy,Match heraldry then solve drawbridge sequence,keeper_idle,keeper_clip,0,Reusable task pose,on,4@6fps,idle,"floor (16,40); neck (16,11); shoulders (10,15)/(22,15); hips (13,25)/(19,25)",shared keeper_idle,not repairable,P2,delivered-review,32x40 aligned frames; hand-drawn angles and integer translation; no arbitrary raster rotation.
castle_theme,Castle theme,theme,inside imagination room; interchangeable set,False,32x40,imagination room,Shield sequence; rescue toy,Match heraldry then solve drawbridge sequence,keeper_reach_use,keeper_clip,0,Reusable task pose,on,5@10fps,reach_use,"floor (16,40); neck (16,11); shoulders (10,15)/(22,15); hips (13,25)/(19,25)",shared keeper_reach_use,not repairable,P2,planned,32x40 aligned frames; hand-drawn angles and integer translation; no arbitrary raster rotation.
castle_theme,Castle theme,theme,inside imagination room; interchangeable set,False,32x40,imagination room,Shield sequence; rescue toy,Match heraldry then solve drawbridge sequence,keeper_shrug,keeper_clip,0,Reusable task pose,on,4@8fps,shrug,"floor (16,40); neck (16,11); shoulders (10,15)/(22,15); hips (13,25)/(19,25)",shared keeper_shrug,not repairable,P2,planned,32x40 aligned frames; hand-drawn angles and integer translation; no arbitrary raster rotation.
castle_theme,Castle theme,theme,inside imagination room; interchangeable set,False,32x40,imagination room,Shield sequence; rescue toy,Match heraldry then solve drawbridge sequence,keeper_walk,keeper_clip,0,Reusable task pose,on,8@10fps,walk,"floor (16,40); neck (16,11); shoulders (10,15)/(22,15); hips (13,25)/(19,25)",shared keeper_walk,not repairable,P2,delivered-review,32x40 aligned frames; hand-drawn angles and integer translation; no arbitrary raster rotation.
castle_theme,Castle theme,theme,inside imagination room; interchangeable set,False,12x16,imagination room,Shield sequence; rescue toy,Match heraldry then solve drawbridge sequence,fx_broken_smoke,shared_effect,0,Reusable fault/reveal feedback,on,8@8fps,none,"[6, 16]",fx_broken_smoke,overlay; does not move anchors,P2,delivered-review,FX shared; casing/body motion is separately integer-safe.
castle_theme,Castle theme,theme,inside imagination room; interchangeable set,False,12x12,imagination room,Shield sequence; rescue toy,Match heraldry then solve drawbridge sequence,fx_broken_sparks,shared_effect,0,Reusable fault/reveal feedback,on,6@12fps,none,"[6, 6]",fx_broken_sparks,overlay; does not move anchors,P2,delivered-review,FX shared; casing/body motion is separately integer-safe.
castle_theme,Castle theme,theme,inside imagination room; interchangeable set,False,64x64,imagination room,Shield sequence; rescue toy,Match heraldry then solve drawbridge sequence,fx_floor_arrival_smoke,shared_effect,0,Reusable fault/reveal feedback,on,8@12fps,none,"[32, 64]",fx_floor_arrival_smoke,overlay; does not move anchors,P2,planned,FX shared; casing/body motion is separately integer-safe.
castle_theme,Castle theme,theme,inside imagination room; interchangeable set,False,16x16,imagination room,Shield sequence; rescue toy,Match heraldry then solve drawbridge sequence,fx_shine,shared_effect,0,Reusable fault/reveal feedback,on,4@8fps,none,"[8, 16]",fx_shine,overlay; does not move anchors,P2,planned,FX shared; casing/body motion is separately integer-safe.
space_theme,Space-station theme,theme,inside imagination room; interchangeable set,False,105x35,imagination room,Orbit ordering; docking puzzle,Place planets then dock toy capsule,room_space_theme,room_plate,0,Separate structure; enables activities below,standard,1,none,"top-left (0,0); floor y=35",room timber/stone/tile palette; no furniture,structure faults use separate interactive components,P2,planned,Same 105x35 set; star panel and docking port; discussed variant; distinct from permanent zero-gravity room; source: docs/EXPANSION_DESIGN.md
space_theme,Space-station theme,theme,inside imagination room; interchangeable set,False,5x35,imagination room,Orbit ordering; docking puzzle,Place planets then dock toy capsule,seam_theme,structural_kit,0,Connect without resizing furniture,standard,1,none,integer parent seam; walking-plane y=0,shared wall/beam/pipe segments,none; parent component controls faults,P2,planned,Core remains 110x35; 105x35 plate; world-Y stripes. Extensions consume no standard slot.
space_theme,Space-station theme,theme,inside imagination room; interchangeable set,False,22x20,imagination room,Orbit ordering; docking puzzle,Place planets then dock toy capsule,obj_toyairlock,interactive_item,1,"PROPOSED, not coded: one usable interaction; no mechanical reason for tiers",standard;on;broken,standard 1; on 4@8fps; broken 1 + shared FX,reach_use,"bottom-centre (11,20); keeper floor anchor (16,40)",obj_toyairlock; shared single chassis/pose,"shared wobble(1px), smoke, intermittent sparks + loose fitting",P2,planned,"Basic toyairlock. Basic: simple manual mechanism and few visible controls. ON: 4-frame use if applicable. Proposed location (15,0), logical frame 22x20; stable usePoint(-8,0), effectOrigin(0,-20), bubbleOrigin(0,-28), z40. New tier mechanics and names require review; existing names preserved. Theme prop remains single-tier; unlock variety instead of cosmetic upgrades."
space_theme,Space-station theme,theme,inside imagination room; interchangeable set,False,105x35,imagination room,Orbit ordering; docking puzzle,Place planets then dock toy capsule,prop_space_backdrop,dressing_or_activity_prop,1,Supports Orbit ordering; docking puzzle; single tier,standard,1,reach_use,bottom-centre; water surface top-left,shared prop_space_backdrop,not independently interactive; no repair tier,P2,planned,Separate prop; do not bake interactive furniture into plates. Exact final appearance proposal.
space_theme,Space-station theme,theme,inside imagination room; interchangeable set,False,12x12,imagination room,Orbit ordering; docking puzzle,Place planets then dock toy capsule,prop_planet_tiles,dressing_or_activity_prop,1,Supports Orbit ordering; docking puzzle; single tier,standard,1,reach_use,bottom-centre; water surface top-left,shared prop_planet_tiles,not independently interactive; no repair tier,P2,planned,Separate prop; do not bake interactive furniture into plates. Exact final appearance proposal.
space_theme,Space-station theme,theme,inside imagination room; interchangeable set,False,32x40,imagination room,Orbit ordering; docking puzzle,Place planets then dock toy capsule,keeper_greet,keeper_clip,0,Reusable task pose,on,5@8fps,greet,"floor (16,40); neck (16,11); shoulders (10,15)/(22,15); hips (13,25)/(19,25)",shared keeper_greet,not repairable,P2,planned,32x40 aligned frames; hand-drawn angles and integer translation; no arbitrary raster rotation.
space_theme,Space-station theme,theme,inside imagination room; interchangeable set,False,32x40,imagination room,Orbit ordering; docking puzzle,Place planets then dock toy capsule,keeper_idle,keeper_clip,0,Reusable task pose,on,4@6fps,idle,"floor (16,40); neck (16,11); shoulders (10,15)/(22,15); hips (13,25)/(19,25)",shared keeper_idle,not repairable,P2,delivered-review,32x40 aligned frames; hand-drawn angles and integer translation; no arbitrary raster rotation.
space_theme,Space-station theme,theme,inside imagination room; interchangeable set,False,32x40,imagination room,Orbit ordering; docking puzzle,Place planets then dock toy capsule,keeper_reach_use,keeper_clip,0,Reusable task pose,on,5@10fps,reach_use,"floor (16,40); neck (16,11); shoulders (10,15)/(22,15); hips (13,25)/(19,25)",shared keeper_reach_use,not repairable,P2,planned,32x40 aligned frames; hand-drawn angles and integer translation; no arbitrary raster rotation.
space_theme,Space-station theme,theme,inside imagination room; interchangeable set,False,32x40,imagination room,Orbit ordering; docking puzzle,Place planets then dock toy capsule,keeper_shrug,keeper_clip,0,Reusable task pose,on,4@8fps,shrug,"floor (16,40); neck (16,11); shoulders (10,15)/(22,15); hips (13,25)/(19,25)",shared keeper_shrug,not repairable,P2,planned,32x40 aligned frames; hand-drawn angles and integer translation; no arbitrary raster rotation.
space_theme,Space-station theme,theme,inside imagination room; interchangeable set,False,32x40,imagination room,Orbit ordering; docking puzzle,Place planets then dock toy capsule,keeper_walk,keeper_clip,0,Reusable task pose,on,8@10fps,walk,"floor (16,40); neck (16,11); shoulders (10,15)/(22,15); hips (13,25)/(19,25)",shared keeper_walk,not repairable,P2,delivered-review,32x40 aligned frames; hand-drawn angles and integer translation; no arbitrary raster rotation.
space_theme,Space-station theme,theme,inside imagination room; interchangeable set,False,12x16,imagination room,Orbit ordering; docking puzzle,Place planets then dock toy capsule,fx_broken_smoke,shared_effect,0,Reusable fault/reveal feedback,on,8@8fps,none,"[6, 16]",fx_broken_smoke,overlay; does not move anchors,P2,delivered-review,FX shared; casing/body motion is separately integer-safe.
space_theme,Space-station theme,theme,inside imagination room; interchangeable set,False,12x12,imagination room,Orbit ordering; docking puzzle,Place planets then dock toy capsule,fx_broken_sparks,shared_effect,0,Reusable fault/reveal feedback,on,6@12fps,none,"[6, 6]",fx_broken_sparks,overlay; does not move anchors,P2,delivered-review,FX shared; casing/body motion is separately integer-safe.
space_theme,Space-station theme,theme,inside imagination room; interchangeable set,False,64x64,imagination room,Orbit ordering; docking puzzle,Place planets then dock toy capsule,fx_floor_arrival_smoke,shared_effect,0,Reusable fault/reveal feedback,on,8@12fps,none,"[32, 64]",fx_floor_arrival_smoke,overlay; does not move anchors,P2,planned,FX shared; casing/body motion is separately integer-safe.
space_theme,Space-station theme,theme,inside imagination room; interchangeable set,False,16x16,imagination room,Orbit ordering; docking puzzle,Place planets then dock toy capsule,fx_shine,shared_effect,0,Reusable fault/reveal feedback,on,4@8fps,none,"[8, 16]",fx_shine,overlay; does not move anchors,P2,planned,FX shared; casing/body motion is separately integer-safe.
pirate_theme,Pirate-ship theme,theme,inside imagination room; interchangeable set,False,105x35,imagination room,Chart clues; knot sequence,Plot toy treasure route and tie knot,room_pirate_theme,room_plate,0,Separate structure; enables activities below,standard,1,none,"top-left (0,0); floor y=35",room timber/stone/tile palette; no furniture,structure faults use separate interactive components,P2,planned,Same 105x35 set; helm left; chart right; discussed variant; source: docs/EXPANSION_DESIGN.md
pirate_theme,Pirate-ship theme,theme,inside imagination room; interchangeable set,False,5x35,imagination room,Chart clues; knot sequence,Plot toy treasure route and tie knot,seam_theme,structural_kit,0,Connect without resizing furniture,standard,1,none,integer parent seam; walking-plane y=0,shared wall/beam/pipe segments,none; parent component controls faults,P2,planned,Core remains 110x35; 105x35 plate; world-Y stripes. Extensions consume no standard slot.
pirate_theme,Pirate-ship theme,theme,inside imagination room; interchangeable set,False,22x20,imagination room,Chart clues; knot sequence,Plot toy treasure route and tie knot,obj_toyhelm,interactive_item,1,"PROPOSED, not coded: one usable interaction; no mechanical reason for tiers",standard;on;broken,standard 1; on 4@8fps; broken 1 + shared FX,reach_use,"bottom-centre (11,20); keeper floor anchor (16,40)",obj_toyhelm; shared single chassis/pose,"shared wobble(1px), smoke, intermittent sparks + loose fitting",P2,planned,"Basic toyhelm. Basic: simple manual mechanism and few visible controls. ON: 4-frame use if applicable. Proposed location (15,0), logical frame 22x20; stable usePoint(-8,0), effectOrigin(0,-20), bubbleOrigin(0,-28), z40. New tier mechanics and names require review; existing names preserved. Theme prop remains single-tier; unlock variety instead of cosmetic upgrades."
pirate_theme,Pirate-ship theme,theme,inside imagination room; interchangeable set,False,105x35,imagination room,Chart clues; knot sequence,Plot toy treasure route and tie knot,prop_pirate_backdrop,dressing_or_activity_prop,1,Supports Chart clues; knot sequence; single tier,standard,1,reach_use,bottom-centre; water surface top-left,shared prop_pirate_backdrop,not independently interactive; no repair tier,P2,planned,Separate prop; do not bake interactive furniture into plates. Exact final appearance proposal.
pirate_theme,Pirate-ship theme,theme,inside imagination room; interchangeable set,False,12x12,imagination room,Chart clues; knot sequence,Plot toy treasure route and tie knot,prop_treasure_props,dressing_or_activity_prop,1,Supports Chart clues; knot sequence; single tier,standard,1,reach_use,bottom-centre; water surface top-left,shared prop_treasure_props,not independently interactive; no repair tier,P2,planned,Separate prop; do not bake interactive furniture into plates. Exact final appearance proposal.
pirate_theme,Pirate-ship theme,theme,inside imagination room; interchangeable set,False,32x40,imagination room,Chart clues; knot sequence,Plot toy treasure route and tie knot,keeper_greet,keeper_clip,0,Reusable task pose,on,5@8fps,greet,"floor (16,40); neck (16,11); shoulders (10,15)/(22,15); hips (13,25)/(19,25)",shared keeper_greet,not repairable,P2,planned,32x40 aligned frames; hand-drawn angles and integer translation; no arbitrary raster rotation.
pirate_theme,Pirate-ship theme,theme,inside imagination room; interchangeable set,False,32x40,imagination room,Chart clues; knot sequence,Plot toy treasure route and tie knot,keeper_idle,keeper_clip,0,Reusable task pose,on,4@6fps,idle,"floor (16,40); neck (16,11); shoulders (10,15)/(22,15); hips (13,25)/(19,25)",shared keeper_idle,not repairable,P2,delivered-review,32x40 aligned frames; hand-drawn angles and integer translation; no arbitrary raster rotation.
pirate_theme,Pirate-ship theme,theme,inside imagination room; interchangeable set,False,32x40,imagination room,Chart clues; knot sequence,Plot toy treasure route and tie knot,keeper_reach_use,keeper_clip,0,Reusable task pose,on,5@10fps,reach_use,"floor (16,40); neck (16,11); shoulders (10,15)/(22,15); hips (13,25)/(19,25)",shared keeper_reach_use,not repairable,P2,planned,32x40 aligned frames; hand-drawn angles and integer translation; no arbitrary raster rotation.
pirate_theme,Pirate-ship theme,theme,inside imagination room; interchangeable set,False,32x40,imagination room,Chart clues; knot sequence,Plot toy treasure route and tie knot,keeper_shrug,keeper_clip,0,Reusable task pose,on,4@8fps,shrug,"floor (16,40); neck (16,11); shoulders (10,15)/(22,15); hips (13,25)/(19,25)",shared keeper_shrug,not repairable,P2,planned,32x40 aligned frames; hand-drawn angles and integer translation; no arbitrary raster rotation.
pirate_theme,Pirate-ship theme,theme,inside imagination room; interchangeable set,False,32x40,imagination room,Chart clues; knot sequence,Plot toy treasure route and tie knot,keeper_walk,keeper_clip,0,Reusable task pose,on,8@10fps,walk,"floor (16,40); neck (16,11); shoulders (10,15)/(22,15); hips (13,25)/(19,25)",shared keeper_walk,not repairable,P2,delivered-review,32x40 aligned frames; hand-drawn angles and integer translation; no arbitrary raster rotation.
pirate_theme,Pirate-ship theme,theme,inside imagination room; interchangeable set,False,12x16,imagination room,Chart clues; knot sequence,Plot toy treasure route and tie knot,fx_broken_smoke,shared_effect,0,Reusable fault/reveal feedback,on,8@8fps,none,"[6, 16]",fx_broken_smoke,overlay; does not move anchors,P2,delivered-review,FX shared; casing/body motion is separately integer-safe.
pirate_theme,Pirate-ship theme,theme,inside imagination room; interchangeable set,False,12x12,imagination room,Chart clues; knot sequence,Plot toy treasure route and tie knot,fx_broken_sparks,shared_effect,0,Reusable fault/reveal feedback,on,6@12fps,none,"[6, 6]",fx_broken_sparks,overlay; does not move anchors,P2,delivered-review,FX shared; casing/body motion is separately integer-safe.
pirate_theme,Pirate-ship theme,theme,inside imagination room; interchangeable set,False,64x64,imagination room,Chart clues; knot sequence,Plot toy treasure route and tie knot,fx_floor_arrival_smoke,shared_effect,0,Reusable fault/reveal feedback,on,8@12fps,none,"[32, 64]",fx_floor_arrival_smoke,overlay; does not move anchors,P2,planned,FX shared; casing/body motion is separately integer-safe.
pirate_theme,Pirate-ship theme,theme,inside imagination room; interchangeable set,False,16x16,imagination room,Chart clues; knot sequence,Plot toy treasure route and tie knot,fx_shine,shared_effect,0,Reusable fault/reveal feedback,on,4@8fps,none,"[8, 16]",fx_shine,overlay; does not move anchors,P2,planned,FX shared; casing/body motion is separately integer-safe.
jungle_theme,Jungle theme,theme,inside imagination room; interchangeable set,False,105x35,imagination room,Animal clues; vine path,Match tracks then cross short path,room_jungle_theme,room_plate,0,Separate structure; enables activities below,standard,1,none,"top-left (0,0); floor y=35",room timber/stone/tile palette; no furniture,structure faults use separate interactive components,P2,planned,Same 105x35 set; tracks left; vines right; discussed variant; source: docs/EXPANSION_DESIGN.md
jungle_theme,Jungle theme,theme,inside imagination room; interchangeable set,False,5x35,imagination room,Animal clues; vine path,Match tracks then cross short path,seam_theme,structural_kit,0,Connect without resizing furniture,standard,1,none,integer parent seam; walking-plane y=0,shared wall/beam/pipe segments,none; parent component controls faults,P2,planned,Core remains 110x35; 105x35 plate; world-Y stripes. Extensions consume no standard slot.
jungle_theme,Jungle theme,theme,inside imagination room; interchangeable set,False,22x20,imagination room,Animal clues; vine path,Match tracks then cross short path,obj_vinegate,interactive_item,1,"PROPOSED, not coded: one usable interaction; no mechanical reason for tiers",standard;on;broken,standard 1; on 4@8fps; broken 1 + shared FX,reach_use,"bottom-centre (11,20); keeper floor anchor (16,40)",obj_vinegate; shared single chassis/pose,"shared wobble(1px), smoke, intermittent sparks + loose fitting",P2,planned,"Basic vinegate. Basic: simple manual mechanism and few visible controls. ON: 4-frame use if applicable. Proposed location (15,0), logical frame 22x20; stable usePoint(-8,0), effectOrigin(0,-20), bubbleOrigin(0,-28), z40. New tier mechanics and names require review; existing names preserved. Theme prop remains single-tier; unlock variety instead of cosmetic upgrades."
jungle_theme,Jungle theme,theme,inside imagination room; interchangeable set,False,105x35,imagination room,Animal clues; vine path,Match tracks then cross short path,prop_jungle_backdrop,dressing_or_activity_prop,1,Supports Animal clues; vine path; single tier,standard,1,reach_use,bottom-centre; water surface top-left,shared prop_jungle_backdrop,not independently interactive; no repair tier,P2,planned,Separate prop; do not bake interactive furniture into plates. Exact final appearance proposal.
jungle_theme,Jungle theme,theme,inside imagination room; interchangeable set,False,12x12,imagination room,Animal clues; vine path,Match tracks then cross short path,prop_animal_tracks,dressing_or_activity_prop,1,Supports Animal clues; vine path; single tier,standard,1,reach_use,bottom-centre; water surface top-left,shared prop_animal_tracks,not independently interactive; no repair tier,P2,planned,Separate prop; do not bake interactive furniture into plates. Exact final appearance proposal.
jungle_theme,Jungle theme,theme,inside imagination room; interchangeable set,False,32x40,imagination room,Animal clues; vine path,Match tracks then cross short path,keeper_greet,keeper_clip,0,Reusable task pose,on,5@8fps,greet,"floor (16,40); neck (16,11); shoulders (10,15)/(22,15); hips (13,25)/(19,25)",shared keeper_greet,not repairable,P2,planned,32x40 aligned frames; hand-drawn angles and integer translation; no arbitrary raster rotation.
jungle_theme,Jungle theme,theme,inside imagination room; interchangeable set,False,32x40,imagination room,Animal clues; vine path,Match tracks then cross short path,keeper_idle,keeper_clip,0,Reusable task pose,on,4@6fps,idle,"floor (16,40); neck (16,11); shoulders (10,15)/(22,15); hips (13,25)/(19,25)",shared keeper_idle,not repairable,P2,delivered-review,32x40 aligned frames; hand-drawn angles and integer translation; no arbitrary raster rotation.
jungle_theme,Jungle theme,theme,inside imagination room; interchangeable set,False,32x40,imagination room,Animal clues; vine path,Match tracks then cross short path,keeper_reach_use,keeper_clip,0,Reusable task pose,on,5@10fps,reach_use,"floor (16,40); neck (16,11); shoulders (10,15)/(22,15); hips (13,25)/(19,25)",shared keeper_reach_use,not repairable,P2,planned,32x40 aligned frames; hand-drawn angles and integer translation; no arbitrary raster rotation.
jungle_theme,Jungle theme,theme,inside imagination room; interchangeable set,False,32x40,imagination room,Animal clues; vine path,Match tracks then cross short path,keeper_shrug,keeper_clip,0,Reusable task pose,on,4@8fps,shrug,"floor (16,40); neck (16,11); shoulders (10,15)/(22,15); hips (13,25)/(19,25)",shared keeper_shrug,not repairable,P2,planned,32x40 aligned frames; hand-drawn angles and integer translation; no arbitrary raster rotation.
jungle_theme,Jungle theme,theme,inside imagination room; interchangeable set,False,32x40,imagination room,Animal clues; vine path,Match tracks then cross short path,keeper_walk,keeper_clip,0,Reusable task pose,on,8@10fps,walk,"floor (16,40); neck (16,11); shoulders (10,15)/(22,15); hips (13,25)/(19,25)",shared keeper_walk,not repairable,P2,delivered-review,32x40 aligned frames; hand-drawn angles and integer translation; no arbitrary raster rotation.
jungle_theme,Jungle theme,theme,inside imagination room; interchangeable set,False,12x16,imagination room,Animal clues; vine path,Match tracks then cross short path,fx_broken_smoke,shared_effect,0,Reusable fault/reveal feedback,on,8@8fps,none,"[6, 16]",fx_broken_smoke,overlay; does not move anchors,P2,delivered-review,FX shared; casing/body motion is separately integer-safe.
jungle_theme,Jungle theme,theme,inside imagination room; interchangeable set,False,12x12,imagination room,Animal clues; vine path,Match tracks then cross short path,fx_broken_sparks,shared_effect,0,Reusable fault/reveal feedback,on,6@12fps,none,"[6, 6]",fx_broken_sparks,overlay; does not move anchors,P2,delivered-review,FX shared; casing/body motion is separately integer-safe.
jungle_theme,Jungle theme,theme,inside imagination room; interchangeable set,False,64x64,imagination room,Animal clues; vine path,Match tracks then cross short path,fx_floor_arrival_smoke,shared_effect,0,Reusable fault/reveal feedback,on,8@12fps,none,"[32, 64]",fx_floor_arrival_smoke,overlay; does not move anchors,P2,planned,FX shared; casing/body motion is separately integer-safe.
jungle_theme,Jungle theme,theme,inside imagination room; interchangeable set,False,16x16,imagination room,Animal clues; vine path,Match tracks then cross short path,fx_shine,shared_effect,0,Reusable fault/reveal feedback,on,4@8fps,none,"[8, 16]",fx_shine,overlay; does not move anchors,P2,planned,FX shared; casing/body motion is separately integer-safe.
haunted_theme,Gentle haunted theme,theme,inside imagination room; interchangeable set,False,105x35,imagination room,Sound matching; hidden toy,Identify silly sound then find puppet,room_haunted_theme,room_plate,0,Separate structure; enables activities below,standard,1,none,"top-left (0,0); floor y=35",room timber/stone/tile palette; no furniture,structure faults use separate interactive components,P2,planned,Same 105x35 set; puppet box centre; discussed variant; child-friendly; source: docs/EXPANSION_DESIGN.md
haunted_theme,Gentle haunted theme,theme,inside imagination room; interchangeable set,False,5x35,imagination room,Sound matching; hidden toy,Identify silly sound then find puppet,seam_theme,structural_kit,0,Connect without resizing furniture,standard,1,none,integer parent seam; walking-plane y=0,shared wall/beam/pipe segments,none; parent component controls faults,P2,planned,Core remains 110x35; 105x35 plate; world-Y stripes. Extensions consume no standard slot.
haunted_theme,Gentle haunted theme,theme,inside imagination room; interchangeable set,False,22x20,imagination room,Sound matching; hidden toy,Identify silly sound then find puppet,obj_puppetbox,interactive_item,1,"PROPOSED, not coded: one usable interaction; no mechanical reason for tiers",standard;on;broken,standard 1; on 4@8fps; broken 1 + shared FX,reach_use,"bottom-centre (11,20); keeper floor anchor (16,40)",obj_puppetbox; shared single chassis/pose,"shared wobble(1px), smoke, intermittent sparks + loose fitting",P2,planned,"Basic puppetbox. Basic: simple manual mechanism and few visible controls. ON: 4-frame use if applicable. Proposed location (15,0), logical frame 22x20; stable usePoint(-8,0), effectOrigin(0,-20), bubbleOrigin(0,-28), z40. New tier mechanics and names require review; existing names preserved. Theme prop remains single-tier; unlock variety instead of cosmetic upgrades."
haunted_theme,Gentle haunted theme,theme,inside imagination room; interchangeable set,False,105x35,imagination room,Sound matching; hidden toy,Identify silly sound then find puppet,prop_haunted_backdrop,dressing_or_activity_prop,1,Supports Sound matching; hidden toy; single tier,standard,1,reach_use,bottom-centre; water surface top-left,shared prop_haunted_backdrop,not independently interactive; no repair tier,P2,planned,Separate prop; do not bake interactive furniture into plates. Exact final appearance proposal.
haunted_theme,Gentle haunted theme,theme,inside imagination room; interchangeable set,False,12x12,imagination room,Sound matching; hidden toy,Identify silly sound then find puppet,prop_comic_ghost,dressing_or_activity_prop,1,Supports Sound matching; hidden toy; single tier,standard;on,on 4@8fps; standard 1,reach_use,bottom-centre; water surface top-left,shared prop_comic_ghost,not independently interactive; no repair tier,P2,planned,Separate prop; do not bake interactive furniture into plates. Exact final appearance proposal.
haunted_theme,Gentle haunted theme,theme,inside imagination room; interchangeable set,False,32x40,imagination room,Sound matching; hidden toy,Identify silly sound then find puppet,keeper_greet,keeper_clip,0,Reusable task pose,on,5@8fps,greet,"floor (16,40); neck (16,11); shoulders (10,15)/(22,15); hips (13,25)/(19,25)",shared keeper_greet,not repairable,P2,planned,32x40 aligned frames; hand-drawn angles and integer translation; no arbitrary raster rotation.
haunted_theme,Gentle haunted theme,theme,inside imagination room; interchangeable set,False,32x40,imagination room,Sound matching; hidden toy,Identify silly sound then find puppet,keeper_idle,keeper_clip,0,Reusable task pose,on,4@6fps,idle,"floor (16,40); neck (16,11); shoulders (10,15)/(22,15); hips (13,25)/(19,25)",shared keeper_idle,not repairable,P2,delivered-review,32x40 aligned frames; hand-drawn angles and integer translation; no arbitrary raster rotation.
haunted_theme,Gentle haunted theme,theme,inside imagination room; interchangeable set,False,32x40,imagination room,Sound matching; hidden toy,Identify silly sound then find puppet,keeper_reach_use,keeper_clip,0,Reusable task pose,on,5@10fps,reach_use,"floor (16,40); neck (16,11); shoulders (10,15)/(22,15); hips (13,25)/(19,25)",shared keeper_reach_use,not repairable,P2,planned,32x40 aligned frames; hand-drawn angles and integer translation; no arbitrary raster rotation.
haunted_theme,Gentle haunted theme,theme,inside imagination room; interchangeable set,False,32x40,imagination room,Sound matching; hidden toy,Identify silly sound then find puppet,keeper_shrug,keeper_clip,0,Reusable task pose,on,4@8fps,shrug,"floor (16,40); neck (16,11); shoulders (10,15)/(22,15); hips (13,25)/(19,25)",shared keeper_shrug,not repairable,P2,planned,32x40 aligned frames; hand-drawn angles and integer translation; no arbitrary raster rotation.
haunted_theme,Gentle haunted theme,theme,inside imagination room; interchangeable set,False,32x40,imagination room,Sound matching; hidden toy,Identify silly sound then find puppet,keeper_walk,keeper_clip,0,Reusable task pose,on,8@10fps,walk,"floor (16,40); neck (16,11); shoulders (10,15)/(22,15); hips (13,25)/(19,25)",shared keeper_walk,not repairable,P2,delivered-review,32x40 aligned frames; hand-drawn angles and integer translation; no arbitrary raster rotation.
haunted_theme,Gentle haunted theme,theme,inside imagination room; interchangeable set,False,12x16,imagination room,Sound matching; hidden toy,Identify silly sound then find puppet,fx_broken_smoke,shared_effect,0,Reusable fault/reveal feedback,on,8@8fps,none,"[6, 16]",fx_broken_smoke,overlay; does not move anchors,P2,delivered-review,FX shared; casing/body motion is separately integer-safe.
haunted_theme,Gentle haunted theme,theme,inside imagination room; interchangeable set,False,12x12,imagination room,Sound matching; hidden toy,Identify silly sound then find puppet,fx_broken_sparks,shared_effect,0,Reusable fault/reveal feedback,on,6@12fps,none,"[6, 6]",fx_broken_sparks,overlay; does not move anchors,P2,delivered-review,FX shared; casing/body motion is separately integer-safe.
haunted_theme,Gentle haunted theme,theme,inside imagination room; interchangeable set,False,64x64,imagination room,Sound matching; hidden toy,Identify silly sound then find puppet,fx_floor_arrival_smoke,shared_effect,0,Reusable fault/reveal feedback,on,8@12fps,none,"[32, 64]",fx_floor_arrival_smoke,overlay; does not move anchors,P2,planned,FX shared; casing/body motion is separately integer-safe.
haunted_theme,Gentle haunted theme,theme,inside imagination room; interchangeable set,False,16x16,imagination room,Sound matching; hidden toy,Identify silly sound then find puppet,fx_shine,shared_effect,0,Reusable fault/reveal feedback,on,4@8fps,none,"[8, 16]",fx_shine,overlay; does not move anchors,P2,planned,FX shared; casing/body motion is separately integer-safe.
arctic_theme,Arctic-base theme,theme,inside imagination room; interchangeable set,False,105x35,imagination room,Warmth routing; ice rescue,Route pretend heat and rescue toy penguin,room_arctic_theme,room_plate,0,Separate structure; enables activities below,standard,1,none,"top-left (0,0); floor y=35",room timber/stone/tile palette; no furniture,structure faults use separate interactive components,P2,planned,Same 105x35 set; pretend generator left; ice right; discussed variant; source: docs/EXPANSION_DESIGN.md
arctic_theme,Arctic-base theme,theme,inside imagination room; interchangeable set,False,5x35,imagination room,Warmth routing; ice rescue,Route pretend heat and rescue toy penguin,seam_theme,structural_kit,0,Connect without resizing furniture,standard,1,none,integer parent seam; walking-plane y=0,shared wall/beam/pipe segments,none; parent component controls faults,P2,planned,Core remains 110x35; 105x35 plate; world-Y stripes. Extensions consume no standard slot.
arctic_theme,Arctic-base theme,theme,inside imagination room; interchangeable set,False,22x20,imagination room,Warmth routing; ice rescue,Route pretend heat and rescue toy penguin,obj_toyheater,interactive_item,1,"PROPOSED, not coded: one usable interaction; no mechanical reason for tiers",standard;on;broken,standard 1; on 4@8fps; broken 1 + shared FX,reach_use,"bottom-centre (11,20); keeper floor anchor (16,40)",obj_toyheater; shared single chassis/pose,"shared wobble(1px), smoke, intermittent sparks + loose fitting",P2,planned,"Basic toyheater. Basic: simple manual mechanism and few visible controls. ON: 4-frame use if applicable. Proposed location (15,0), logical frame 22x20; stable usePoint(-8,0), effectOrigin(0,-20), bubbleOrigin(0,-28), z40. New tier mechanics and names require review; existing names preserved. Theme prop remains single-tier; unlock variety instead of cosmetic upgrades."
arctic_theme,Arctic-base theme,theme,inside imagination room; interchangeable set,False,105x35,imagination room,Warmth routing; ice rescue,Route pretend heat and rescue toy penguin,prop_arctic_backdrop,dressing_or_activity_prop,1,Supports Warmth routing; ice rescue; single tier,standard,1,reach_use,bottom-centre; water surface top-left,shared prop_arctic_backdrop,not independently interactive; no repair tier,P2,planned,Separate prop; do not bake interactive furniture into plates. Exact final appearance proposal.
arctic_theme,Arctic-base theme,theme,inside imagination room; interchangeable set,False,12x12,imagination room,Warmth routing; ice rescue,Route pretend heat and rescue toy penguin,prop_penguin_toy,dressing_or_activity_prop,1,Supports Warmth routing; ice rescue; single tier,standard,1,reach_use,bottom-centre; water surface top-left,shared prop_penguin_toy,not independently interactive; no repair tier,P2,planned,Separate prop; do not bake interactive furniture into plates. Exact final appearance proposal.
arctic_theme,Arctic-base theme,theme,inside imagination room; interchangeable set,False,32x40,imagination room,Warmth routing; ice rescue,Route pretend heat and rescue toy penguin,keeper_greet,keeper_clip,0,Reusable task pose,on,5@8fps,greet,"floor (16,40); neck (16,11); shoulders (10,15)/(22,15); hips (13,25)/(19,25)",shared keeper_greet,not repairable,P2,planned,32x40 aligned frames; hand-drawn angles and integer translation; no arbitrary raster rotation.
arctic_theme,Arctic-base theme,theme,inside imagination room; interchangeable set,False,32x40,imagination room,Warmth routing; ice rescue,Route pretend heat and rescue toy penguin,keeper_idle,keeper_clip,0,Reusable task pose,on,4@6fps,idle,"floor (16,40); neck (16,11); shoulders (10,15)/(22,15); hips (13,25)/(19,25)",shared keeper_idle,not repairable,P2,delivered-review,32x40 aligned frames; hand-drawn angles and integer translation; no arbitrary raster rotation.
arctic_theme,Arctic-base theme,theme,inside imagination room; interchangeable set,False,32x40,imagination room,Warmth routing; ice rescue,Route pretend heat and rescue toy penguin,keeper_reach_use,keeper_clip,0,Reusable task pose,on,5@10fps,reach_use,"floor (16,40); neck (16,11); shoulders (10,15)/(22,15); hips (13,25)/(19,25)",shared keeper_reach_use,not repairable,P2,planned,32x40 aligned frames; hand-drawn angles and integer translation; no arbitrary raster rotation.
arctic_theme,Arctic-base theme,theme,inside imagination room; interchangeable set,False,32x40,imagination room,Warmth routing; ice rescue,Route pretend heat and rescue toy penguin,keeper_shrug,keeper_clip,0,Reusable task pose,on,4@8fps,shrug,"floor (16,40); neck (16,11); shoulders (10,15)/(22,15); hips (13,25)/(19,25)",shared keeper_shrug,not repairable,P2,planned,32x40 aligned frames; hand-drawn angles and integer translation; no arbitrary raster rotation.
arctic_theme,Arctic-base theme,theme,inside imagination room; interchangeable set,False,32x40,imagination room,Warmth routing; ice rescue,Route pretend heat and rescue toy penguin,keeper_walk,keeper_clip,0,Reusable task pose,on,8@10fps,walk,"floor (16,40); neck (16,11); shoulders (10,15)/(22,15); hips (13,25)/(19,25)",shared keeper_walk,not repairable,P2,delivered-review,32x40 aligned frames; hand-drawn angles and integer translation; no arbitrary raster rotation.
arctic_theme,Arctic-base theme,theme,inside imagination room; interchangeable set,False,12x16,imagination room,Warmth routing; ice rescue,Route pretend heat and rescue toy penguin,fx_broken_smoke,shared_effect,0,Reusable fault/reveal feedback,on,8@8fps,none,"[6, 16]",fx_broken_smoke,overlay; does not move anchors,P2,delivered-review,FX shared; casing/body motion is separately integer-safe.
arctic_theme,Arctic-base theme,theme,inside imagination room; interchangeable set,False,12x12,imagination room,Warmth routing; ice rescue,Route pretend heat and rescue toy penguin,fx_broken_sparks,shared_effect,0,Reusable fault/reveal feedback,on,6@12fps,none,"[6, 6]",fx_broken_sparks,overlay; does not move anchors,P2,delivered-review,FX shared; casing/body motion is separately integer-safe.
arctic_theme,Arctic-base theme,theme,inside imagination room; interchangeable set,False,64x64,imagination room,Warmth routing; ice rescue,Route pretend heat and rescue toy penguin,fx_floor_arrival_smoke,shared_effect,0,Reusable fault/reveal feedback,on,8@12fps,none,"[32, 64]",fx_floor_arrival_smoke,overlay; does not move anchors,P2,planned,FX shared; casing/body motion is separately integer-safe.
arctic_theme,Arctic-base theme,theme,inside imagination room; interchangeable set,False,16x16,imagination room,Warmth routing; ice rescue,Route pretend heat and rescue toy penguin,fx_shine,shared_effect,0,Reusable fault/reveal feedback,on,4@8fps,none,"[8, 16]",fx_shine,overlay; does not move anchors,P2,planned,FX shared; casing/body motion is separately integer-safe.
garage,Garage (superseded),retired,no placement; superseded,False,0x0,none,Historical idea replaced by water-filled boathouse,No unlock; do not implement,retired_garage,retired,0,none,none,0,none,none,boathouse,none,P2,retired,Historical record; garage replaced by boathouse.
shared,Shared world / keeper kit,shared,world layers / explicit anchors,False,32x40,renderer,all spaces,none,keeper_front_torso,keeper_part,0,Aligned reusable puppet,standard,1,idle,"canvas 32x40; floor (16,40); pivots per production kit",keeper master silhouette,none,P0,delivered-review,Front/back same canvas; layered z10/20/30/40/50/80; cap/beard included in head.
shared,Shared world / keeper kit,shared,world layers / explicit anchors,False,32x40,renderer,all spaces,none,keeper_front_arm_l,keeper_part,0,Aligned reusable puppet,standard,1,idle,"canvas 32x40; floor (16,40); pivots per production kit",keeper master silhouette,none,P0,delivered-review,Front/back same canvas; layered z10/20/30/40/50/80; cap/beard included in head.
shared,Shared world / keeper kit,shared,world layers / explicit anchors,False,32x40,renderer,all spaces,none,keeper_front_arm_r,keeper_part,0,Aligned reusable puppet,standard,1,idle,"canvas 32x40; floor (16,40); pivots per production kit",keeper master silhouette,none,P0,delivered-review,Front/back same canvas; layered z10/20/30/40/50/80; cap/beard included in head.
shared,Shared world / keeper kit,shared,world layers / explicit anchors,False,32x40,renderer,all spaces,none,keeper_front_leg_l,keeper_part,0,Aligned reusable puppet,standard,1,idle,"canvas 32x40; floor (16,40); pivots per production kit",keeper master silhouette,none,P0,delivered-review,Front/back same canvas; layered z10/20/30/40/50/80; cap/beard included in head.
shared,Shared world / keeper kit,shared,world layers / explicit anchors,False,32x40,renderer,all spaces,none,keeper_front_leg_r,keeper_part,0,Aligned reusable puppet,standard,1,idle,"canvas 32x40; floor (16,40); pivots per production kit",keeper master silhouette,none,P0,delivered-review,Front/back same canvas; layered z10/20/30/40/50/80; cap/beard included in head.
shared,Shared world / keeper kit,shared,world layers / explicit anchors,False,32x40,renderer,all spaces,none,keeper_front_head_happy,keeper_part,0,Aligned reusable puppet,standard,1,idle,"canvas 32x40; floor (16,40); pivots per production kit",keeper master silhouette,none,P0,delivered-review,Front/back same canvas; layered z10/20/30/40/50/80; cap/beard included in head.
shared,Shared world / keeper kit,shared,world layers / explicit anchors,False,32x40,renderer,all spaces,none,keeper_front_head_neutral,keeper_part,0,Aligned reusable puppet,standard,1,idle,"canvas 32x40; floor (16,40); pivots per production kit",keeper master silhouette,none,P0,delivered-review,Front/back same canvas; layered z10/20/30/40/50/80; cap/beard included in head.
shared,Shared world / keeper kit,shared,world layers / explicit anchors,False,32x40,renderer,all spaces,none,keeper_front_head_grumpy,keeper_part,0,Aligned reusable puppet,standard,1,idle,"canvas 32x40; floor (16,40); pivots per production kit",keeper master silhouette,none,P0,delivered-review,Front/back same canvas; layered z10/20/30/40/50/80; cap/beard included in head.
shared,Shared world / keeper kit,shared,world layers / explicit anchors,False,32x40,renderer,all spaces,none,keeper_front_head_asleep,keeper_part,0,Aligned reusable puppet,standard,1,idle,"canvas 32x40; floor (16,40); pivots per production kit",keeper master silhouette,none,P0,delivered-review,Front/back same canvas; layered z10/20/30/40/50/80; cap/beard included in head.
shared,Shared world / keeper kit,shared,world layers / explicit anchors,False,32x40,renderer,all spaces,none,keeper_front_head_open,keeper_part,0,Aligned reusable puppet,standard,1,idle,"canvas 32x40; floor (16,40); pivots per production kit",keeper master silhouette,none,P0,delivered-review,Front/back same canvas; layered z10/20/30/40/50/80; cap/beard included in head.
shared,Shared world / keeper kit,shared,world layers / explicit anchors,False,32x40,renderer,all spaces,none,keeper_back_torso,keeper_part,0,Aligned reusable puppet,standard,1,idle,"canvas 32x40; floor (16,40); pivots per production kit",keeper master silhouette,none,P0,delivered-review,Front/back same canvas; layered z10/20/30/40/50/80; cap/beard included in head.
shared,Shared world / keeper kit,shared,world layers / explicit anchors,False,32x40,renderer,all spaces,none,keeper_back_arm_l,keeper_part,0,Aligned reusable puppet,standard,1,idle,"canvas 32x40; floor (16,40); pivots per production kit",keeper master silhouette,none,P0,delivered-review,Front/back same canvas; layered z10/20/30/40/50/80; cap/beard included in head.
shared,Shared world / keeper kit,shared,world layers / explicit anchors,False,32x40,renderer,all spaces,none,keeper_back_arm_r,keeper_part,0,Aligned reusable puppet,standard,1,idle,"canvas 32x40; floor (16,40); pivots per production kit",keeper master silhouette,none,P0,delivered-review,Front/back same canvas; layered z10/20/30/40/50/80; cap/beard included in head.
shared,Shared world / keeper kit,shared,world layers / explicit anchors,False,32x40,renderer,all spaces,none,keeper_back_leg_l,keeper_part,0,Aligned reusable puppet,standard,1,idle,"canvas 32x40; floor (16,40); pivots per production kit",keeper master silhouette,none,P0,delivered-review,Front/back same canvas; layered z10/20/30/40/50/80; cap/beard included in head.
shared,Shared world / keeper kit,shared,world layers / explicit anchors,False,32x40,renderer,all spaces,none,keeper_back_leg_r,keeper_part,0,Aligned reusable puppet,standard,1,idle,"canvas 32x40; floor (16,40); pivots per production kit",keeper master silhouette,none,P0,delivered-review,Front/back same canvas; layered z10/20/30/40/50/80; cap/beard included in head.
shared,Shared world / keeper kit,shared,world layers / explicit anchors,False,32x40,renderer,all spaces,none,keeper_back_head,keeper_part,0,Aligned reusable puppet,standard,1,idle,"canvas 32x40; floor (16,40); pivots per production kit",keeper master silhouette,none,P0,delivered-review,Front/back same canvas; layered z10/20/30/40/50/80; cap/beard included in head.
shared,Shared world / keeper kit,shared,world layers / explicit anchors,False,16x20,renderer,all spaces,none,fx_steam,shared_effect,0,Activity/reaction feedback,on,8@8fps,none,"bottom-centre (8,20)",shared world kit,none,P0,planned,"Separate layers; render at integer 4x; z95 effects, z110 bubbles."
shared,Shared world / keeper kit,shared,world layers / explicit anchors,False,16x16,renderer,all spaces,none,fx_water_bubbles,shared_effect,0,Activity/reaction feedback,on,6@8fps,none,"bottom-centre (8,16)",shared world kit,none,P0,planned,"Separate layers; render at integer 4x; z95 effects, z110 bubbles."
shared,Shared world / keeper kit,shared,world layers / explicit anchors,False,20x20,renderer,all spaces,none,fx_music_notes,shared_effect,0,Activity/reaction feedback,on,8@8fps,none,"bottom-centre (10,20)",shared world kit,none,P0,planned,"Separate layers; render at integer 4x; z95 effects, z110 bubbles."
shared,Shared world / keeper kit,shared,world layers / explicit anchors,False,20x20,renderer,all spaces,none,fx_zzz,shared_effect,0,Activity/reaction feedback,on,8@4fps,none,"bottom-centre (10,20)",shared world kit,none,P0,planned,"Separate layers; render at integer 4x; z95 effects, z110 bubbles."
shared,Shared world / keeper kit,shared,world layers / explicit anchors,False,48x32,renderer,all spaces,none,fx_splash,shared_effect,0,Activity/reaction feedback,on,8@12fps,none,"bottom-centre (24,32)",shared world kit,none,P0,planned,"Separate layers; render at integer 4x; z95 effects, z110 bubbles."
shared,Shared world / keeper kit,shared,world layers / explicit anchors,False,8x16,renderer,all spaces,none,fx_rain,shared_effect,0,Activity/reaction feedback,on,4@10fps,none,"bottom-centre (4,16)",shared world kit,none,P0,planned,"Separate layers; render at integer 4x; z95 effects, z110 bubbles."
shared,Shared world / keeper kit,shared,world layers / explicit anchors,False,8x16,renderer,all spaces,none,fx_snow,shared_effect,0,Activity/reaction feedback,on,4@8fps,none,"bottom-centre (4,16)",shared world kit,none,P0,planned,"Separate layers; render at integer 4x; z95 effects, z110 bubbles."
shared,Shared world / keeper kit,shared,world layers / explicit anchors,False,16x16,renderer,all spaces,none,fx_lightning,shared_effect,0,Activity/reaction feedback,on,4@12fps,none,"bottom-centre (8,16)",shared world kit,none,P0,planned,"Separate layers; render at integer 4x; z95 effects, z110 bubbles."
shared,Shared world / keeper kit,shared,world layers / explicit anchors,False,16x16,renderer,all spaces,none,fx_dust,shared_effect,0,Activity/reaction feedback,on,6@8fps,none,"bottom-centre (8,16)",shared world kit,none,P0,planned,"Separate layers; render at integer 4x; z95 effects, z110 bubbles."
shared,Shared world / keeper kit,shared,world layers / explicit anchors,False,16x16,renderer,all spaces,none,fx_stink,shared_effect,0,Activity/reaction feedback,on,6@8fps,none,"bottom-centre (8,16)",shared world kit,none,P0,planned,"Separate layers; render at integer 4x; z95 effects, z110 bubbles."
shared,Shared world / keeper kit,shared,world layers / explicit anchors,False,12x12,renderer,all spaces,none,fx_heart,shared_effect,0,Activity/reaction feedback,on,4@8fps,none,"bottom-centre (6,12)",shared world kit,none,P0,planned,"Separate layers; render at integer 4x; z95 effects, z110 bubbles."
shared,Shared world / keeper kit,shared,world layers / explicit anchors,False,12x12,renderer,all spaces,none,fx_coin,shared_effect,0,Activity/reaction feedback,on,4@8fps,none,"bottom-centre (6,12)",shared world kit,none,P0,planned,"Separate layers; render at integer 4x; z95 effects, z110 bubbles."
shared,Shared world / keeper kit,shared,world layers / explicit anchors,False,64x35,renderer,all spaces,none,fx_lamp_beam,shared_effect,0,Activity/reaction feedback,on,4@6fps,none,"bottom-centre (32,35)",shared world kit,none,P0,planned,"Separate layers; render at integer 4x; z95 effects, z110 bubbles."
shared,Shared world / keeper kit,shared,world layers / explicit anchors,False,36x20,renderer,all spaces,none,bubble_speech,shared_effect,0,Activity/reaction feedback,on,4@6fps,none,"bottom-centre (18,20)",shared world kit,none,P0,planned,"Separate layers; render at integer 4x; z95 effects, z110 bubbles."
shared,Shared world / keeper kit,shared,world layers / explicit anchors,False,36x20,renderer,all spaces,none,bubble_thought,shared_effect,0,Activity/reaction feedback,on,4@6fps,none,"bottom-centre (18,20)",shared world kit,none,P0,planned,"Separate layers; render at integer 4x; z95 effects, z110 bubbles."
shared,Shared world / keeper kit,shared,world layers / explicit anchors,False,20x20,renderer,all spaces,none,bubble_alert,shared_effect,0,Activity/reaction feedback,on,4@8fps,none,"bottom-centre (10,20)",shared world kit,none,P0,planned,"Separate layers; render at integer 4x; z95 effects, z110 bubbles."
shared,Shared world / keeper kit,shared,world layers / explicit anchors,False,110x35,renderer,all spaces,none,tower_base,world_layer,0,Reusable modular world layer,standard,1,none,top-left; façade seam aligns band,world palette; stripes from world Y,none,P0,planned,No concept slicing; no cave cues in day-one ground; retain day/night tint layers.
shared,Shared world / keeper kit,shared,world layers / explicit anchors,False,110x35,renderer,all spaces,none,tower_lamproom,world_layer,0,Reusable modular world layer,standard,1,none,top-left; façade seam aligns band,world palette; stripes from world Y,none,P0,planned,No concept slicing; no cave cues in day-one ground; retain day/night tint layers.
shared,Shared world / keeper kit,shared,world layers / explicit anchors,False,110x20,renderer,all spaces,none,tower_roof,world_layer,0,Reusable modular world layer,standard,1,none,top-left; façade seam aligns band,world palette; stripes from world Y,none,P0,planned,No concept slicing; no cave cues in day-one ground; retain day/night tint layers.
shared,Shared world / keeper kit,shared,world layers / explicit anchors,False,300x30,renderer,all spaces,none,ground_strip,world_layer,0,Reusable modular world layer,standard,1,none,top-left; façade seam aligns band,world palette; stripes from world Y,none,P0,planned,No concept slicing; no cave cues in day-one ground; retain day/night tint layers.
shared,Shared world / keeper kit,shared,world layers / explicit anchors,False,110x8,renderer,all spaces,none,tower_stripe_red,world_layer,0,Reusable modular world layer,standard,1,none,top-left; façade seam aligns band,world palette; stripes from world Y,none,P0,delivered-existing,No concept slicing; no cave cues in day-one ground; retain day/night tint layers.
shared,Shared world / keeper kit,shared,world layers / explicit anchors,False,110x8,renderer,all spaces,none,tower_stripe_white,world_layer,0,Reusable modular world layer,standard,1,none,top-left; façade seam aligns band,world palette; stripes from world Y,none,P0,delivered-existing,No concept slicing; no cave cues in day-one ground; retain day/night tint layers.
shared,Shared world / keeper kit,shared,world layers / explicit anchors,False,300x190,renderer,all spaces,none,bg_sky,world_layer,0,Reusable modular world layer,standard,1,none,top-left; façade seam aligns band,world palette; stripes from world Y,none,P0,planned,No concept slicing; no cave cues in day-one ground; retain day/night tint layers.
shared,Shared world / keeper kit,shared,world layers / explicit anchors,False,300x190,renderer,all spaces,none,bg_clouds,world_layer,0,Reusable modular world layer,standard,1,none,top-left; façade seam aligns band,world palette; stripes from world Y,none,P0,planned,No concept slicing; no cave cues in day-one ground; retain day/night tint layers.
shared,Shared world / keeper kit,shared,world layers / explicit anchors,False,300x50,renderer,all spaces,none,bg_distant_village,world_layer,0,Reusable modular world layer,standard,1,none,top-left; façade seam aligns band,world palette; stripes from world Y,none,P0,planned,No concept slicing; no cave cues in day-one ground; retain day/night tint layers.
shared,Shared world / keeper kit,shared,world layers / explicit anchors,False,300x80,renderer,all spaces,none,bg_sea,world_layer,0,Reusable modular world layer,standard,1,none,top-left; façade seam aligns band,world palette; stripes from world Y,none,P0,planned,No concept slicing; no cave cues in day-one ground; retain day/night tint layers.
shared,Shared world / keeper kit,shared,world layers / explicit anchors,False,300x70,renderer,all spaces,none,bg_island_back,world_layer,0,Reusable modular world layer,standard,1,none,top-left; façade seam aligns band,world palette; stripes from world Y,none,P0,planned,No concept slicing; no cave cues in day-one ground; retain day/night tint layers.
shared,Shared world / keeper kit,shared,world layers / explicit anchors,False,110x35,renderer,all spaces,none,bg_lighthouse_shell,world_layer,0,Reusable modular world layer,standard,1,none,top-left; façade seam aligns band,world palette; stripes from world Y,none,P0,planned,No concept slicing; no cave cues in day-one ground; retain day/night tint layers.
shared,Shared world / keeper kit,shared,world layers / explicit anchors,False,300x70,renderer,all spaces,none,bg_terrain,world_layer,0,Reusable modular world layer,standard,1,none,top-left; façade seam aligns band,world palette; stripes from world Y,none,P0,planned,No concept slicing; no cave cues in day-one ground; retain day/night tint layers.
shared,Shared world / keeper kit,shared,world layers / explicit anchors,False,300x30,renderer,all spaces,none,bg_foreground,world_layer,0,Reusable modular world layer,standard,1,none,top-left; façade seam aligns band,world palette; stripes from world Y,none,P0,planned,No concept slicing; no cave cues in day-one ground; retain day/night tint layers.
shared,Shared world / keeper kit,shared,world layers / explicit anchors,False,55x35,renderer,all spaces,none,facade_left,world_layer,0,Reusable modular world layer,standard;on,4@8fps,none,top-left; façade seam aligns band,world palette; stripes from world Y,none,P0,planned,No concept slicing; no cave cues in day-one ground; retain day/night tint layers.
shared,Shared world / keeper kit,shared,world layers / explicit anchors,False,55x35,renderer,all spaces,none,facade_right,world_layer,0,Reusable modular world layer,standard;on,4@8fps,none,top-left; façade seam aligns band,world palette; stripes from world Y,none,P0,planned,No concept slicing; no cave cues in day-one ground; retain day/night tint layers.
shared,Shared world / keeper kit,shared,world layers / explicit anchors,False,32x16,renderer,all spaces,none,island_heal_soil,world_layer,0,Reusable modular world layer,standard;on,4@8fps,none,top-left; façade seam aligns band,world palette; stripes from world Y,none,P0,planned,No concept slicing; no cave cues in day-one ground; retain day/night tint layers.
shared,Shared world / keeper kit,shared,world layers / explicit anchors,False,32x32,renderer,all spaces,none,island_split_rock,world_layer,0,Reusable modular world layer,standard;on,4@8fps,none,top-left; façade seam aligns band,world palette; stripes from world Y,none,P0,planned,No concept slicing; no cave cues in day-one ground; retain day/night tint layers.
shared,Shared world / keeper kit,shared,world layers / explicit anchors,False,12x12,renderer,all spaces,none,prop_pan,keeper_prop_or_outfit,1,One functional held prop/outfit; no cosmetic tiers,standard;on,1; on 4@8fps if moving,reach_use,explicit wrist pivot; outfits on 32x40 master,shared keeper,not item machinery; no random fault,P0,planned,"Oilskins expand comfort, rescue gear expands safe emergency actions; cannot override hard lightning/sea restrictions."
shared,Shared world / keeper kit,shared,world layers / explicit anchors,False,12x12,renderer,all spaces,none,prop_toothbrush,keeper_prop_or_outfit,1,One functional held prop/outfit; no cosmetic tiers,standard;on,1; on 4@8fps if moving,reach_use,explicit wrist pivot; outfits on 32x40 master,shared keeper,not item machinery; no random fault,P0,planned,"Oilskins expand comfort, rescue gear expands safe emergency actions; cannot override hard lightning/sea restrictions."
shared,Shared world / keeper kit,shared,world layers / explicit anchors,False,12x12,renderer,all spaces,none,prop_book,keeper_prop_or_outfit,1,One functional held prop/outfit; no cosmetic tiers,standard;on,1; on 4@8fps if moving,reach_use,explicit wrist pivot; outfits on 32x40 master,shared keeper,not item machinery; no random fault,P0,planned,"Oilskins expand comfort, rescue gear expands safe emergency actions; cannot override hard lightning/sea restrictions."
shared,Shared world / keeper kit,shared,world layers / explicit anchors,False,12x12,renderer,all spaces,none,prop_phone,keeper_prop_or_outfit,1,One functional held prop/outfit; no cosmetic tiers,standard;on,1; on 4@8fps if moving,reach_use,explicit wrist pivot; outfits on 32x40 master,shared keeper,not item machinery; no random fault,P0,planned,"Oilskins expand comfort, rescue gear expands safe emergency actions; cannot override hard lightning/sea restrictions."
shared,Shared world / keeper kit,shared,world layers / explicit anchors,False,12x12,renderer,all spaces,none,prop_rod,keeper_prop_or_outfit,1,One functional held prop/outfit; no cosmetic tiers,standard;on,1; on 4@8fps if moving,reach_use,explicit wrist pivot; outfits on 32x40 master,shared keeper,not item machinery; no random fault,P0,planned,"Oilskins expand comfort, rescue gear expands safe emergency actions; cannot override hard lightning/sea restrictions."
shared,Shared world / keeper kit,shared,world layers / explicit anchors,False,12x12,renderer,all spaces,none,prop_cup,keeper_prop_or_outfit,1,One functional held prop/outfit; no cosmetic tiers,standard;on,1; on 4@8fps if moving,reach_use,explicit wrist pivot; outfits on 32x40 master,shared keeper,not item machinery; no random fault,P0,planned,"Oilskins expand comfort, rescue gear expands safe emergency actions; cannot override hard lightning/sea restrictions."
shared,Shared world / keeper kit,shared,world layers / explicit anchors,False,12x12,renderer,all spaces,none,prop_repair_tool,keeper_prop_or_outfit,1,One functional held prop/outfit; no cosmetic tiers,standard;on,1; on 4@8fps if moving,reach_use,explicit wrist pivot; outfits on 32x40 master,shared keeper,not item machinery; no random fault,P0,planned,"Oilskins expand comfort, rescue gear expands safe emergency actions; cannot override hard lightning/sea restrictions."
shared,Shared world / keeper kit,shared,world layers / explicit anchors,False,32x40,renderer,all spaces,none,prop_oilskins,keeper_prop_or_outfit,1,One functional held prop/outfit; no cosmetic tiers,standard;on,1; on 4@8fps if moving,reach_use,explicit wrist pivot; outfits on 32x40 master,shared keeper,not item machinery; no random fault,P0,planned,"Oilskins expand comfort, rescue gear expands safe emergency actions; cannot override hard lightning/sea restrictions."
shared,Shared world / keeper kit,shared,world layers / explicit anchors,False,32x40,renderer,all spaces,none,prop_warmcoat,keeper_prop_or_outfit,1,One functional held prop/outfit; no cosmetic tiers,standard;on,1; on 4@8fps if moving,reach_use,explicit wrist pivot; outfits on 32x40 master,shared keeper,not item machinery; no random fault,P0,planned,"Oilskins expand comfort, rescue gear expands safe emergency actions; cannot override hard lightning/sea restrictions."
shared,Shared world / keeper kit,shared,world layers / explicit anchors,False,12x12,renderer,all spaces,none,prop_rescuegear,keeper_prop_or_outfit,1,One functional held prop/outfit; no cosmetic tiers,standard;on,1; on 4@8fps if moving,reach_use,explicit wrist pivot; outfits on 32x40 master,shared keeper,not item machinery; no random fault,P0,planned,"Oilskins expand comfort, rescue gear expands safe emergency actions; cannot override hard lightning/sea restrictions."
shared,Shared world / keeper kit,shared,world layers / explicit anchors,False,32x40,renderer,all spaces,none,prop_diveoutfit,keeper_prop_or_outfit,1,One functional held prop/outfit; no cosmetic tiers,standard;on,1; on 4@8fps if moving,reach_use,explicit wrist pivot; outfits on 32x40 master,shared keeper,not item machinery; no random fault,P0,planned,"Oilskins expand comfort, rescue gear expands safe emergency actions; cannot override hard lightning/sea restrictions."
shared,Shared world / keeper kit,shared,world layers / explicit anchors,False,32x40,renderer,all spaces,none,prop_spacesuit,keeper_prop_or_outfit,1,One functional held prop/outfit; no cosmetic tiers,standard;on,1; on 4@8fps if moving,reach_use,explicit wrist pivot; outfits on 32x40 master,shared keeper,not item machinery; no random fault,P0,planned,"Oilskins expand comfort, rescue gear expands safe emergency actions; cannot override hard lightning/sea restrictions."
shared,Shared world / keeper kit,shared,world layers / explicit anchors,False,12x12,renderer,all spaces,none,prop_parachute,keeper_prop_or_outfit,1,One functional held prop/outfit; no cosmetic tiers,standard;on,1; on 4@8fps if moving,reach_use,explicit wrist pivot; outfits on 32x40 master,shared keeper,not item machinery; no random fault,P0,planned,"Oilskins expand comfort, rescue gear expands safe emergency actions; cannot override hard lightning/sea restrictions."
shared,Shared world / keeper kit,shared,world layers / explicit anchors,False,24x16,renderer,all spaces,none,npc_cat_idle,npc_or_spotting_target,0,Activity/spotting/visitor content,standard;on,1; on 4@8fps,none,"bottom-centre (12,16)",shared NPC family,not keeper machinery,P0,planned,Separate originals; do not reuse rejected style_a blocky art.
shared,Shared world / keeper kit,shared,world layers / explicit anchors,False,24x16,renderer,all spaces,none,npc_cat_walk,npc_or_spotting_target,0,Activity/spotting/visitor content,standard;on,1; on 8@8fps,none,"bottom-centre (12,16)",shared NPC family,not keeper machinery,P0,planned,Separate originals; do not reuse rejected style_a blocky art.
shared,Shared world / keeper kit,shared,world layers / explicit anchors,False,22x32,renderer,all spaces,none,npc_visitor,npc_or_spotting_target,0,Activity/spotting/visitor content,standard;on,1; on 4@8fps,none,"bottom-centre (11,32)",shared NPC family,not keeper machinery,P0,planned,Separate originals; do not reuse rejected style_a blocky art.
shared,Shared world / keeper kit,shared,world layers / explicit anchors,False,16x12,renderer,all spaces,none,npc_seagull,npc_or_spotting_target,0,Activity/spotting/visitor content,standard;on,1; on 4@8fps,none,"bottom-centre (8,12)",shared NPC family,not keeper machinery,P0,planned,Separate originals; do not reuse rejected style_a blocky art.
shared,Shared world / keeper kit,shared,world layers / explicit anchors,False,48x24,renderer,all spaces,none,npc_ship,npc_or_spotting_target,0,Activity/spotting/visitor content,standard;on,1; on 4@8fps,none,"bottom-centre (24,24)",shared NPC family,not keeper machinery,P0,planned,Separate originals; do not reuse rejected style_a blocky art.
shared,Shared world / keeper kit,shared,world layers / explicit anchors,False,32x16,renderer,all spaces,none,npc_whale,npc_or_spotting_target,0,Activity/spotting/visitor content,standard;on,1; on 4@8fps,none,"bottom-centre (16,16)",shared NPC family,not keeper machinery,P0,planned,Separate originals; do not reuse rejected style_a blocky art.
shared,Shared world / keeper kit,shared,world layers / explicit anchors,False,48x24,renderer,all spaces,none,npc_pirate_ship,npc_or_spotting_target,0,Activity/spotting/visitor content,standard;on,1; on 4@8fps,none,"bottom-centre (24,24)",shared NPC family,not keeper machinery,P0,planned,Separate originals; do not reuse rejected style_a blocky art.
shared,Shared world / keeper kit,shared,world layers / explicit anchors,False,32x40,renderer,all spaces,none,keeper_eat,keeper_clip,0,Reusable reaction or activity,on,6@8fps,eat,"floor (16,40)",shared keeper,none,P0,planned,Aligned 32x40 frames; hand-drawn rotations only.
shared,Shared world / keeper kit,shared,world layers / explicit anchors,False,32x40,renderer,all spaces,none,keeper_brush_teeth_back,keeper_clip,0,Reusable reaction or activity,on,8@8fps,brush_teeth_back,"floor (16,40)",shared keeper,none,P0,delivered-review,Aligned 32x40 frames; hand-drawn rotations only.
shared,Shared world / keeper kit,shared,world layers / explicit anchors,False,32x40,renderer,all spaces,none,keeper_watch_movie,keeper_clip,0,Reusable reaction or activity,on,8@6fps,watch_movie,"floor (16,40)",shared keeper,none,P0,delivered-review,Aligned 32x40 frames; hand-drawn rotations only.
shared,Shared world / keeper kit,shared,world layers / explicit anchors,False,32x40,renderer,all spaces,none,keeper_wave_camera,keeper_clip,0,Reusable reaction or activity,on,8@8fps,wave_camera,"floor (16,40)",shared keeper,none,P0,delivered-review,Aligned 32x40 frames; hand-drawn rotations only.
shared,Shared world / keeper kit,shared,world layers / explicit anchors,False,32x40,renderer,all spaces,none,keeper_yawn,keeper_clip,0,Reusable reaction or activity,on,8@8fps,yawn,"floor (16,40)",shared keeper,none,P0,delivered-review,Aligned 32x40 frames; hand-drawn rotations only.
shared,Shared world / keeper kit,shared,world layers / explicit anchors,False,32x40,renderer,all spaces,none,keeper_pyjamas_walk,keeper_clip,0,Reusable reaction or activity,on,8@10fps,pyjamas_walk,"floor (16,40)",shared keeper,none,P0,delivered-review,Aligned 32x40 frames; hand-drawn rotations only.
shared,Shared world / keeper kit,shared,world layers / explicit anchors,False,32x40,renderer,all spaces,none,keeper_pyjamas_turn_back,keeper_clip,0,Reusable reaction or activity,on,6@8fps,pyjamas_turn_back,"floor (16,40)",shared keeper,none,P0,delivered-review,Aligned 32x40 frames; hand-drawn rotations only.
shared,Shared world / keeper kit,shared,world layers / explicit anchors,False,32x40,renderer,all spaces,none,keeper_get_into_bed,keeper_clip,0,Reusable reaction or activity,on,8@8fps,get_into_bed,"floor (16,40)",shared keeper,none,P0,delivered-review,Aligned 32x40 frames; hand-drawn rotations only.
shared,Shared world / keeper kit,shared,world layers / explicit anchors,False,32x40,renderer,all spaces,none,keeper_pyjamas_snore,keeper_clip,0,Reusable reaction or activity,on,6@4fps,pyjamas_snore,"floor (16,40)",shared keeper,none,P0,delivered-review,Aligned 32x40 frames; hand-drawn rotations only.
shared,Shared world / keeper kit,shared,world layers / explicit anchors,False,32x40,renderer,all spaces,none,keeper_swim_costume_horizontal,keeper_clip,0,Reusable reaction or activity,on,8@8fps,swim_costume_horizontal,"floor (16,40)",shared keeper,none,P0,delivered-review,Aligned 32x40 frames; hand-drawn rotations only.
shared,Shared world / keeper kit,shared,world layers / explicit anchors,False,32x40,renderer,all spaces,none,keeper_swim_costume_up,keeper_clip,0,Reusable reaction or activity,on,8@8fps,swim_costume_up,"floor (16,40)",shared keeper,none,P0,delivered-review,Aligned 32x40 frames; hand-drawn rotations only.
shared,Shared world / keeper kit,shared,world layers / explicit anchors,False,32x40,renderer,all spaces,none,keeper_swim_costume_down,keeper_clip,0,Reusable reaction or activity,on,8@8fps,swim_costume_down,"floor (16,40)",shared keeper,none,P0,delivered-review,Aligned 32x40 frames; hand-drawn rotations only.
shared,Shared world / keeper kit,shared,world layers / explicit anchors,False,32x40,renderer,all spaces,none,keeper_scuba_swim_horizontal,keeper_clip,0,Reusable reaction or activity,on,8@8fps,scuba_swim_horizontal,"floor (16,40)",shared keeper,none,P0,delivered-review,Aligned 32x40 frames; hand-drawn rotations only.
shared,Shared world / keeper kit,shared,world layers / explicit anchors,False,32x40,renderer,all spaces,none,keeper_scuba_swim_up,keeper_clip,0,Reusable reaction or activity,on,8@8fps,scuba_swim_up,"floor (16,40)",shared keeper,none,P0,delivered-review,Aligned 32x40 frames; hand-drawn rotations only.
shared,Shared world / keeper kit,shared,world layers / explicit anchors,False,32x40,renderer,all spaces,none,keeper_scuba_swim_down,keeper_clip,0,Reusable reaction or activity,on,8@8fps,scuba_swim_down,"floor (16,40)",shared keeper,none,P0,delivered-review,Aligned 32x40 frames; hand-drawn rotations only.
shared,Shared world / keeper kit,shared,world layers / explicit anchors,False,32x40,renderer,all spaces,none,keeper_party_idle,keeper_clip,0,Reusable reaction or activity,on,4@6fps,party_idle,"floor (16,40)",shared keeper,none,P0,delivered-review,Aligned 32x40 frames; hand-drawn rotations only.
shared,Shared world / keeper kit,shared,world layers / explicit anchors,False,32x40,renderer,all spaces,none,keeper_party_walk,keeper_clip,0,Reusable reaction or activity,on,8@10fps,party_walk,"floor (16,40)",shared keeper,none,P0,delivered-review,Aligned 32x40 frames; hand-drawn rotations only.
shared,Shared world / keeper kit,shared,world layers / explicit anchors,False,32x40,renderer,all spaces,none,keeper_party_turn_back,keeper_clip,0,Reusable reaction or activity,on,6@8fps,party_turn_back,"floor (16,40)",shared keeper,none,P0,delivered-review,Aligned 32x40 frames; hand-drawn rotations only.
shared,Shared world / keeper kit,shared,world layers / explicit anchors,False,32x40,renderer,all spaces,none,keeper_souwester_walk_side,keeper_clip,0,Reusable reaction or activity,on,8@10fps,souwester_walk_side,"floor (16,40)",shared keeper,none,P0,delivered-review,Aligned 32x40 frames; hand-drawn rotations only.
shared,Shared world / keeper kit,shared,world layers / explicit anchors,False,32x40,renderer,all spaces,none,keeper_souwester_walk_back,keeper_clip,0,Reusable reaction or activity,on,8@10fps,souwester_walk_back,"floor (16,40)",shared keeper,none,P0,delivered-review,Aligned 32x40 frames; hand-drawn rotations only.
shared,Shared world / keeper kit,shared,world layers / explicit anchors,False,32x40,renderer,all spaces,none,keeper_souwester_walk_front,keeper_clip,0,Reusable reaction or activity,on,8@10fps,souwester_walk_front,"floor (16,40)",shared keeper,none,P0,delivered-review,Aligned 32x40 frames; hand-drawn rotations only.
shared,Shared world / keeper kit,shared,world layers / explicit anchors,False,32x40,renderer,all spaces,none,keeper_play_guitar,keeper_clip,0,Reusable reaction or activity,on,8@10fps,play_guitar,"floor (16,40)",shared keeper,none,P0,delivered-review,Aligned 32x40 frames; hand-drawn rotations only.
shared,Shared world / keeper kit,shared,world layers / explicit anchors,False,32x40,renderer,all spaces,none,keeper_play_drums_front,keeper_clip,0,Reusable reaction or activity,on,8@10fps,play_drums_front,"floor (16,40)",shared keeper,none,P0,delivered-review,Aligned 32x40 frames; hand-drawn rotations only.
shared,Shared world / keeper kit,shared,world layers / explicit anchors,False,32x40,renderer,all spaces,none,keeper_play_drums_back,keeper_clip,0,Reusable reaction or activity,on,8@10fps,play_drums_back,"floor (16,40)",shared keeper,none,P0,delivered-review,Aligned 32x40 frames; hand-drawn rotations only.
shared,Shared world / keeper kit,shared,world layers / explicit anchors,False,32x40,renderer,all spaces,none,keeper_clear_snow,keeper_clip,0,Reusable reaction or activity,on,8@8fps,clear_snow,"floor (16,40)",shared keeper,none,P0,delivered-review,Aligned 32x40 frames; hand-drawn rotations only.
shared,Shared world / keeper kit,shared,world layers / explicit anchors,False,32x40,renderer,all spaces,none,keeper_crouch_work_back,keeper_clip,0,Reusable reaction or activity,on,8@8fps,crouch_work_back,"floor (16,40)",shared keeper,none,P0,delivered-review,Aligned 32x40 frames; hand-drawn rotations only.
shared,Shared world / keeper kit,shared,world layers / explicit anchors,False,32x40,renderer,all spaces,none,keeper_cake_from_oven_back,keeper_clip,0,Reusable reaction or activity,on,8@8fps,cake_from_oven_back,"floor (16,40)",shared keeper,none,P0,delivered-review,Aligned 32x40 frames; hand-drawn rotations only.
shared,Shared world / keeper kit,shared,world layers / explicit anchors,False,32x40,renderer,all spaces,none,keeper_cake_turn_right,keeper_clip,0,Reusable reaction or activity,on,6@8fps,cake_turn_right,"floor (16,40)",shared keeper,none,P0,delivered-review,Aligned 32x40 frames; hand-drawn rotations only.
shared,Shared world / keeper kit,shared,world layers / explicit anchors,False,32x40,renderer,all spaces,none,keeper_weld,keeper_clip,0,Reusable reaction or activity,on,8@8fps,weld,"floor (16,40)",shared keeper,none,P0,delivered-review,Aligned 32x40 frames; hand-drawn rotations only.
shared,Shared world / keeper kit,shared,world layers / explicit anchors,False,32x40,renderer,all spaces,none,keeper_saw_wood,keeper_clip,0,Reusable reaction or activity,on,8@8fps,saw_wood,"floor (16,40)",shared keeper,none,P0,delivered-review,Aligned 32x40 frames; hand-drawn rotations only.
shared,Shared world / keeper kit,shared,world layers / explicit anchors,False,32x40,renderer,all spaces,none,keeper_dance,keeper_clip,0,Reusable reaction or activity,on,8@10fps,dance,"floor (16,40)",shared keeper,none,P0,delivered-review,Aligned 32x40 frames; hand-drawn rotations only.
shared,Shared world / keeper kit,shared,world layers / explicit anchors,False,32x40,renderer,all spaces,none,keeper_jump,keeper_clip,0,Reusable reaction or activity,on,6@12fps,jump,"floor (16,40)",shared keeper,none,P0,planned,Aligned 32x40 frames; hand-drawn rotations only.
shared,Shared world / keeper kit,shared,world layers / explicit anchors,False,32x40,renderer,all spaces,none,keeper_spin,keeper_clip,0,Reusable reaction or activity,on,6@12fps,spin,"floor (16,40)",shared keeper,none,P0,planned,Aligned 32x40 frames; hand-drawn rotations only.
shared,Shared world / keeper kit,shared,world layers / explicit anchors,False,32x40,renderer,all spaces,none,keeper_shake,keeper_clip,0,Reusable reaction or activity,on,4@12fps,shake,"floor (16,40)",shared keeper,none,P0,planned,Aligned 32x40 frames; hand-drawn rotations only.
shared,Shared world / keeper kit,shared,world layers / explicit anchors,False,32x40,renderer,all spaces,none,keeper_robot_walk,keeper_clip,0,Reusable reaction or activity,on,8@8fps,robot_walk,"floor (16,40)",shared keeper,none,P0,planned,Aligned 32x40 frames; hand-drawn rotations only.
shared,Shared world / keeper kit,shared,world layers / explicit anchors,False,32x40,renderer,all spaces,none,keeper_headstand,keeper_clip,0,Reusable reaction or activity,on,6@10fps,headstand,"floor (16,40)",shared keeper,none,P0,planned,Aligned 32x40 frames; hand-drawn rotations only.
shared,Shared world / keeper kit,shared,world layers / explicit anchors,False,32x40,renderer,all spaces,none,keeper_cry,keeper_clip,0,Reusable reaction or activity,on,4@6fps,cry,"floor (16,40)",shared keeper,none,P0,planned,Aligned 32x40 frames; hand-drawn rotations only.
shared,Shared world / keeper kit,shared,world layers / explicit anchors,False,32x40,renderer,all spaces,none,keeper_laugh,keeper_clip,0,Reusable reaction or activity,on,4@8fps,laugh,"floor (16,40)",shared keeper,none,P0,planned,Aligned 32x40 frames; hand-drawn rotations only.
shared,Shared world / keeper kit,shared,world layers / explicit anchors,False,32x40,renderer,all spaces,none,keeper_hide,keeper_clip,0,Reusable reaction or activity,on,5@8fps,hide,"floor (16,40)",shared keeper,none,P0,planned,Aligned 32x40 frames; hand-drawn rotations only.
shared,Shared world / keeper kit,shared,world layers / explicit anchors,False,32x40,renderer,all spaces,none,keeper_bodily_gag,keeper_clip,0,Reusable reaction or activity,on,3@12fps,bodily_gag,"floor (16,40)",shared keeper,none,P0,planned,Aligned 32x40 frames; hand-drawn rotations only.
